Steps,Policy/Extrinsic Value Estimate,Policy/Entropy,Policy/Learning Rate,Environment/Cumulative Reward,Environment/Episode Length,Policy/Extrinsic Reward
60000,-0.024064802,2.1968505,0.00029658587,-42.193324563132286,4961.0,-42.58350693956017
65000,-0.0151779745,2.1968234,0.00029626107,None,None,-40.24241412803531
70000,-0.024502523,2.1968336,0.00029593846,None,None,None
75000,-0.019448355,2.196827,0.000295662,None,None,None
80000,-0.03856816,2.1968424,0.00029533947,None,None,None
85000,-0.0392452,2.1963472,0.00029501691,None,None,None
90000,-0.07129996,2.196166,0.0002947404,None,None,None
95000,-0.08826663,2.1961546,0.00029446394,None,None,None
100000,-0.12707534,2.196123,0.00029414138,None,None,None
105000,-0.14821982,2.1961026,0.0002938188,None,None,None
110000,-0.103047945,2.1961312,0.00029354234,None,None,None
115000,-0.16503683,2.1961892,0.00029326582,None,None,None
120000,-0.1379108,2.1961608,0.00029298518,-35.77887957306424,4961.0,-36.2602970837098
125000,-0.10794047,2.1957376,0.00029266032,None,None,-34.334626972054444
130000,-0.20370561,2.1950858,0.00029233776,None,None,None
135000,-0.26999554,2.1950455,0.00029206133,None,None,None
140000,-0.28970188,2.1950195,0.00029173872,None,None,None
145000,-0.15326366,2.1949022,0.0002914162,None,None,None
150000,-0.16827364,2.1949737,0.0002911397,None,None,None
155000,-0.21004026,2.1949315,0.00029086322,None,None,None
160000,-0.17165406,2.1948712,0.00029054063,None,None,None
165000,-0.14546426,2.194865,0.00029021807,None,None,None
170000,-0.23871373,2.1927097,0.00028994164,None,None,None
175000,-0.12339516,2.192464,0.00028966513,None,None,None
180000,-0.20679149,2.1924796,0.00028938445,-48.82972781860735,4961.0,-35.04353515324848
185000,-0.23307623,2.1927059,0.00028905965,None,None,-68.13039781861008
190000,-0.15633997,2.1925812,0.00028873704,None,None,None
195000,-0.23650493,2.1925745,0.0002884606,None,None,None
200000,-0.0871902,2.1926198,0.00028818412,None,None,None
205000,-0.19501868,2.1927254,0.00028786153,None,None,None
210000,-0.22423653,2.1934726,0.00028753898,None,None,None
215000,-0.13276383,2.194302,0.0002872625,None,None,None
220000,-0.1284367,2.1938465,0.00028693996,None,None,None
225000,-0.35866377,2.1939898,0.00028661735,None,None,None
230000,-0.48352912,2.1939142,0.00028634092,None,None,None
235000,-0.5465392,2.1935086,0.00028606443,None,None,None
240000,-0.2955199,2.1934645,0.00028578372,-41.12309932844558,4961.0,-49.10674656306704
245000,-0.23312244,2.1938426,0.0002854589,None,None,-33.13945243010918
250000,-0.15933695,2.1934938,0.0002851363,None,None,None
255000,-0.17108767,2.1934195,0.00028485988,None,None,None
260000,-0.17794867,2.1930368,0.00028458334,None,None,None
265000,-0.2853233,2.1927984,0.00028426084,None,None,None
270000,-0.4678057,2.1923738,0.00028393828,None,None,None
275000,-0.34082165,2.1929102,0.00028366176,None,None,None
280000,-0.2743333,2.192715,0.00028333924,None,None,None
285000,-0.20913236,2.1921291,0.00028301668,None,None,None
290000,-0.423387,2.1930566,0.0002827402,None,None,None
295000,-0.51020664,2.1923356,0.00028246368,None,None,None
300000,-0.17258279,2.1931343,0.00028218303,-34.38735772539318,4961.0,-25.840265065431595
305000,-0.06524214,2.1927042,0.0002818582,None,None,-40.49242344445416
310000,-0.062140398,2.1929905,0.00028153558,None,None,None
315000,-0.1807724,2.1923387,0.00028125916,None,None,None
320000,-0.095848,2.1928797,0.00028098267,None,None,None
325000,-0.3053369,2.1931336,0.00028066008,None,None,None
330000,-0.22116333,2.1927586,0.00028033755,None,None,None
335000,-0.15180744,2.1895359,0.00028006104,None,None,None
340000,0.008475861,2.1903708,0.00027973854,None,None,None
345000,-0.016203508,2.1917806,0.00027941592,None,None,None
350000,-0.22206356,2.189342,0.00027913947,None,None,None
355000,-0.25875264,2.190256,0.00027886298,None,None,None
360000,-0.09493813,2.1908352,0.0002785823,-11.576799034179809,4961.0,-33.715468315407634
365000,-0.049814377,2.1894722,0.00027825747,None,None,-4.19724265506698
370000,-0.20161678,2.1908238,0.00027793492,None,None,None
375000,-0.057835195,2.1910288,0.00027765843,None,None,None
380000,-0.18539491,2.1870117,0.0002773819,None,None,None
385000,-0.1890475,2.1872065,0.00027705936,None,None,None
390000,0.029211396,2.1878347,0.00027673686,None,None,None
395000,-0.18631633,2.1858776,0.00027646034,None,None,None
400000,-0.043770324,2.1857123,0.00027618386,None,None,None
405000,0.0143184755,2.1892626,0.0002758613,None,None,None
410000,0.139045,2.1893766,0.00027553877,None,None,None
415000,0.07073898,2.1852074,0.00027526225,None,None,None
420000,0.121125035,2.1823592,0.00027498155,-4.288702508046602,4961.0,-59.749010076746345
425000,0.12937824,2.1881902,0.00027465678,None,None,6.803358940407634
430000,0.021841694,2.1888285,0.00027433416,None,None,None
435000,0.062396638,2.1883037,0.0002740577,None,None,None
440000,-0.017810142,2.1878157,0.00027378122,None,None,None
445000,-0.28297013,2.184456,0.00027345866,None,None,None
450000,-0.25322542,2.185752,0.0002731361,None,None,None
455000,-0.2871848,2.1855128,0.00027285962,None,None,None
460000,-0.1994452,2.184352,0.00027258316,None,None,None
465000,-0.13902229,2.1814954,0.00027226054,None,None,None
470000,-0.038654175,2.180852,0.00027193804,None,None,None
475000,-0.26705462,2.1830118,0.00027166153,None,None,None
480000,-0.22102232,2.1794345,0.00027138085,-8.217039298110953,4961.0,23.79555180668831
485000,-0.30142194,2.181281,0.00027105602,None,None,-11.1272748994895
490000,-0.3184103,2.181953,0.00027073346,None,None,None
495000,-0.3139344,2.1846857,0.00027045698,None,None,None
500000,-0.44288737,2.1826477,0.0002701805,None,None,None
505000,-0.41559297,2.1760957,0.00026985796,None,None,None
510000,-0.19143973,2.1767426,0.0002695354,None,None,None
515000,-0.26938847,2.1747255,0.0002692589,None,None,None
520000,-0.17789863,2.1701922,0.00026898243,None,None,None
525000,-0.10071207,2.1754434,0.00026865985,None,None,None
530000,-0.12270904,2.1669493,0.00026833732,None,None,None
535000,-0.26996332,2.1719851,0.0002680608,None,None,None
540000,-0.25029206,2.1645925,0.00026778434,None,None,None
545000,-0.17069647,2.1713464,0.00026745783,-12.644337953223536,4961.0,-12.644337946393838
550000,-0.1768211,2.1726432,0.0002671327,None,None,None
555000,-0.12043487,2.182233,0.00026685628,None,None,None
560000,-0.4345479,2.1693754,0.0002665798,None,None,None
565000,-0.09562688,2.1711934,0.00026625724,None,None,None
570000,-0.15825422,2.158561,0.00026593465,None,None,None
575000,-0.22057556,2.1631017,0.00026565816,None,None,None
580000,0.062135365,2.164921,0.00026538174,None,None,None
585000,0.18330196,2.175616,0.00026505912,None,None,None
590000,-0.051329263,2.1719697,0.0002647366,None,None,None
595000,-0.010066002,2.1731393,0.00026446013,None,None,None
600000,0.066735804,2.1642702,0.00026418362,None,None,None
605000,-0.1301861,2.1677632,0.0002638571,-3.0317055771981054,4961.0,-3.0317055825144053
610000,-0.1105706,2.1591792,0.00026353204,None,None,None
615000,-0.10855009,2.1736436,0.00026325556,None,None,None
620000,-0.07963715,2.1754367,0.00026297907,None,None,None
625000,-0.10982151,2.1598823,0.0002626565,None,None,None
630000,0.021659685,2.1658313,0.00026233398,None,None,None
635000,-0.1812072,2.1557605,0.00026205744,None,None,None
640000,0.037738618,2.1727262,0.00026178098,None,None,None
645000,-0.161639,2.1616325,0.0002614584,None,None,None
650000,-0.44381568,2.1560109,0.00026113587,None,None,None
655000,-0.28648782,2.166748,0.0002608594,None,None,None
660000,-0.5441291,2.1686819,0.0002605829,None,None,None
665000,-0.5246766,2.1538246,0.00026025638,-6.828188888030127,4961.0,-6.828188968046258
670000,-0.13507636,2.1522136,0.0002599313,None,None,None
675000,-0.21677478,2.1580005,0.00025965483,None,None,None
680000,-0.14591601,2.1636972,0.00025937837,None,None,None
685000,-0.30675778,2.1567953,0.00025905579,None,None,None
690000,-0.6329181,2.1621907,0.00025873323,None,None,None
695000,-0.43362573,2.1618657,0.00025845674,None,None,None
700000,-0.60559815,2.1595943,0.00025818028,None,None,None
705000,-0.5353005,2.1607666,0.0002578577,None,None,None
710000,-0.522028,2.139607,0.00025753514,None,None,None
715000,-0.25794265,2.1520987,0.00025725868,None,None,None
720000,-0.37122214,2.1361966,0.00025698217,None,None,None
725000,-0.2571531,2.1337814,0.00025665565,-14.579094441064322,4961.0,-14.579094449058175
730000,-0.13029723,2.1454532,0.00025633062,None,None,None
735000,-0.29238632,2.1592808,0.0002560541,None,None,None
740000,-0.44346696,2.1393118,0.00025577765,None,None,None
745000,-0.34830242,2.1334734,0.00025545506,None,None,None
750000,-0.43551186,2.1065788,0.00025513253,None,None,None
755000,-0.32711378,2.1142693,0.000254856,None,None,None
760000,-0.36693844,2.1152322,0.00025457956,None,None,None
765000,-0.38141975,2.1229734,0.000254257,None,None,None
770000,-0.5390452,2.0977752,0.0002539344,None,None,None
775000,-0.2779163,2.116587,0.00025365796,None,None,None
780000,-0.3780449,2.1184225,0.00025338144,None,None,None
785000,-0.4851509,2.1279044,0.00025305495,-9.37040116917342,4961.0,-9.3704010862081
790000,-0.49430412,2.1181972,0.00025272986,None,None,None
795000,-0.3199367,2.1134586,0.00025245338,None,None,None
800000,-0.4400362,2.1244924,0.00025217692,None,None,None
805000,-0.4988823,2.1190631,0.00025185433,None,None,None
810000,-0.3756775,2.1113234,0.0002515318,None,None,None
815000,-0.15988572,2.1051624,0.00025125532,None,None,None
820000,-0.10264562,2.1260796,0.00025097886,None,None,None
825000,-0.21513046,2.092479,0.00025065625,None,None,None
830000,-0.24724092,2.1108913,0.0002503337,None,None,None
835000,-0.07404312,2.111191,0.00025005723,None,None,None
840000,-0.12923628,2.092078,0.0002497807,None,None,None
845000,-0.21391611,2.118771,0.00024945423,-4.374956111190841,4961.0,-4.37495590482528
850000,-0.463656,2.1028032,0.00024912917,None,None,None
855000,-0.39986748,2.1143873,0.00024885265,None,None,None
860000,-0.22263892,2.1249666,0.0002485762,None,None,None
865000,-0.15613964,2.1221025,0.0002482536,None,None,None
870000,-0.32356024,2.1008263,0.00024793108,None,None,None
875000,-0.094750784,2.1188512,0.00024765456,None,None,None
880000,-0.06266274,2.1131427,0.00024737814,None,None,None
885000,-0.18455441,2.1065657,0.00024705555,None,None,None
890000,0.10852856,2.1268876,0.00024673296,None,None,None
895000,-0.13214353,2.1418467,0.0002464565,None,None,None
900000,-0.26818365,2.1142511,0.00024618002,None,None,None
905000,-0.2824441,2.1137726,0.00024585347,-3.225367976546598,4961.0,-3.2253680570671954
910000,-0.36632958,2.1331053,0.00024552844,None,None,None
915000,-0.20885654,2.1347067,0.00024525193,None,None,None
920000,-0.17718905,2.141133,0.0002449755,None,None,None
925000,-0.19432616,2.1449335,0.00024465288,None,None,None
930000,-0.031347457,2.1290038,0.00024433038,None,None,None
935000,0.018997982,2.1356878,0.00024405388,None,None,None
940000,-0.049708016,2.122303,0.00024377741,None,None,None
945000,0.013055546,2.141181,0.00024345484,None,None,None
950000,-0.17286633,2.131872,0.00024313225,None,None,None
955000,-0.21171844,2.1255474,0.00024285581,None,None,None
960000,-0.10928806,2.1396997,0.0002425793,None,None,None
965000,-0.097089775,2.1365736,0.00024225278,4.035582592633243,4961.0,4.0355824222788215
970000,-0.053451173,2.1376505,0.00024192773,None,None,None
975000,0.20748422,2.1573358,0.00024165121,None,None,None
980000,0.06072486,2.1428287,0.00024137479,None,None,None
985000,-0.020293588,2.1455615,0.00024105218,None,None,None
990000,0.12058665,2.163213,0.00024072966,None,None,None
995000,0.25840098,2.1552331,0.00024045317,None,None,None
1000000,0.17746788,2.157844,0.00024017668,None,None,None
1005000,0.24036746,2.1447246,0.00023985414,None,None,None
1010000,0.26820093,2.159219,0.00023953155,None,None,None
1015000,0.34648588,2.154531,0.0002392551,None,None,None
1020000,0.17179109,2.1234574,0.00023897861,None,None,None
1025000,0.13724792,2.1231806,0.00023865206,20.652024292697508,4961.0,20.65202434003974
1030000,0.11726497,2.1414423,0.00023832702,None,None,None
1035000,0.25658613,2.1582887,0.00023805052,None,None,None
1040000,0.20379819,2.132435,0.00023777406,None,None,None
1045000,0.19982573,2.140632,0.00023745146,None,None,None
1050000,0.29719007,2.136584,0.00023712893,None,None,None
1055000,0.08299084,2.1499605,0.00023685244,None,None,None
1060000,0.15220934,2.1459703,0.00023657596,None,None,None
1065000,0.28307354,2.1582482,0.00023625339,None,None,None
1070000,0.2886723,2.1702716,0.00023593083,None,None,None
1075000,0.123043306,2.1590586,0.00023565437,None,None,None
1080000,0.24210487,2.1569102,0.00023537787,None,None,None
1085000,0.38336995,2.160557,0.00023505134,24.678770324758563,4961.0,24.678770281374454
1090000,0.5210856,2.1677845,0.0002347263,None,None,None
1095000,0.32127294,2.1671002,0.00023444979,None,None,None
1100000,0.30826676,2.1535666,0.00023417333,None,None,None
1105000,0.35690778,2.1570222,0.00023385075,None,None,None
1110000,0.44302383,2.1694448,0.0002335282,None,None,None
1115000,0.10918616,2.1392136,0.00023325173,None,None,None
1120000,0.08380682,2.1348648,0.00023297523,None,None,None
1125000,0.24840702,2.161126,0.0002326527,None,None,None
1130000,0.2967621,2.1612873,0.00023233012,None,None,None
1135000,0.38140094,2.1745708,0.00023205364,None,None,None
1140000,0.28433934,2.1625762,0.00023177716,None,None,None
1145000,0.24095902,2.154177,0.00023145061,33.81723254348617,4961.0,33.817232561297715
1150000,0.29028872,2.1691988,0.00023112558,None,None,None
1155000,0.46802217,2.1671412,0.00023084907,None,None,None
1160000,0.5400901,2.1797361,0.00023057261,None,None,None
1165000,0.5265382,2.1674733,0.00023025002,None,None,None
1170000,0.6540845,2.1764472,0.00022992748,None,None,None
1175000,0.62248117,2.1601207,0.00022965099,None,None,None
1180000,0.56623393,2.166954,0.00022937452,None,None,None
1185000,0.43873185,2.165433,0.00022905198,None,None,None
1190000,0.4864077,2.1614783,0.0002287294,None,None,None
1195000,0.634653,2.1694493,0.00022845295,None,None,None
1200000,0.67504805,2.1716092,0.00022817646,None,None,None
1205000,0.6692045,2.1712976,0.0002278499,36.884681307633095,4961.0,36.88468151694784
1210000,0.68414193,2.1670866,0.00022752486,None,None,None
1215000,0.6725972,2.1670904,0.00022724835,None,None,None
1220000,0.63786876,2.1697853,0.00022697188,None,None,None
1225000,0.63676864,2.1623538,0.00022664934,None,None,None
1230000,0.6945001,2.1669981,0.00022632675,None,None,None
1235000,0.5649639,2.1621,0.00022605031,None,None,None
1240000,0.56895745,2.1628664,0.0002257738,None,None,None
1245000,0.5765744,2.1692133,0.00022545128,None,None,None
1250000,0.6783965,2.172246,0.00022512866,None,None,None
1255000,0.70236045,2.1606894,0.00022485222,None,None,None
1260000,0.6527755,2.1754642,0.00022457574,None,None,None
1265000,0.7310696,2.1629262,0.00022424918,45.21580453054048,4961.0,45.21580448312064
1270000,0.74037826,2.1589,0.00022392413,None,None,None
1275000,0.5517306,2.1560895,0.00022364764,None,None,None
1280000,0.44923133,2.1635144,0.00022337116,None,None,None
1285000,0.5166622,2.1699224,0.00022304857,None,None,None
1290000,0.67304826,2.162995,0.00022272603,None,None,None
1295000,0.64870787,2.1657724,0.00022244958,None,None,None
1300000,0.6184578,2.1559281,0.00022217307,None,None,None
1305000,0.62362844,2.158831,0.00022185053,None,None,None
1310000,0.6684769,2.1560657,0.00022152798,None,None,None
1315000,0.636553,2.173208,0.0002212515,None,None,None
1320000,0.6861356,2.172415,0.00022097502,None,None,None
1325000,0.6653702,2.1529968,0.00022064845,44.64611664771413,4961.0,44.646116516552866
1330000,0.66230094,2.156031,0.0002203234,None,None,None
1335000,0.66050386,2.1641316,0.00022004695,None,None,None
1340000,0.6325027,2.1390412,0.00021977047,None,None,None
1345000,0.6979908,2.1543722,0.00021944789,None,None,None
1350000,0.6982934,2.150364,0.00021912532,None,None,None
1355000,0.6613352,2.1543322,0.00021884886,None,None,None
1360000,0.63684535,2.151424,0.00021857234,None,None,None
1365000,0.6854381,2.1617537,0.00021824983,None,None,None
1370000,0.62790847,2.148007,0.00021792726,None,None,None
1375000,0.7198984,2.167432,0.00021765078,None,None,None
1380000,0.6554972,2.151513,0.00021737428,None,None,None
1385000,0.6663891,2.166215,0.00021704774,47.02043606934603,4961.0,47.0204361670961
1390000,0.75702745,2.1611748,0.00021672268,None,None,None
1395000,0.74358785,2.1536558,0.00021644619,None,None,None
1400000,0.7384536,2.166103,0.0002161697,None,None,None
1405000,0.74804866,2.1638496,0.00021584716,None,None,None
1410000,0.7446628,2.1533744,0.00021552459,None,None,None
1415000,0.834046,2.16091,0.00021524813,None,None,None
1420000,0.8270163,2.1591282,0.00021497165,None,None,None
1425000,0.84531844,2.1517122,0.00021464912,None,None,None
1430000,0.83975554,2.155441,0.00021432654,None,None,None
1435000,0.8810365,2.1460252,0.00021405006,None,None,None
1440000,0.85773754,2.1589806,0.00021377357,None,None,None
1445000,0.8907116,2.1520736,0.00021344703,52.65084302371057,4961.0,52.650843021149434
1450000,0.86665326,2.1625881,0.000213122,None,None,None
1455000,0.8406374,2.1586325,0.0002128455,None,None,None
1460000,0.9048009,2.1582336,0.00021256902,None,None,None
1465000,0.9405392,2.1531754,0.00021224646,None,None,None
1470000,0.86646044,2.1407733,0.00021192389,None,None,None
1475000,0.867388,2.1564646,0.0002116474,None,None,None
1480000,0.844577,2.1600492,0.00021137092,None,None,None
1485000,0.8263889,2.1633084,0.00021104839,None,None,None
1490000,0.83995605,2.1398273,0.0002107258,None,None,None
1495000,0.7379579,2.1537256,0.00021044933,None,None,None
1500000,0.87552476,2.1513214,0.00021017285,None,None,None
1505000,0.8732206,2.1419787,0.00020984629,54.78471617346319,4961.0,54.784716182388365
1510000,0.8734976,2.1524465,0.00020952123,None,None,None
1515000,0.87512463,2.157452,0.00020924478,None,None,None
1520000,0.90754133,2.1551504,0.0002089683,None,None,None
1525000,0.9258563,2.1508713,0.00020864574,None,None,None
1530000,0.8857969,2.1454337,0.00020832317,None,None,None
1535000,0.95751464,2.156653,0.00020804671,None,None,None
1540000,0.9646521,2.146536,0.00020777022,None,None,None
1545000,1.0238769,2.1551,0.00020744767,None,None,None
1550000,1.0405843,2.1498232,0.0002071251,None,None,None
1555000,0.9346423,2.1508927,0.0002068486,None,None,None
1560000,1.0231586,2.1457038,0.00020657216,None,None,None
1565000,1.0193133,2.1505687,0.00020624558,57.1970938090623,4961.0,57.197093688572444
1570000,0.9799896,2.1494997,0.00020592054,None,None,None
1575000,1.0028858,2.1488717,0.00020564406,None,None,None
1580000,1.0097375,2.1375375,0.00020536757,None,None,None
1585000,1.0509007,2.1504304,0.00020504501,None,None,None
1590000,1.0859381,2.1426146,0.00020472244,None,None,None
1595000,0.98349565,2.1307454,0.00020444598,None,None,None
1600000,1.0148048,2.1397672,0.00020416947,None,None,None
1605000,1.051272,2.1424158,0.00020384694,None,None,None
1610000,0.997354,2.1548533,0.00020352437,None,None,None
1615000,1.0065819,2.1430063,0.00020324788,None,None,None
1620000,0.97493756,2.1422691,0.00020297144,None,None,None
1625000,0.99891627,2.143988,0.00020264486,57.27873245797431,4961.0,57.2787324199453
1630000,0.9970268,2.1365702,0.00020231982,None,None,None
1635000,0.9864743,2.1464603,0.00020204333,None,None,None
1640000,0.98060656,2.1319952,0.00020176684,None,None,None
1645000,0.9495387,2.1470606,0.00020144432,None,None,None
1650000,0.98294663,2.1415625,0.00020112174,None,None,None
1655000,0.99752575,2.1426425,0.00020084526,None,None,None
1660000,1.040958,2.1504886,0.00020056877,None,None,None
1665000,1.0365522,2.148045,0.00020024621,None,None,None
1670000,0.9839128,2.1410143,0.00019992368,None,None,None
1675000,1.0424993,2.1364696,0.00019964715,None,None,None
1680000,1.0137548,2.152851,0.00019937071,None,None,None
1685000,1.0190197,2.141123,0.00019904417,56.359005737428866,4961.0,56.35900586284697
1690000,0.99855167,2.136721,0.00019871909,None,None,None
1695000,1.0127894,2.1354895,0.0001984426,None,None,None
1700000,1.0064362,2.1448312,0.00019816612,None,None,None
1705000,0.9959527,2.1401608,0.00019784359,None,None,None
1710000,1.0412549,2.1278045,0.00019752099,None,None,None
1715000,1.0370735,2.145245,0.00019724453,None,None,None
1720000,1.1190417,2.138317,0.00019696805,None,None,None
1725000,1.1449614,2.1380875,0.0001966455,None,None,None
1730000,1.099262,2.1433764,0.00019632296,None,None,None
1735000,1.1052167,2.1378865,0.00019604647,None,None,None
1740000,1.0850767,2.1363819,0.00019576999,None,None,None
1745000,1.1137278,2.1403468,0.0001954434,58.68204646165638,4961.0,58.68204651058962
1750000,1.0936598,2.137294,0.00019511838,None,None,None
1755000,1.0744199,2.1316211,0.00019484192,None,None,None
1760000,1.0861686,2.1371455,0.00019456544,None,None,None
1765000,1.0792418,2.1319323,0.00019424286,None,None,None
1770000,1.1457928,2.1305645,0.00019392029,None,None,None
1775000,1.091458,2.1406956,0.0001936438,None,None,None
1780000,1.1035436,2.1393018,0.00019336732,None,None,None
1785000,1.1069779,2.1352527,0.00019304478,None,None,None
1790000,0.984628,2.1275697,0.00019272223,None,None,None
1795000,1.0800489,2.1362698,0.00019244572,None,None,None
1800000,1.0538319,2.1351264,0.00019216926,None,None,None
1805000,1.018015,2.1296816,0.0001918427,58.32385758652041,4961.0,58.32385748500625
1810000,1.0357032,2.1322343,0.00019151764,None,None,None
1815000,1.0433515,2.125048,0.0001912412,None,None,None
1820000,1.0445083,2.1309204,0.00019096468,None,None,None
1825000,1.0830239,2.13998,0.00019064214,None,None,None
1830000,1.0530342,2.124705,0.00019031957,None,None,None
1835000,1.1129299,2.1386223,0.00019004308,None,None,None
1840000,1.1083455,2.1283345,0.0001897666,None,None,None
1845000,1.058336,2.1295516,0.00018944405,None,None,None
1850000,1.0585272,2.132794,0.0001891215,None,None,None
1855000,1.0976169,2.1337814,0.00018884502,None,None,None
1860000,1.0707575,2.141303,0.00018856853,None,None,None
1865000,1.0666653,2.130495,0.00018824199,57.48157220737388,4961.0,57.48157218005508
1870000,1.0898097,2.1168041,0.00018791696,None,None,None
1875000,1.066657,2.1209662,0.00018764047,None,None,None
1880000,1.0580512,2.1156244,0.00018736398,None,None,None
1885000,1.1219884,2.1276045,0.00018704141,None,None,None
1890000,1.1078681,2.1344993,0.00018671884,None,None,None
1895000,1.1352732,2.130042,0.00018644235,None,None,None
1900000,1.1368893,2.1150882,0.00018616587,None,None,None
1905000,1.1034843,2.1302998,0.00018584332,None,None,None
1910000,1.1165284,2.1322522,0.00018552078,None,None,None
1915000,1.138364,2.122187,0.0001852443,None,None,None
1920000,1.1148776,2.118328,0.00018496782,None,None,None
1925000,1.0774895,2.1365108,0.00018464126,58.62030879346033,4961.0,58.620308655003704
1930000,1.1045736,2.127497,0.0001843162,None,None,None
1935000,1.1227131,2.133321,0.00018403975,None,None,None
1940000,1.1506778,2.119589,0.00018376326,None,None,None
1945000,1.1161138,2.1172326,0.00018344072,None,None,None
1950000,1.114121,2.1315014,0.00018311811,None,None,None
1955000,1.129632,2.12492,0.00018284167,None,None,None
1960000,1.1549258,2.1244354,0.00018256519,None,None,None
1965000,1.1630341,2.1094692,0.00018224263,None,None,None
1970000,1.1745714,2.122209,0.00018192006,None,None,None
1975000,1.1507193,2.1108084,0.00018164357,None,None,None
1980000,1.1477408,2.1215003,0.0001813671,None,None,None
1985000,1.1034983,2.104006,0.00018108642,59.526484558281176,4961.0,59.5264846769472
1990000,1.11466,2.1131086,0.00018076158,None,None,None
1995000,1.1267705,2.0972776,0.00018043902,None,None,None
2000000,1.1264673,2.1100347,0.00018016253,None,None,None
2005000,1.1193926,2.1146977,0.00017983999,None,None,None
2010000,1.165596,2.118569,0.00017951739,None,None,None
2015000,1.1500204,2.1249225,0.00017924093,None,None,None
2020000,1.129749,2.1294086,0.00017896442,None,None,None
2025000,1.1190006,2.117226,0.00017864189,None,None,None
2030000,1.1634496,2.130624,0.00017831934,None,None,None
2035000,1.1339899,2.1279776,0.00017804284,None,None,None
2040000,1.1573282,2.1177766,0.00017776637,None,None,None
2045000,1.1722113,2.1106164,0.00017748568,58.88102804225249,4961.0,58.881028331816196
2050000,1.1401403,2.1255748,0.00017716087,None,None,None
2055000,1.1183639,2.1225722,0.0001768383,None,None,None
2060000,1.154538,2.1181402,0.0001765618,None,None,None
2065000,1.2034708,2.1162293,0.00017623926,None,None,None
2070000,1.1905874,2.119329,0.0001759167,None,None,None
2075000,1.2005821,2.1164343,0.00017564022,None,None,None
2080000,1.1773281,2.1184142,0.00017536373,None,None,None
2085000,1.1835291,2.1094122,0.00017504118,None,None,None
2090000,1.2154114,2.1127346,0.00017471862,None,None,None
2095000,1.1513427,2.1221201,0.00017444212,None,None,None
2100000,1.1802037,2.115102,0.00017416566,None,None,None
2105000,1.1782491,2.1163585,0.00017388495,59.10987434132645,4961.0,59.109874464571476
2110000,1.1820742,2.116124,0.00017356014,None,None,None
2115000,1.1355128,2.1080678,0.00017323757,None,None,None
2120000,1.1199061,2.1233807,0.00017296108,None,None,None
2125000,1.1078138,2.1125972,0.00017263854,None,None,None
2130000,1.176447,2.1103096,0.00017231597,None,None,None
2135000,1.173868,2.1107848,0.0001720395,None,None,None
2140000,1.1490808,2.1090796,0.00017176305,None,None,None
2145000,1.1200225,2.1050787,0.00017144045,None,None,None
2150000,1.1343787,2.1146655,0.00017111789,None,None,None
2155000,1.1553754,2.120243,0.00017084142,None,None,None
2160000,1.1608578,2.1109064,0.00017056493,None,None,None
2165000,1.1227924,2.119121,0.00017028423,60.18536476387332,4961.0,60.18536501688262
2170000,1.1516258,2.1245317,0.00016995941,None,None,None
2175000,1.1863537,2.1177301,0.00016963687,None,None,None
2180000,1.1615237,2.129001,0.00016936038,None,None,None
2185000,1.1675917,2.1121378,0.0001690839,None,None,None
2190000,1.1318018,2.120818,0.00016876134,None,None,None
2195000,1.169536,2.1223981,0.00016843878,None,None,None
2200000,1.2116338,2.1169116,0.00016816233,None,None,None
2205000,1.2396141,2.1100895,0.00016783972,None,None,None
2210000,1.1486222,2.1109376,0.00016751718,None,None,None
2215000,1.1863114,2.1159868,0.0001672407,None,None,None
2220000,1.1663638,2.1246562,0.00016696421,None,None,None
2225000,1.157132,2.1182036,0.00016668352,61.593463860064126,4961.0,61.59346403771391
2230000,1.1294225,2.1040685,0.00016635869,None,None,None
2235000,1.1854824,2.1217575,0.00016603613,None,None,None
2240000,1.1813405,2.1241276,0.00016575963,None,None,None
2245000,1.2048048,2.1363668,0.00016548317,None,None,None
2250000,1.1899027,2.1146908,0.00016516063,None,None,None
2255000,1.2121143,2.1321173,0.00016483806,None,None,None
2260000,1.2107837,2.1155844,0.0001645616,None,None,None
2265000,1.1863781,2.1084137,0.00016423903,None,None,None
2270000,1.213283,2.1099133,0.00016391645,None,None,None
2275000,1.1875886,2.1070223,0.00016364,None,None,None
2280000,1.1947122,2.112635,0.00016336351,None,None,None
2285000,1.1026868,2.0966141,0.00016308282,61.37608148817284,4961.0,61.37608159240335
2290000,1.158586,2.1193547,0.00016275798,None,None,None
2295000,1.2363943,2.1113303,0.00016243543,None,None,None
2300000,1.1750611,2.105722,0.00016215895,None,None,None
2305000,1.1725258,2.117106,0.00016188246,None,None,None
2310000,1.2000879,2.105794,0.0001615599,None,None,None
2315000,1.2021592,2.112761,0.00016123733,None,None,None
2320000,1.2338805,2.0988166,0.00016096087,None,None,None
2325000,1.1919272,2.1124508,0.00016068439,None,None,None
2330000,1.19116,2.1066267,0.00016036181,None,None,None
2335000,1.1429788,2.1136088,0.00016003924,None,None,None
2340000,1.1918287,2.1131244,0.00015976277,None,None,None
2345000,1.1998115,2.114427,0.00015948208,60.72433921974152,4961.0,60.72433928369234
2350000,1.1952299,2.107889,0.00015915724,None,None,None
2355000,1.2192792,2.1074102,0.0001588347,None,None,None
2360000,1.2326833,2.1018116,0.00015855822,None,None,None
2365000,1.1801995,2.1048949,0.00015828175,None,None,None
2370000,1.2241415,2.1081688,0.00015795918,None,None,None
2375000,1.2020793,2.1039457,0.00015763663,None,None,None
2380000,1.1980555,2.1131768,0.00015736016,None,None,None
2385000,1.186946,2.1034575,0.00015708368,None,None,None
2390000,1.1857171,2.1012607,0.00015676112,None,None,None
2395000,1.203901,2.1059256,0.00015643855,None,None,None
2400000,1.2511182,2.1180964,0.00015616206,None,None,None
2405000,1.1863093,2.1047618,0.00015588137,62.14920064504258,4961.0,62.149200580082834
2410000,1.194233,2.1210444,0.00015555654,None,None,None
2415000,1.1804619,2.099113,0.00015523398,None,None,None
2420000,1.2075814,2.1145973,0.00015495751,None,None,None
2425000,1.1998668,2.1001883,0.00015468102,None,None,None
2430000,1.213402,2.111779,0.00015435845,None,None,None
2435000,1.1582752,2.0988338,0.00015403591,None,None,None
2440000,1.1888679,2.1092873,0.00015375942,None,None,None
2445000,1.1774602,2.1210742,0.00015348294,None,None,None
2450000,1.1950321,2.1046076,0.00015316038,None,None,None
2455000,1.2151116,2.1131089,0.00015283782,None,None,None
2460000,1.1628913,2.1031237,0.00015256133,None,None,None
2465000,1.176552,2.1101532,0.00015228064,61.09201549536859,4961.0,61.092015666887164
2470000,1.1925799,2.099592,0.00015195583,None,None,None
2475000,1.1591897,2.111054,0.00015163327,None,None,None
2480000,1.1984239,2.107817,0.00015135678,None,None,None
2485000,1.239422,2.114819,0.00015108031,None,None,None
2490000,1.1740077,2.0884542,0.00015075775,None,None,None
2495000,1.1403754,2.1103451,0.0001504352,None,None,None
2500000,1.1938365,2.1149063,0.00015015872,None,None,None
2505000,1.2016962,2.110246,0.00014988222,None,None,None
2510000,1.1930147,2.1162298,0.00014955967,None,None,None
2515000,1.2072343,2.1174452,0.0001492371,None,None,None
2520000,1.1872969,2.1041346,0.00014896062,None,None,None
2525000,1.1939976,2.1149592,0.00014867992,64.85116254891425,4961.0,64.85116257891059
2530000,1.1965783,2.1206372,0.0001483551,None,None,None
2535000,1.1904883,2.104574,0.00014803254,None,None,None
2540000,1.1828836,2.1176236,0.00014775606,None,None,None
2545000,1.2308273,2.111421,0.00014747957,None,None,None
2550000,1.2238694,2.132264,0.00014715704,None,None,None
2555000,1.227994,2.1186867,0.00014683447,None,None,None
2560000,1.2400984,2.1300247,0.000146558,None,None,None
2565000,1.2139243,2.117601,0.00014628151,None,None,None
2570000,1.2040597,2.124654,0.00014595894,None,None,None
2575000,1.1894414,2.1163301,0.00014563638,None,None,None
2580000,1.240593,2.1176305,0.0001453599,None,None,None
2585000,1.201593,2.1294913,0.00014507922,64.86250674460705,4961.0,64.86250665908058
2590000,1.2000514,2.1233242,0.00014475438,None,None,None
2595000,1.2070658,2.1086695,0.00014443182,None,None,None
2600000,1.2119452,2.126982,0.00014415535,None,None,None
2605000,1.2057693,2.1118762,0.00014387887,None,None,None
2610000,1.2182766,2.1170251,0.00014355632,None,None,None
2615000,1.2095416,2.1111472,0.00014323374,None,None,None
2620000,1.2633932,2.1172316,0.00014295727,None,None,None
2625000,1.2718531,2.1108072,0.00014268079,None,None,None
2630000,1.2500166,2.1139352,0.00014235821,None,None,None
2635000,1.1945952,2.1081958,0.00014203566,None,None,None
2640000,1.2015406,2.1091108,0.00014175917,None,None,None
2645000,1.2398368,2.1103718,0.0001414785,62.61225521882685,4961.0,62.6122553323706
2650000,1.2111955,2.1124208,0.00014115365,None,None,None
2655000,1.2375112,2.1281462,0.0001408311,None,None,None
2660000,1.2319912,2.1030743,0.00014055464,None,None,None
2665000,1.2727741,2.111573,0.00014027815,None,None,None
2670000,1.2928479,2.1114318,0.00013995559,None,None,None
2675000,1.2554678,2.1327395,0.00013963302,None,None,None
2680000,1.2692109,2.1211956,0.00013935655,None,None,None
2685000,1.2272055,2.114385,0.00013908006,None,None,None
2690000,1.2977784,2.1090078,0.00013875749,None,None,None
2695000,1.2467965,2.1007495,0.00013843495,None,None,None
2700000,1.2566621,2.1153007,0.00013815849,None,None,None
2705000,1.2251722,2.1091406,0.00013787777,65.58654263716501,4961.0,65.5865424911802
2710000,1.2137868,2.1091874,0.00013755295,None,None,None
2715000,1.2843634,2.1093829,0.0001372304,None,None,None
2720000,1.3089529,2.0933597,0.00013695391,None,None,None
2725000,1.2114823,2.0914009,0.00013667742,None,None,None
2730000,1.2422153,2.113495,0.00013635487,None,None,None
2735000,1.2469782,2.097478,0.00013603231,None,None,None
2740000,1.2083069,2.111204,0.00013575582,None,None,None
2745000,1.2480297,2.1074028,0.00013547933,None,None,None
2750000,1.2558842,2.111555,0.00013515678,None,None,None
2755000,1.2266952,2.1117592,0.00013483425,None,None,None
2760000,1.2544963,2.102815,0.00013455776,None,None,None
2765000,1.2377108,2.107984,0.00013427706,63.45053663100892,4961.0,63.45053649445375
2770000,1.3296165,2.1089113,0.00013395224,None,None,None
2775000,1.2065806,2.100756,0.00013362967,None,None,None
2780000,1.2966988,2.1096904,0.0001333532,None,None,None
2785000,1.2761025,2.099192,0.0001330767,None,None,None
2790000,1.2745202,2.12078,0.00013275415,None,None,None
2795000,1.3139318,2.1186697,0.00013243158,None,None,None
2800000,1.2867239,2.1047192,0.0001321551,None,None,None
2805000,1.2969475,2.1057277,0.00013187862,None,None,None
2810000,1.2937826,2.104466,0.00013155608,None,None,None
2815000,1.2996829,2.1078749,0.00013123352,None,None,None
2820000,1.303799,2.097707,0.00013095704,None,None,None
2825000,1.2714901,2.108326,0.00013067634,66.29336580890231,4961.0,66.29336576039593
2830000,1.3514603,2.1019735,0.00013035152,None,None,None
2835000,1.3249627,2.109036,0.00013002894,None,None,None
2840000,1.3070982,2.1108098,0.00012975247,None,None,None
2845000,1.2798138,2.0997598,0.000129476,None,None,None
2850000,1.3101544,2.092693,0.00012915343,None,None,None
2855000,1.2904943,2.0859902,0.00012883086,None,None,None
2860000,1.2931978,2.0843332,0.00012855438,None,None,None
2865000,1.31054,2.0843074,0.00012827791,None,None,None
2870000,1.2479154,2.0831954,0.00012795535,None,None,None
2875000,1.3041433,2.0945911,0.0001276328,None,None,None
2880000,1.3215181,2.093356,0.00012735631,None,None,None
2885000,1.3161175,2.0840893,0.00012707562,65.80433085653931,4961.0,65.80433078110218
2890000,1.319113,2.1065416,0.00012675079,None,None,None
2895000,1.3560499,2.1085494,0.00012642822,None,None,None
2900000,1.3428007,2.088183,0.00012615176,None,None,None
2905000,1.3293526,2.0937831,0.00012587527,None,None,None
2910000,1.307954,2.102004,0.0001255527,None,None,None
2915000,1.2829785,2.088838,0.00012523016,None,None,None
2920000,1.2398522,2.1032553,0.00012495367,None,None,None
2925000,1.2607737,2.1174288,0.00012467719,None,None,None
2930000,1.2540896,2.0843055,0.00012435464,None,None,None
2935000,1.244794,2.104931,0.00012403207,None,None,None
2940000,1.303478,2.1106806,0.00012375558,None,None,None
2945000,1.253714,2.0952625,0.00012347489,63.42451858978408,4961.0,63.42451862214754
2950000,1.3104628,2.1145494,0.00012315006,None,None,None
2955000,1.2898309,2.102147,0.00012282752,None,None,None
2960000,1.3200518,2.1135693,0.00012255104,None,None,None
2965000,1.3268757,2.0928216,0.00012227455,None,None,None
2970000,1.2035166,2.1022224,0.000121952005,None,None,None
2975000,1.2393277,2.1103678,0.000121629426,None,None,None
2980000,1.2741455,2.1172175,0.00012135294,None,None,None
2985000,1.3045368,2.1199546,0.000121076475,None,None,None
2990000,1.3064778,2.1045096,0.00012075391,None,None,None
2995000,1.2907022,2.113597,0.00012043136,None,None,None
3000000,1.2455382,2.108342,0.00012015487,None,None,None
3005000,1.2325778,2.0989323,0.00011987417,64.13978015701286,4961.0,64.13978032426287
3010000,1.2447823,2.0950005,0.00011954935,None,None,None
3015000,1.2510769,2.1123075,0.00011922679,None,None,None
3020000,1.2445698,2.1118593,0.0001189503,None,None,None
3025000,1.2247072,2.0953534,0.00011867384,None,None,None
3030000,1.2958562,2.0887144,0.00011835127,None,None,None
3035000,1.3027952,2.091497,0.0001180287,None,None,None
3040000,1.3063979,2.0928488,0.000117752235,None,None,None
3045000,1.2806221,2.0992303,0.00011747575,None,None,None
3050000,1.3276417,2.092232,0.00011715319,None,None,None
3055000,1.2728676,2.0981364,0.00011683063,None,None,None
3060000,1.3024194,2.0996523,0.00011655415,None,None,None
3065000,1.2518094,2.0714881,0.00011627345,64.90950118602875,4961.0,64.90950130857527
3070000,1.2939879,2.094424,0.000115948635,None,None,None
3075000,1.2670045,2.0962033,0.00011562608,None,None,None
3080000,1.2725565,2.1038246,0.000115349605,None,None,None
3085000,1.281374,2.0992854,0.00011507312,None,None,None
3090000,1.3104689,2.1013606,0.000114750546,None,None,None
3095000,1.2737954,2.095664,0.000114427996,None,None,None
3100000,1.3034551,2.0953424,0.00011415151,None,None,None
3105000,1.2811087,2.1051645,0.00011387502,None,None,None
3110000,1.3382504,2.0905035,0.00011355247,None,None,None
3115000,1.3318468,2.0968752,0.00011322991,None,None,None
3120000,1.2919778,2.0994227,0.00011295344,None,None,None
3125000,1.2543535,2.0939703,0.00011267272,63.69585830943348,4961.0,63.69585823702315
3130000,1.2532331,2.0986269,0.000112347916,None,None,None
3135000,1.2942022,2.0973346,0.00011202536,None,None,None
3140000,1.2862933,2.0909123,0.00011174888,None,None,None
3145000,1.2591114,2.0995116,0.00011147239,None,None,None
3150000,1.2862006,2.077676,0.00011114983,None,None,None
3155000,1.2440139,2.0909593,0.00011082727,None,None,None
3160000,1.2720467,2.0810087,0.00011055078,None,None,None
3165000,1.2797941,2.0887196,0.0001102743,None,None,None
3170000,1.3043443,2.0771742,0.00010995176,None,None,None
3175000,1.2238963,2.0727997,0.0001096292,None,None,None
3180000,1.2613757,2.1078796,0.00010935272,None,None,None
3185000,1.2395599,2.090026,0.000109072,62.15830613641689,4961.0,62.158306028693914
3190000,1.2409896,2.1016414,0.00010874721,None,None,None
3195000,1.2891741,2.0938864,0.00010842464,None,None,None
3200000,1.3497449,2.100479,0.00010814815,None,None,None
3205000,1.3079011,2.0731735,0.00010787167,None,None,None
3210000,1.235691,2.0887685,0.00010754911,None,None,None
3215000,1.2538234,2.104594,0.000107226544,None,None,None
3220000,1.2971789,2.0924103,0.00010695006,None,None,None
3225000,1.3159432,2.1051404,0.00010667359,None,None,None
3230000,1.3015938,2.0844853,0.00010635104,None,None,None
3235000,1.299728,2.0951777,0.00010602848,None,None,None
3240000,1.3057196,2.095891,0.000105752,None,None,None
3245000,1.2907826,2.0854244,0.0001054713,65.54447298365024,4961.0,65.54447290673852
3250000,1.2798624,2.100462,0.000105146486,None,None,None
3255000,1.3204424,2.0710564,0.000104823914,None,None,None
3260000,1.268148,2.0984259,0.00010454743,None,None,None
3265000,1.2625941,2.1057286,0.000104270955,None,None,None
3270000,1.3150585,2.0892916,0.00010394838,None,None,None
3275000,1.2555064,2.0633364,0.00010362582,None,None,None
3280000,1.2765467,2.0974722,0.00010334935,None,None,None
3285000,1.3058442,2.0805864,0.00010307288,None,None,None
3290000,1.3053796,2.0953324,0.00010275032,None,None,None
3295000,1.2678803,2.0800486,0.00010242776,None,None,None
3300000,1.2805911,2.1046746,0.00010215127,None,None,None
3305000,1.2901611,2.080134,0.00010187059,64.31632265735728,4961.0,64.31632253186156
3310000,1.3336822,2.0856476,0.00010154576,None,None,None
3315000,1.3079865,2.0843284,0.00010122319,None,None,None
3320000,1.3123758,2.0700269,0.000100946716,None,None,None
3325000,1.2972764,2.086547,0.00010067023,None,None,None
3330000,1.299777,2.085034,0.000100347665,None,None,None
3335000,1.309963,2.068214,0.00010002512,None,None,None
3340000,1.3648707,2.0699031,9.974864e-05,None,None,None
3345000,1.3254535,2.0702724,9.9472156e-05,None,None,None
3350000,1.3154247,2.0924885,9.91496e-05,None,None,None
3355000,1.2866583,2.0897412,9.882703e-05,None,None,None
3360000,1.3015025,2.0942142,9.855055e-05,None,None,None
3365000,1.3091748,2.0808275,9.826986e-05,66.31584436652095,4961.0,66.31584435328841
3370000,1.3277899,2.0825949,9.7945034e-05,None,None,None
3375000,1.3568525,2.0679584,9.762248e-05,None,None,None
3380000,1.281441,2.0725775,9.734599e-05,None,None,None
3385000,1.2624128,2.0818906,9.706952e-05,None,None,None
3390000,1.2838154,2.0851212,9.674695e-05,None,None,None
3395000,1.3144556,2.091168,9.64244e-05,None,None,None
3400000,1.3240391,2.0776308,9.6147916e-05,None,None,None
3405000,1.3278406,2.088816,9.5871445e-05,None,None,None
3410000,1.2918366,2.0765333,9.554888e-05,None,None,None
3415000,1.3332217,2.0973303,9.5226314e-05,None,None,None
3420000,1.2860683,2.0854216,9.494983e-05,None,None,None
3425000,1.2678008,2.0965054,9.466912e-05,66.74898380599916,4961.0,66.74898389664789
3430000,1.2610167,2.0927632,9.4344316e-05,None,None,None
3435000,1.2951461,2.0849762,9.402175e-05,None,None,None
3440000,1.3271921,2.09588,9.374528e-05,None,None,None
3445000,1.3193725,2.1020715,9.346879e-05,None,None,None
3450000,1.3508259,2.1018684,9.314624e-05,None,None,None
3455000,1.2957214,2.070197,9.282368e-05,None,None,None
3460000,1.2938849,2.0908868,9.2547205e-05,None,None,None
3465000,1.3194828,2.0884447,9.227072e-05,None,None,None
3470000,1.269654,2.0947454,9.194815e-05,None,None,None
3475000,1.272905,2.104739,9.162559e-05,None,None,None
3480000,1.2740192,2.079717,9.13491e-05,None,None,None
3485000,1.2807939,2.0801363,9.106842e-05,64.96658568705122,4961.0,64.96658560757835
3490000,1.2882404,2.0757878,9.074359e-05,None,None,None
3495000,1.3084719,2.0974588,9.042104e-05,None,None,None
3500000,1.3018998,2.082725,9.014455e-05,None,None,None
3505000,1.2933743,2.0681207,8.986808e-05,None,None,None
3510000,1.3001368,2.0669549,8.954552e-05,None,None,None
3515000,1.2948573,2.0631747,8.9222965e-05,None,None,None
3520000,1.30288,2.0694683,8.894648e-05,None,None,None
3525000,1.2891281,2.0522966,8.867e-05,None,None,None
3530000,1.3142928,2.07252,8.834743e-05,None,None,None
3535000,1.3109187,2.074111,8.8024884e-05,None,None,None
3540000,1.3263308,2.0869122,8.77484e-05,None,None,None
3545000,1.2978824,2.0822148,8.746769e-05,66.80097755789757,4961.0,66.80097748742749
3550000,1.3604589,2.070752,8.714288e-05,None,None,None
3555000,1.2923412,2.0907755,8.682031e-05,None,None,None
3560000,1.2551724,2.0599623,8.654385e-05,None,None,None
3565000,1.2673647,2.0793068,8.626736e-05,None,None,None
3570000,1.257645,2.0836334,8.5944805e-05,None,None,None
3575000,1.3161942,2.0831382,8.562224e-05,None,None,None
3580000,1.293599,2.0661633,8.534576e-05,None,None,None
3585000,1.2921668,2.0816336,8.5069274e-05,None,None,None
3590000,1.2962928,2.086548,8.474671e-05,None,None,None
3595000,1.333543,2.0861707,8.442416e-05,None,None,None
3600000,1.3318053,2.0896213,8.414768e-05,None,None,None
3605000,1.3173852,2.082471,8.386698e-05,66.44019134800571,4961.0,66.44019145146012
3610000,1.2885927,2.0732038,8.354216e-05,None,None,None
3615000,1.2991649,2.0547915,8.321961e-05,None,None,None
3620000,1.3812422,2.0673301,8.294312e-05,None,None,None
3625000,1.3239731,2.0757577,8.266664e-05,None,None,None
3630000,1.2580997,2.0638506,8.2344086e-05,None,None,None
3635000,1.2328516,2.0763261,8.202152e-05,None,None,None
3640000,1.3075144,2.072751,8.1745035e-05,None,None,None
3645000,1.2873974,2.0745857,8.146855e-05,None,None,None
3650000,1.2948825,2.082695,8.1146005e-05,None,None,None
3655000,1.3299215,2.0806055,8.082344e-05,None,None,None
3660000,1.3562406,2.054918,8.054696e-05,None,None,None
3665000,1.3051449,2.0655293,8.026626e-05,65.5529661483597,4961.0,65.55296599368255
3670000,1.3448327,2.0749836,7.994144e-05,None,None,None
3675000,1.3714975,2.0867693,7.961888e-05,None,None,None
3680000,1.3278811,2.0489206,7.9342404e-05,None,None,None
3685000,1.2777225,2.0847516,7.906592e-05,None,None,None
3690000,1.3279414,2.0792274,7.874336e-05,None,None,None
3695000,1.2758975,2.0873156,7.8420795e-05,None,None,None
3700000,1.2710866,2.0801435,7.8144316e-05,None,None,None
3705000,1.3148158,2.0671642,7.7867844e-05,None,None,None
3710000,1.3169413,2.0674794,7.7545286e-05,None,None,None
3715000,1.3085734,2.0622067,7.722272e-05,None,None,None
3720000,1.2829024,2.0711908,7.694624e-05,None,None,None
3725000,1.3386965,2.0785294,7.6665536e-05,63.71215119088689,4961.0,63.71215115611752
3730000,1.322952,2.0727704,7.634072e-05,None,None,None
3735000,1.2888902,2.0773134,7.6018165e-05,None,None,None
3740000,1.3310043,2.076843,7.574168e-05,None,None,None
3745000,1.2874625,2.0429256,7.546519e-05,None,None,None
3750000,1.2625747,2.059047,7.514264e-05,None,None,None
3755000,1.2701554,2.0652232,7.482008e-05,None,None,None
3760000,1.2852619,2.0610087,7.4543605e-05,None,None,None
3765000,1.2924507,2.0559523,7.4267125e-05,None,None,None
3770000,1.2836262,2.0563788,7.394456e-05,None,None,None
3775000,1.2803538,2.0535812,7.3622e-05,None,None,None
3780000,1.2902181,2.0752554,7.3345516e-05,None,None,None
3785000,1.2895924,2.0635278,7.306482e-05,64.59486880005959,4961.0,64.59486887728174
3790000,1.285008,2.0648885,7.2740004e-05,None,None,None
3795000,1.3443707,2.0757666,7.241744e-05,None,None,None
3800000,1.3134456,2.0449247,7.214095e-05,None,None,None
3805000,1.2570568,2.073011,7.186447e-05,None,None,None
3810000,1.2940772,2.0516744,7.154193e-05,None,None,None
3815000,1.3179563,2.0469813,7.1219365e-05,None,None,None
3820000,1.2421725,2.0538652,7.0942886e-05,None,None,None
3825000,1.2542251,2.070941,7.06664e-05,None,None,None
3830000,1.3266544,2.0640526,7.034384e-05,None,None,None
3835000,1.2825819,2.074682,7.002128e-05,None,None,None
3840000,1.2975758,2.06674,6.974479e-05,None,None,None
3845000,1.2709141,2.061165,6.946409e-05,64.69101073228133,4961.0,64.69101078342646
3850000,1.2840815,2.0656142,6.913928e-05,None,None,None
3855000,1.2385538,2.0582516,6.881671e-05,None,None,None
3860000,1.2981266,2.0567408,6.8540234e-05,None,None,None
3865000,1.2979518,2.0567,6.826376e-05,None,None,None
3870000,1.3271095,2.0563738,6.794121e-05,None,None,None
3875000,1.2947785,2.051842,6.761865e-05,None,None,None
3880000,1.2760372,2.046952,6.734216e-05,None,None,None
3885000,1.2890854,2.044766,6.706568e-05,None,None,None
3890000,1.3162109,2.0727832,6.674312e-05,None,None,None
3895000,1.340678,2.044165,6.642055e-05,None,None,None
3900000,1.3382761,2.0658777,6.6144064e-05,None,None,None
3905000,1.3069721,2.0669336,6.586338e-05,65.5425712983512,4961.0,65.54257142885278
3910000,1.2956631,2.0410573,6.553856e-05,None,None,None
3915000,1.2340142,2.0699077,6.5215994e-05,None,None,None
3920000,1.301397,2.0653007,6.493953e-05,None,None,None
3925000,1.3358349,2.0650358,6.466304e-05,None,None,None
3930000,1.3169891,2.0665822,6.434049e-05,None,None,None
3935000,1.3703964,2.040841,6.401792e-05,None,None,None
3940000,1.3322487,2.0550969,6.374144e-05,None,None,None
3945000,1.3264489,2.0602908,6.3464955e-05,None,None,None
3950000,1.3178166,2.046796,6.31424e-05,None,None,None
3955000,1.3382639,2.045945,6.2819825e-05,None,None,None
3960000,1.3029119,2.0377398,6.2543375e-05,None,None,None
3965000,1.284783,2.0153363,6.226266e-05,66.73764336846459,4961.0,66.7376432834814
3970000,1.3075953,2.0538054,6.198391e-05,None,None,None
3975000,1.2930276,2.0349853,6.166137e-05,None,None,None
3980000,1.2784374,2.0266967,6.1338804e-05,None,None,None
3985000,1.2692204,2.048831,6.1062325e-05,None,None,None
3990000,1.3120872,2.0408804,6.0739763e-05,None,None,None
3995000,1.3347229,2.051664,6.0417195e-05,None,None,None
4000000,1.3177339,2.0417883,6.0140712e-05,None,None,None
4005000,1.285397,2.061888,5.9864236e-05,None,None,None
4010000,1.2873832,2.0243282,5.954168e-05,None,None,None
4015000,1.3024917,2.0366182,5.921913e-05,None,None,None
4020000,1.2859488,2.0380592,5.894265e-05,None,None,None
4025000,1.3080074,2.0337849,5.866193e-05,65.44298882301275,4961.0,65.4429888377587
4030000,1.3191297,2.0059416,5.838321e-05,None,None,None
4035000,1.3326285,2.0128171,5.8060643e-05,None,None,None
4040000,1.2903855,2.0322115,5.7738085e-05,None,None,None
4045000,1.3348534,2.0233111,5.7461602e-05,None,None,None
4050000,1.3040416,2.0000675,5.7139037e-05,None,None,None
4055000,1.283725,2.0105038,5.6816472e-05,None,None,None
4060000,1.3137861,2.0505583,5.6539997e-05,None,None,None
4065000,1.3683344,2.030436,5.626351e-05,None,None,None
4070000,1.3744768,2.0315173,5.5940975e-05,None,None,None
4075000,1.3071897,2.0272045,5.561841e-05,None,None,None
4080000,1.368453,2.029207,5.5341923e-05,None,None,None
4085000,1.3472344,2.0215993,5.506123e-05,67.77026635330792,4961.0,67.77026643852393
4090000,1.386038,2.0418887,5.478249e-05,None,None,None
4095000,1.321068,2.0333145,5.4459924e-05,None,None,None
4100000,1.3325503,2.0222473,5.4137363e-05,None,None,None
4105000,1.3751686,2.0215793,5.3860884e-05,None,None,None
4110000,1.320507,2.0146964,5.35844e-05,None,None,None
4115000,1.3373272,2.0224836,5.3261836e-05,None,None,None
4120000,1.2820374,2.0165038,5.2939286e-05,None,None,None
4125000,1.3382523,2.0288239,5.266281e-05,None,None,None
4130000,1.3140969,2.0183418,5.234025e-05,None,None,None
4135000,1.373511,2.0120833,5.2017684e-05,None,None,None
4140000,1.3305013,2.0240984,5.1741208e-05,None,None,None
4145000,1.3175801,1.9853274,5.1460505e-05,69.26025041347991,4961.0,69.26025029396017
4150000,1.287257,2.017957,5.1181774e-05,None,None,None
4155000,1.3010619,2.0025566,5.0859202e-05,None,None,None
4160000,1.3562421,1.9967418,5.0536644e-05,None,None,None
4165000,1.2988781,2.0073328,5.026016e-05,None,None,None
4170000,1.354094,2.0118124,4.998368e-05,None,None,None
4175000,1.3334185,2.016054,4.966112e-05,None,None,None
4180000,1.3658661,2.0101585,4.933857e-05,None,None,None
4185000,1.336038,1.9759146,4.9062088e-05,None,None,None
4190000,1.3138902,1.9918102,4.8739526e-05,None,None,None
4195000,1.2721059,2.0132272,4.841697e-05,None,None,None
4200000,1.321213,2.013656,4.8140482e-05,None,None,None
4205000,1.2960448,1.9944916,4.7859787e-05,66.5866850175662,4961.0,66.58668509405106
4210000,1.3097618,2.0152955,4.758105e-05,None,None,None
4215000,1.340759,2.019557,4.7258487e-05,None,None,None
4220000,1.2755468,2.0019014,4.693592e-05,None,None,None
4225000,1.2825673,2.0102496,4.6659436e-05,None,None,None
4230000,1.3058199,2.0183427,4.638296e-05,None,None,None
4235000,1.3155036,1.9952604,4.6060413e-05,None,None,None
4240000,1.3372018,2.0007372,4.5737845e-05,None,None,None
4245000,1.3381225,1.9874606,4.5461366e-05,None,None,None
4250000,1.2824951,2.0183074,4.5138804e-05,None,None,None
4255000,1.3329027,1.9728599,4.4816243e-05,None,None,None
4260000,1.3357956,2.0007403,4.4539756e-05,None,None,None
4265000,1.3532909,1.9877385,4.4259064e-05,66.48194257938303,4961.0,66.48194256362815
4270000,1.3317839,2.0003042,4.3980323e-05,None,None,None
4275000,1.3643463,1.9969612,4.365776e-05,None,None,None
4280000,1.3102915,1.9923695,4.3335196e-05,None,None,None
4285000,1.3814958,1.9926283,4.3058728e-05,None,None,None
4290000,1.3444881,1.9893218,4.2782252e-05,None,None,None
4295000,1.352568,2.0280569,4.2459687e-05,None,None,None
4300000,1.3130445,2.002497,4.2137126e-05,None,None,None
4305000,1.3205287,2.006968,4.186064e-05,None,None,None
4310000,1.3312558,1.989758,4.1584164e-05,None,None,None
4315000,1.3120664,1.9972807,4.12616e-05,None,None,None
4320000,1.3129826,2.0088904,4.0939038e-05,None,None,None
4325000,1.3001361,2.0196757,4.065834e-05,69.44898516242392,4961.0,69.44898510289688
4330000,1.3415955,2.024255,4.03796e-05,None,None,None
4335000,1.3503631,2.0109122,4.005704e-05,None,None,None
4340000,1.3345565,1.9729533,3.973449e-05,None,None,None
4345000,1.2993232,2.0167456,3.9458013e-05,None,None,None
4350000,1.3091639,2.024002,3.918153e-05,None,None,None
4355000,1.3318453,2.0020463,3.8858965e-05,None,None,None
4360000,1.3058527,2.0143268,3.8536404e-05,None,None,None
4365000,1.3644223,2.0201817,3.8259925e-05,None,None,None
4370000,1.3113619,2.0029945,3.7983442e-05,None,None,None
4375000,1.3168098,2.007862,3.7660877e-05,None,None,None
4380000,1.3541199,1.9971657,3.7338334e-05,None,None,None
4385000,1.3052696,1.9920852,3.705762e-05,66.44084958949436,4961.0,66.44084952150781
4390000,1.3034874,1.9924728,3.6778878e-05,None,None,None
4395000,1.2856302,2.0018678,3.645633e-05,None,None,None
4400000,1.3362768,2.0269415,3.6133773e-05,None,None,None
4405000,1.3346279,2.0124273,3.585729e-05,None,None,None
4410000,1.3133436,1.9974747,3.558081e-05,None,None,None
4415000,1.3156555,2.0185087,3.5258246e-05,None,None,None
4420000,1.359635,2.0033884,3.4935685e-05,None,None,None
4425000,1.3307365,1.989076,3.4659202e-05,None,None,None
4430000,1.3165548,1.992207,3.4382723e-05,None,None,None
4435000,1.2454308,2.0131226,3.406017e-05,None,None,None
4440000,1.3685741,2.0200522,3.3737615e-05,None,None,None
4445000,1.3068395,1.9916656,3.3456898e-05,65.73258897739773,4961.0,65.73258894930284
4450000,1.2781066,2.02233,3.3178174e-05,None,None,None
4455000,1.3575312,2.014161,3.2855613e-05,None,None,None
4460000,1.3542782,1.9926012,3.253305e-05,None,None,None
4465000,1.3324524,2.0182614,3.2256572e-05,None,None,None
4470000,1.333937,2.0078595,3.1980086e-05,None,None,None
4475000,1.3328954,2.0085108,3.1657524e-05,None,None,None
4480000,1.375362,1.9987272,3.1334963e-05,None,None,None
4485000,1.3790377,2.0010262,3.1058484e-05,None,None,None
4490000,1.302723,1.9893186,3.0782016e-05,None,None,None
4495000,1.3573012,1.9963287,3.0459456e-05,None,None,None
4500000,1.3560613,1.9837621,3.0136893e-05,None,None,None
4505000,1.3158891,1.9668877,2.9856197e-05,66.47003063338343,4961.0,66.47003056202084
4510000,1.2450695,1.9815674,2.9577453e-05,None,None,None
4515000,1.3160826,1.9834601,2.9254894e-05,None,None,None
4520000,1.3652753,1.9703653,2.893233e-05,None,None,None
4525000,1.3645885,1.9790268,2.865585e-05,None,None,None
4530000,1.3754221,1.9746157,2.8379365e-05,None,None,None
4535000,1.3457475,1.9670973,2.8056802e-05,None,None,None
4540000,1.3010006,1.9515002,2.7734248e-05,None,None,None
4545000,1.3578522,1.9951193,2.7457776e-05,None,None,None
4550000,1.3673775,1.9834361,2.7181297e-05,None,None,None
4555000,1.3453819,1.9428815,2.6858734e-05,None,None,None
4560000,1.325071,1.9484217,2.6536169e-05,None,None,None
4565000,1.3197933,1.9477489,2.6255471e-05,67.15664310605887,4961.0,67.15664318141837
4570000,1.3902893,1.962811,2.5976733e-05,None,None,None
4575000,1.3803056,1.9695511,2.5654173e-05,None,None,None
4580000,1.3584298,1.987929,2.533161e-05,None,None,None
4585000,1.2934023,1.9747208,2.5055126e-05,None,None,None
4590000,1.2669834,1.9891167,2.4778645e-05,None,None,None
4595000,1.3084105,2.000202,2.4456085e-05,None,None,None
4600000,1.3179635,1.9863396,2.4133538e-05,None,None,None
4605000,1.3022387,1.9886382,2.3857057e-05,None,None,None
4610000,1.2788548,1.9800375,2.3580573e-05,None,None,None
4615000,1.281808,2.0032246,2.325801e-05,None,None,None
4620000,1.3082956,1.9877014,2.2935448e-05,None,None,None
4625000,1.313341,1.9830519,2.265475e-05,65.21767160630164,4961.0,65.21767158309619
4630000,1.3414738,1.9717149,2.2376013e-05,None,None,None
4635000,1.3436582,1.9625674,2.205345e-05,None,None,None
4640000,1.334576,1.949279,2.1730884e-05,None,None,None
4645000,1.2915843,1.9347523,2.1454407e-05,None,None,None
4650000,1.3205947,1.9598291,2.1177932e-05,None,None,None
4655000,1.3767825,1.9643226,2.0855376e-05,None,None,None
4660000,1.3273672,1.9446483,2.0532816e-05,None,None,None
4665000,1.3184947,1.984818,2.0256337e-05,None,None,None
4670000,1.3677686,1.9739007,1.9979852e-05,None,None,None
4675000,1.3711498,1.974953,1.9657287e-05,None,None,None
4680000,1.3160578,1.9659925,1.9334728e-05,None,None,None
4685000,1.3161881,1.9518539,1.9054032e-05,66.48403601379444,4961.0,66.48403614200652
4690000,1.335164,1.9757538,1.877529e-05,None,None,None
4695000,1.3616927,1.9679035,1.8452727e-05,None,None,None
4700000,1.3661166,1.9698759,1.8130166e-05,None,None,None
4705000,1.3097905,1.9754736,1.7853692e-05,None,None,None
4710000,1.3089974,1.9892576,1.7577218e-05,None,None,None
4715000,1.3678685,1.96343,1.7254657e-05,None,None,None
4720000,1.3486869,1.9663682,1.6932096e-05,None,None,None
4725000,1.33365,1.9562111,1.6655613e-05,None,None,None
4730000,1.3085378,1.9659915,1.6379128e-05,None,None,None
4735000,1.3413111,1.967723,1.6056569e-05,None,None,None
4740000,1.3646439,1.9230635,1.5734006e-05,None,None,None
4745000,1.295428,1.9672753,1.545331e-05,68.38364906958304,4961.0,68.3836490958929
4750000,1.316481,1.9725729,1.5174567e-05,None,None,None
4755000,1.3355786,1.9553932,1.4852007e-05,None,None,None
4760000,1.3603398,1.9774072,1.4529457e-05,None,None,None
4765000,1.3241061,1.9855472,1.425298e-05,None,None,None
4770000,1.3582088,1.9820296,1.3976497e-05,None,None,None
4775000,1.2471297,1.9866004,1.3653935e-05,None,None,None
4780000,1.2679329,1.9791887,1.3331373e-05,None,None,None
4785000,1.346583,1.9789094,1.305489e-05,None,None,None
4790000,1.2830056,1.9809295,1.2778409e-05,None,None,None
4795000,1.3025602,1.9807234,1.2455846e-05,None,None,None
4800000,1.3809344,1.9811751,1.2133295e-05,None,None,None
4805000,1.3462001,1.9733157,1.1852587e-05,65.10409456002526,4961.0,65.10409447799127
4810000,1.3527589,1.9503806,1.1573847e-05,None,None,None
4815000,1.3411566,1.9667444,1.1251297e-05,None,None,None
4820000,1.2953006,1.9857974,1.092874e-05,None,None,None
4825000,1.3149544,1.9846475,1.0652259e-05,None,None,None
4830000,1.293971,1.9844453,1.0375775e-05,None,None,None
4835000,1.2969834,1.9764328,1.0053213e-05,None,None,None
4840000,1.3337194,1.9651667,9.730651e-06,None,None,None
4845000,1.3454841,1.9757928,9.454169e-06,None,None,None
4850000,1.3039292,1.9859445,9.1776865e-06,None,None,None
4855000,1.2880081,1.9763451,8.855138e-06,None,None,None
4860000,1.2831556,1.9925878,8.53258e-06,None,None,None
4865000,1.3431538,1.9992481,8.251866e-06,65.81078088399954,4961.0,65.81078105978668
4870000,1.3900446,1.9662166,7.973137e-06,None,None,None
4875000,1.3372216,1.9601731,7.650581e-06,None,None,None
4880000,1.3524348,1.9680582,7.328019e-06,None,None,None
4885000,1.350221,1.9720175,7.051536e-06,None,None,None
4890000,1.3064076,1.9485972,6.775054e-06,None,None,None
4895000,1.3655231,1.9437828,6.4524916e-06,None,None,None
4900000,1.3587918,1.9620196,6.12993e-06,None,None,None
4905000,1.3213451,1.969893,5.8534474e-06,None,None,None
4910000,1.343687,1.9515487,5.5769838e-06,None,None,None
4915000,1.3428406,1.9394883,5.254421e-06,None,None,None
4920000,1.3861718,1.9474733,4.9318587e-06,None,None,None
4925000,1.3691471,1.9663055,4.6511623e-06,67.42634315765463,4961.0,67.4263429545487
4930000,1.3934754,1.9820178,4.3724212e-06,None,None,None
4935000,1.3206384,1.9659595,4.049859e-06,None,None,None
4940000,1.344945,1.9706293,3.7272969e-06,None,None,None
4945000,1.3533081,1.9606881,3.450815e-06,None,None,None
4950000,1.3637664,1.956077,3.174333e-06,None,None,None
4955000,1.3309354,1.9510299,2.8517702e-06,None,None,None
4960000,1.2828718,1.9688655,2.5292081e-06,None,None,None
4965000,1.271152,1.9773492,2.2527438e-06,None,None,None
4970000,1.2958871,1.9802119,1.9762617e-06,None,None,None
4975000,1.3026717,1.9957571,1.6536995e-06,None,None,None
4980000,1.346587,1.9995575,1.331137e-06,None,None,None
4985000,1.3394363,1.9939225,1.0504406e-06,61.745906949896984,4961.0,61.74590693227947
4990000,1.3717403,1.9643445,7.716997e-07,None,None,None
4995000,1.3341802,1.9616233,4.491374e-07,None,None,None
5000000,1.327611,1.9742796,1.2657506e-07,None,None,None
