Steps,Policy/Extrinsic Value Estimate,Policy/Entropy,Policy/Learning Rate,Environment/Cumulative Reward,Environment/Episode Length,Policy/Extrinsic Reward,Losses/Value Loss,Losses/Policy Loss
3065000,-0.0032324048,1.4037997,0.00011627994,-0.15000000223517418,4961.0,-0.15000000223517418,1.4892863e-05,0.06484328
3070000,-0.0017221743,1.4039125,0.00011595511,None,None,None,2.6557627e-06,0.077828094
3075000,-0.004140141,1.4032934,0.000115632545,None,None,None,7.2035027e-06,0.062226195
3080000,-0.004283487,1.4031368,0.00011535606,None,None,None,5.510563e-06,0.064610556
3085000,-0.0018887669,1.4031043,0.000115079594,None,None,None,7.894265e-06,0.060798816
3090000,-0.0030413563,1.4034332,0.00011475704,None,None,None,9.658714e-06,0.0692046
3095000,-0.0034224475,1.4036282,0.000114434464,None,None,None,1.5123056e-06,0.06063607
3100000,-0.004674238,1.4039598,0.00011415799,None,None,None,3.245891e-05,0.0652015
3105000,-0.0052356534,1.4045048,0.00011388151,None,None,None,3.307269e-05,0.06621037
3110000,-0.014410366,1.4049813,0.000113558955,None,None,None,2.8344657e-05,0.06518075
3115000,-0.010214914,1.4053026,0.0001132364,None,None,None,4.2216616e-06,0.072971955
3120000,-0.0093246065,1.4057344,0.00011295991,None,None,None,1.5624624e-05,0.063968025
3125000,-0.0059428103,1.4057698,0.00011267922,-0.12500000186264515,4961.0,-0.12500000186264515,9.605204e-06,0.068566784
3130000,-0.009099341,1.4055115,0.00011235439,None,None,None,2.855955e-05,0.06653728
3135000,-0.0037946473,1.4061604,0.00011203182,None,None,None,2.8334085e-05,0.06257674
3140000,-0.0058761155,1.4054977,0.00011175536,None,None,None,2.5708323e-06,0.070143834
3145000,-0.0041948166,1.4057988,0.000111478876,None,None,None,2.781303e-05,0.06666935
3150000,-0.005088167,1.4056791,0.00011115631,None,None,None,7.3541673e-06,0.0687359
3155000,-0.002694219,1.40671,0.00011083375,None,None,None,1.2313105e-05,0.06735408
3160000,-0.0041168802,1.406632,0.000110557274,None,None,None,1.3373079e-05,0.06525014
3165000,-0.006860777,1.4060402,0.000110280795,None,None,None,2.3161067e-05,0.073942184
3170000,-0.0062766895,1.4057999,0.000109958244,None,None,None,3.5088328e-06,0.074118674
3175000,-0.0057936227,1.406031,0.00010963567,None,None,None,4.605155e-06,0.07244159
3180000,-0.006584315,1.4055613,0.00010935919,None,None,None,1.2386514e-05,0.06896295
3185000,-0.006298118,1.405402,0.0001090785,-0.1083333349476258,4961.0,-0.1083333349476258,5.725431e-06,0.06556647
3190000,-0.0091365175,1.4050907,0.000108753666,None,None,None,1.4295356e-05,0.072459415
3195000,-0.008497377,1.4049805,0.000108431115,None,None,None,2.9942088e-05,0.07223947
3200000,-0.00696474,1.4048256,0.000108154636,None,None,None,1.6557991e-05,0.06186627
3205000,-0.011297663,1.4050851,0.00010787815,None,None,None,1.9735668e-05,0.06787259
3210000,-0.010224535,1.405282,0.00010755559,None,None,None,3.1803967e-05,0.07058616
3215000,-0.012687184,1.4054446,0.000107233034,None,None,None,1.9987267e-05,0.06852382
3220000,-0.011353223,1.4048418,0.000106956555,None,None,None,1.6133492e-05,0.07186921
3225000,-0.013199594,1.4048746,0.00010668007,None,None,None,2.2671218e-05,0.06475219
3230000,-0.010633815,1.4047141,0.00010635752,None,None,None,1.7299897e-05,0.073888615
3235000,-0.010660416,1.4050634,0.00010603495,None,None,None,2.7304584e-05,0.068951026
3240000,-0.0126036005,1.4050012,0.00010575847,None,None,None,3.8372073e-06,0.07689277
3245000,-0.0155299995,1.4048234,0.000105477775,-0.1750000026077032,4961.0,-0.1750000026077032,7.627793e-06,0.071910545
3250000,-0.012991758,1.4050617,0.000105152954,None,None,None,1.6363136e-05,0.071107075
3255000,-0.0069981124,1.4053502,0.00010483039,None,None,None,5.752915e-05,0.06254036
3260000,-0.010132676,1.4054189,0.00010455391,None,None,None,1.9344934e-05,0.0699117
3265000,-0.009754146,1.4051735,0.00010427743,None,None,None,2.4498244e-05,0.06572192
3270000,-0.008082162,1.4052229,0.00010395487,None,None,None,3.410803e-05,0.07128902
3275000,-0.007793821,1.405699,0.000103632316,None,None,None,3.317061e-05,0.056233656
3280000,-0.006391169,1.4059598,0.00010335583,None,None,None,2.9404578e-06,0.072756246
3285000,-0.0057424977,1.4059898,0.00010307934,None,None,None,2.183493e-05,0.06421511
3290000,-0.00728575,1.4058118,0.0001027568,None,None,None,1.9441077e-05,0.06354539
3295000,-0.00719157,1.4061263,0.00010243423,None,None,None,1.624632e-05,0.06726429
3300000,-0.008456644,1.4065164,0.000102157755,None,None,None,3.740613e-05,0.07034087
3305000,-0.0064826375,1.4059621,0.00010187705,-0.1750000026077032,4961.0,-0.1750000026077032,1.6204298e-05,0.05904615
3310000,-0.00745611,1.4059858,0.00010155223,None,None,None,1.420701e-05,0.063530326
3315000,-0.0053084907,1.4056497,0.00010122967,None,None,None,2.2971428e-06,0.062714055
3320000,-0.0069353892,1.4054108,0.00010095319,None,None,None,2.75187e-05,0.06602476
3325000,-0.005956763,1.4051323,0.00010067673,None,None,None,2.4982233e-05,0.069842756
3330000,-0.008335654,1.4047922,0.00010035416,None,None,None,1.5948119e-05,0.07352425
3335000,-0.0073798345,1.4050756,0.00010003159,None,None,None,2.963718e-05,0.06776016
3340000,-0.0052406434,1.405044,9.97551e-05,None,None,None,1.3063482e-05,0.07889572
3345000,-0.0026359267,1.4057463,9.947864e-05,None,None,None,1.4848944e-06,0.07736107
3350000,-0.0037496097,1.405366,9.9156074e-05,None,None,None,2.372137e-05,0.072041295
3355000,-0.003263337,1.4057977,9.8833516e-05,None,None,None,1.5946971e-05,0.06104002
3360000,-0.0068949484,1.4055653,9.8557044e-05,None,None,None,4.2835413e-06,0.070168294
3365000,-0.0042328225,1.4053073,9.827632e-05,-0.10000000149011612,4961.0,-0.10000000149011612,1.5154386e-06,0.06469022
3370000,-0.0023563292,1.4053205,9.79515e-05,None,None,None,8.466178e-06,0.062397115
3375000,-0.0043267617,1.4056678,9.762897e-05,None,None,None,5.1033814e-05,0.06863476
3380000,-0.0054470613,1.4057412,9.735249e-05,None,None,None,1.1268921e-05,0.06002613
3385000,-0.00794875,1.4057717,9.7076e-05,None,None,None,2.3419225e-06,0.065143116
3390000,-0.008806442,1.4057811,9.6753436e-05,None,None,None,1.13673295e-05,0.070025906
3395000,-0.0050035613,1.4055413,9.6430864e-05,None,None,None,1.6917056e-06,0.06792524
3400000,-0.0042958707,1.4059577,9.615439e-05,None,None,None,1.9212219e-05,0.06948699
3405000,-0.0076736114,1.4061421,9.587791e-05,None,None,None,1.867671e-05,0.06855081
3410000,-0.0070943353,1.4059108,9.5555355e-05,None,None,None,1.2740855e-05,0.06314513
3415000,-0.009114267,1.4062735,9.5232805e-05,None,None,None,2.7106043e-06,0.066301584
3420000,-0.0067334613,1.4067273,9.495632e-05,None,None,None,1.8012573e-05,0.06198706
3425000,-0.003460718,1.4068717,9.467561e-05,-0.1083333349476258,4961.0,-0.1083333349476258,4.0719656e-06,0.062022023
3430000,-0.005987938,1.4068238,9.435081e-05,None,None,None,6.293495e-06,0.0716148
3435000,-0.0038917603,1.4068273,9.402825e-05,None,None,None,3.0864427e-05,0.0700674
3440000,-0.008189003,1.4068385,9.375176e-05,None,None,None,1.0233052e-05,0.070633724
3445000,-0.010804077,1.4063231,9.3475275e-05,None,None,None,2.0404013e-05,0.062227763
3450000,-0.0114014,1.4063805,9.315271e-05,None,None,None,4.2059328e-05,0.06826031
3455000,-0.0100169685,1.406546,9.283015e-05,None,None,None,1.373154e-05,0.068528585
3460000,-0.0102619175,1.4067397,9.2553666e-05,None,None,None,3.2298267e-05,0.06617156
3465000,-0.009366313,1.4066671,9.227719e-05,None,None,None,3.1240768e-06,0.06634886
3470000,-0.0054103145,1.4067024,9.1954644e-05,None,None,None,1.475612e-05,0.066922516
3475000,-0.0034899195,1.4068549,9.163208e-05,None,None,None,4.231185e-06,0.07848328
3480000,-0.009135491,1.4067707,9.135561e-05,None,None,None,2.4033976e-05,0.066744685
3485000,-0.0107424585,1.4068564,9.10749e-05,-0.1750000026077032,4961.0,-0.1750000026077032,2.1201306e-05,0.065363444
3490000,-0.0065026428,1.406808,9.075009e-05,None,None,None,2.8478085e-05,0.07279629
3495000,-0.005521903,1.4069495,9.042752e-05,None,None,None,3.7837626e-06,0.077470705
3500000,-0.004835379,1.407468,9.015104e-05,None,None,None,4.2851752e-05,0.06312946
3505000,-0.009275431,1.4076414,8.987456e-05,None,None,None,4.04497e-05,0.07022805
3510000,-0.008181004,1.4078132,8.955199e-05,None,None,None,1.236851e-05,0.066879764
3515000,-0.0054056374,1.4077684,8.9229434e-05,None,None,None,1.572912e-06,0.064165354
3520000,-0.007587329,1.4076972,8.8952955e-05,None,None,None,1.2724063e-06,0.07029909
3525000,-0.006255701,1.4077182,8.867648e-05,None,None,None,8.531485e-06,0.06092453
3530000,-0.0112266475,1.4081587,8.835392e-05,None,None,None,6.608064e-06,0.07395219
3535000,-0.010922491,1.4082203,8.803137e-05,None,None,None,2.3892793e-05,0.082629435
3540000,-0.007941304,1.4075849,8.775488e-05,None,None,None,6.7119295e-06,0.06467377
3545000,-0.00991131,1.4071451,8.747419e-05,-0.1083333349476258,4961.0,-0.1083333349476258,2.0981492e-05,0.06806588
3550000,-0.007353691,1.4067184,8.714937e-05,None,None,None,1.6855869e-05,0.063809186
3555000,-0.0092819,1.406526,8.6826796e-05,None,None,None,1.3478835e-05,0.075243756
3560000,-0.01233672,1.4064939,8.655031e-05,None,None,None,2.9471744e-06,0.071080856
3565000,-0.0076188277,1.4062413,8.627383e-05,None,None,None,2.0221876e-05,0.07305716
3570000,-0.0055276453,1.4066304,8.595127e-05,None,None,None,2.9344948e-05,0.06899213
3575000,-0.00586155,1.4066658,8.562871e-05,None,None,None,2.104292e-05,0.07241793
3580000,-0.0073826825,1.4063067,8.535224e-05,None,None,None,1.6028658e-05,0.07164914
3585000,-0.010590159,1.4065372,8.5075764e-05,None,None,None,3.4591567e-06,0.06523948
3590000,-0.015173435,1.4071196,8.475321e-05,None,None,None,3.9964223e-05,0.07044043
3595000,-0.008425821,1.407364,8.443064e-05,None,None,None,2.701034e-05,0.06499475
3600000,-0.00869433,1.4072323,8.4154155e-05,None,None,None,1.40843e-05,0.0665761
3605000,-0.010060655,1.4066914,8.387346e-05,-0.18333333606521288,4961.0,-0.18333333606521288,3.0182347e-05,0.06269762
3610000,-0.0058069015,1.406752,8.354864e-05,None,None,None,6.3863176e-06,0.0701976
3615000,-0.007809534,1.4072367,8.322607e-05,None,None,None,9.116207e-05,0.068814725
3620000,-0.018047884,1.4075878,8.294959e-05,None,None,None,2.2804983e-05,0.07315679
3625000,-0.026394049,1.4077728,8.267312e-05,None,None,None,3.0806827e-05,0.07106596
3630000,-0.01537534,1.4076705,8.2350554e-05,None,None,None,1.9484767e-05,0.0729328
3635000,-0.013731775,1.4070992,8.2028004e-05,None,None,None,1.4163608e-05,0.06441851
3640000,-0.014900496,1.4071666,8.1751525e-05,None,None,None,3.6727954e-05,0.06935572
3645000,-0.010030104,1.4069573,8.147504e-05,None,None,None,1.8395423e-05,0.061293676
3650000,-0.010899091,1.4070526,8.115248e-05,None,None,None,3.4070228e-05,0.06921584
3655000,-0.018434841,1.4072349,8.0829916e-05,None,None,None,1.853066e-05,0.06027391
3660000,-0.01408091,1.4071864,8.055344e-05,None,None,None,3.0711264e-05,0.06550125
3665000,-0.0109266825,1.4067364,8.027274e-05,-0.24166667026778063,4961.0,-0.24166667026778063,1.5149868e-05,0.06393449
3670000,-0.0034451722,1.406535,7.994792e-05,None,None,None,2.5542467e-06,0.06748278
3675000,-0.010503835,1.4063475,7.962535e-05,None,None,None,2.8655963e-06,0.06899965
3680000,-0.0070116855,1.4063272,7.934887e-05,None,None,None,5.204497e-05,0.070431985
3685000,-0.007405537,1.4065883,7.907239e-05,None,None,None,2.9508927e-05,0.07031058
3690000,-0.009031932,1.406961,7.874985e-05,None,None,None,2.1794764e-05,0.06981385
3695000,-0.005816007,1.4069015,7.842728e-05,None,None,None,2.7614012e-06,0.08151933
3700000,-0.008345671,1.4073056,7.815079e-05,None,None,None,2.6117834e-05,0.06836246
3705000,-0.011061407,1.4073822,7.787432e-05,None,None,None,2.6877663e-06,0.061648507
3710000,-0.009856114,1.4071445,7.7551755e-05,None,None,None,2.1764154e-05,0.06717512
3715000,-0.008647286,1.4069,7.72292e-05,None,None,None,3.672761e-05,0.06629804
3720000,-0.008008057,1.4073404,7.695271e-05,None,None,None,7.808341e-06,0.071327105
3725000,-0.010258771,1.4074978,7.667202e-05,-0.2083333364377419,4961.0,-0.2083333364377419,1.5359643e-05,0.07052928
3730000,-0.009690355,1.40736,7.634719e-05,None,None,None,2.507188e-05,0.07124804
3735000,-0.008701896,1.4079773,7.602463e-05,None,None,None,2.6503396e-05,0.07224977
3740000,-0.0071185865,1.4082768,7.574816e-05,None,None,None,2.2537002e-05,0.07292607
3745000,-0.007590418,1.4082712,7.547168e-05,None,None,None,1.9580884e-06,0.07467971
3750000,-0.009058128,1.4079008,7.5149124e-05,None,None,None,1.838007e-05,0.07086634
3755000,-0.007879319,1.4079536,7.482655e-05,None,None,None,4.6825968e-05,0.07030711
3760000,-0.0113569135,1.4078541,7.455008e-05,None,None,None,1.5076358e-05,0.06773429
3765000,-0.014363227,1.4074284,7.4273594e-05,None,None,None,1.9215573e-05,0.06782483
3770000,-0.008614286,1.40774,7.395104e-05,None,None,None,3.7852133e-05,0.062681876
3775000,-0.012996886,1.4077264,7.362847e-05,None,None,None,1.5934418e-05,0.057639346
3780000,-0.028647618,1.4083155,7.335201e-05,None,None,None,3.349135e-05,0.060672548
3785000,-0.01629222,1.4086076,7.307129e-05,-0.2166666698952516,4961.0,-0.2166666698952516,1.3454096e-05,0.080628216
3790000,-0.010407564,1.4084307,7.274648e-05,None,None,None,3.8614435e-06,0.062375378
3795000,-0.008712595,1.4084998,7.242393e-05,None,None,None,2.2609798e-05,0.06651014
3800000,-0.008593179,1.4082437,7.214744e-05,None,None,None,4.0147348e-05,0.07210332
3805000,-0.009929546,1.4084707,7.187096e-05,None,None,None,1.2151424e-05,0.07440433
3810000,-0.012931822,1.4087734,7.15484e-05,None,None,None,2.452361e-05,0.06507334
3815000,-0.014140682,1.4090377,7.122584e-05,None,None,None,3.4192635e-05,0.06299795
3820000,-0.014029956,1.4090639,7.0949354e-05,None,None,None,1.1599356e-05,0.069092385
3825000,-0.006617557,1.4083996,7.067288e-05,None,None,None,4.96079e-05,0.0728991
3830000,-0.0037413912,1.4080296,7.035032e-05,None,None,None,1.27620715e-05,0.07035069
3835000,-0.008881536,1.4079914,7.0027774e-05,None,None,None,3.9187224e-05,0.06375623
3840000,-0.012819999,1.4077843,6.975129e-05,None,None,None,4.9761757e-06,0.057426758
3845000,-0.008193547,1.4074843,6.9470574e-05,-0.2083333364377419,4961.0,-0.2083333364377419,2.0741765e-05,0.06867111
3850000,-0.0077842535,1.4072284,6.914577e-05,None,None,None,5.118693e-06,0.07540931
3855000,-0.011722658,1.407068,6.88232e-05,None,None,None,2.7015369e-05,0.07195967
3860000,-0.011042636,1.407129,6.8546724e-05,None,None,None,1.6339503e-05,0.066571064
3865000,-0.00929254,1.4072315,6.827024e-05,None,None,None,1.2448158e-05,0.071232095
3870000,-0.0060336757,1.4074211,6.794768e-05,None,None,None,2.5382506e-05,0.07057092
3875000,-0.0067012357,1.407106,6.7625115e-05,None,None,None,5.39662e-06,0.058004595
3880000,-0.011559011,1.4066964,6.734864e-05,None,None,None,4.289666e-05,0.058088355
3885000,-0.008687099,1.4067773,6.707216e-05,None,None,None,1.5440637e-05,0.06802223
3890000,-0.005206175,1.4064566,6.6749606e-05,None,None,None,1.9621282e-05,0.06472525
3895000,-0.0022809657,1.4066525,6.642705e-05,None,None,None,3.672204e-06,0.065840006
3900000,-0.004891215,1.4070872,6.615057e-05,None,None,None,8.9923415e-06,0.0651224
3905000,-0.004398039,1.4071702,6.586987e-05,-0.15833333569268385,4961.0,-0.15833333569268385,4.107594e-06,0.07408013
3910000,-0.0031139064,1.4069682,6.554504e-05,None,None,None,8.709699e-06,0.06284448
3915000,-0.0072245253,1.4070898,6.5222484e-05,None,None,None,4.3936143e-05,0.06800831
3920000,-0.0063610366,1.4069955,6.4946e-05,None,None,None,5.9728454e-06,0.064550646
3925000,-0.006138695,1.4063808,6.4669526e-05,None,None,None,1.6757771e-05,0.06528899
3930000,-0.0035957403,1.4062687,6.4346954e-05,None,None,None,8.382591e-06,0.0658128
3935000,-0.0051823994,1.4061563,6.40244e-05,None,None,None,9.874425e-06,0.07019864
3940000,-0.0060578133,1.4058709,6.374792e-05,None,None,None,1.25259285e-05,0.06968276
3945000,-0.0042266394,1.4054083,6.3471445e-05,None,None,None,1.3237019e-05,0.06586484
3950000,-0.0049521066,1.40515,6.3148895e-05,None,None,None,1.2006251e-05,0.06762375
3955000,-0.006610168,1.4053941,6.282633e-05,None,None,None,2.8833758e-05,0.071664214
3960000,-0.0061229225,1.4051785,6.254984e-05,None,None,None,1.9484938e-05,0.06743035
3965000,-0.0054495838,1.4051108,6.2269144e-05,-0.13333333532015482,4961.0,-0.13333333532015482,2.5119873e-05,0.06458579
3970000,-0.004012806,1.404981,6.194432e-05,None,None,None,2.8306401e-06,0.06647538
3975000,-0.0037113375,1.4050683,6.162176e-05,None,None,None,1.4302445e-06,0.06838629
3980000,-0.004609573,1.4055212,6.134529e-05,None,None,None,1.2810624e-05,0.06369191
3985000,-0.0060793282,1.4055313,6.10688e-05,None,None,None,2.4558507e-05,0.06560024
3990000,-0.005926919,1.4055954,6.074623e-05,None,None,None,2.4505563e-05,0.06245669
3995000,-0.002858565,1.4055862,6.0423685e-05,None,None,None,3.949255e-06,0.071118936
4000000,-0.0063879252,1.4055327,6.014721e-05,None,None,None,3.7446753e-05,0.06792491
4005000,-0.006456081,1.4056664,5.9870727e-05,None,None,None,3.461764e-06,0.065360546
4010000,-0.009949847,1.4056034,5.9548165e-05,None,None,None,2.8348808e-05,0.062904045
4015000,-0.0052930317,1.405721,5.9225607e-05,None,None,None,1.7898496e-05,0.06914784
4020000,-0.012341967,1.405436,5.894912e-05,None,None,None,1.4885621e-05,0.067554936
4025000,-0.010459648,1.4054683,5.8668422e-05,-0.15833333569268385,4961.0,-0.15833333569268385,3.7951802e-05,0.07576479
4030000,-0.007236548,1.4054956,5.8343598e-05,None,None,None,9.730477e-06,0.06544188
4035000,-0.0064701806,1.4056342,5.8021044e-05,None,None,None,2.745056e-06,0.06508662
4040000,-0.013869488,1.4056549,5.774456e-05,None,None,None,1.97064e-05,0.06568085
4045000,-0.014348244,1.4055599,5.7468074e-05,None,None,None,3.2089087e-05,0.06918289
4050000,-0.013808155,1.4053036,5.7145517e-05,None,None,None,2.0137028e-05,0.072946765
4055000,-0.009816268,1.4053395,5.682297e-05,None,None,None,1.4154218e-05,0.0639997
4060000,-0.014997795,1.4056492,5.6546487e-05,None,None,None,3.6419406e-05,0.0680923
4065000,-0.009136702,1.4055892,5.6270004e-05,None,None,None,2.0315789e-05,0.064731956
4070000,-0.009529526,1.4056516,5.5947443e-05,None,None,None,3.649487e-05,0.062890366
4075000,-0.008932132,1.4056125,5.562488e-05,None,None,None,3.682522e-05,0.072414026
4080000,-0.012541692,1.4054499,5.53484e-05,None,None,None,7.8727235e-06,0.062183395
4085000,-0.010178678,1.4052272,5.50677e-05,-0.23333333681027094,4961.0,-0.23333333681027094,1.3251662e-05,0.060378015
4090000,-0.011937948,1.4052082,5.474288e-05,None,None,None,8.343708e-06,0.07317096
4095000,-0.016527403,1.4051442,5.442032e-05,None,None,None,2.7711238e-05,0.0729268
4100000,-0.014157289,1.4053196,5.4143835e-05,None,None,None,4.741821e-05,0.06362669
4105000,-0.011078438,1.4055791,5.386736e-05,None,None,None,3.4974848e-06,0.06790481
4110000,-0.010308395,1.4055085,5.354481e-05,None,None,None,8.451858e-06,0.06910479
4115000,-0.013542457,1.4056219,5.3222248e-05,None,None,None,3.2245945e-05,0.06650301
4120000,-0.011582015,1.4055561,5.2945765e-05,None,None,None,1.8968749e-05,0.07191336
4125000,-0.011702741,1.4057605,5.266928e-05,None,None,None,2.9226263e-05,0.058910444
4130000,-0.011090196,1.4059992,5.234672e-05,None,None,None,4.6124092e-05,0.06903446
4135000,-0.009320463,1.4061433,5.202416e-05,None,None,None,3.866681e-06,0.08483272
4140000,-0.0062304265,1.4063092,5.1747676e-05,None,None,None,2.2851553e-05,0.07194282
4145000,-0.008005562,1.406427,5.146698e-05,-0.19166666952272257,4961.0,-0.19166666952272257,5.6720555e-06,0.07556389
4150000,-0.006493906,1.4061798,5.114216e-05,None,None,None,2.0907506e-05,0.06591107
4155000,-0.01032397,1.4061328,5.0819595e-05,None,None,None,2.5998179e-05,0.07602659
4160000,-0.0075592683,1.4061419,5.0543124e-05,None,None,None,2.3109473e-05,0.08030307
4165000,-0.014851145,1.4061612,5.0266648e-05,None,None,None,8.183396e-06,0.067547336
4170000,-0.014215107,1.4063745,4.994409e-05,None,None,None,1.4394784e-05,0.0703123
4175000,-0.009413138,1.4065346,4.9621525e-05,None,None,None,3.9992286e-05,0.066026054
4180000,-0.00854317,1.4065969,4.934504e-05,None,None,None,1.6022863e-05,0.0717808
4185000,-0.010429065,1.406535,4.906856e-05,None,None,None,6.6654457e-06,0.071782686
4190000,-0.010571649,1.4063764,4.8746e-05,None,None,None,3.238467e-05,0.06795652
4195000,-0.013280207,1.4062407,4.8423437e-05,None,None,None,4.9685812e-05,0.06596248
4200000,-0.016927553,1.4062606,4.8146965e-05,None,None,None,4.4932593e-05,0.0877397
4205000,-0.011010625,1.4060011,4.7866255e-05,-0.2583333371828,4961.0,-0.2583333371828,2.1032694e-05,0.063403845
4210000,-0.014883249,1.4057459,4.7541438e-05,None,None,None,5.2038436e-06,0.0702584
4215000,-0.012344222,1.4055611,4.7218888e-05,None,None,None,5.8607056e-06,0.079477794
4220000,-0.0107829375,1.4055805,4.694241e-05,None,None,None,2.2203143e-05,0.06720053
4225000,-0.008982032,1.4054699,4.666593e-05,None,None,None,2.2219656e-06,0.07865591
4230000,-0.006901925,1.4052814,4.6343368e-05,None,None,None,2.3576715e-05,0.06291907
4235000,-0.0062068463,1.4052358,4.60208e-05,None,None,None,1.8660035e-05,0.07114704
4240000,-0.009062251,1.4053136,4.574432e-05,None,None,None,5.5559703e-06,0.07389784
4245000,-0.0079017915,1.405191,4.546784e-05,None,None,None,2.6041873e-05,0.07276475
4250000,-0.011323608,1.4052305,4.514528e-05,None,None,None,1.4668786e-05,0.07441814
4255000,-0.005169732,1.4052107,4.4822733e-05,None,None,None,3.8243455e-05,0.06476259
4260000,-0.0036691937,1.4053818,4.454625e-05,None,None,None,1.4166783e-05,0.06246945
4265000,-0.004127795,1.4053676,4.426554e-05,-0.1750000026077032,4961.0,-0.1750000026077032,3.214119e-05,0.058457136
4270000,-0.007905525,1.405683,4.3940727e-05,None,None,None,1.0860789e-05,0.067018926
4275000,-0.009539378,1.4058437,4.361817e-05,None,None,None,2.8749702e-05,0.06970243
4280000,-0.009040079,1.4057108,4.334169e-05,None,None,None,1.7479379e-05,0.07236681
4285000,-0.0106068645,1.4057363,4.306521e-05,None,None,None,8.577028e-05,0.064448334
4290000,-0.005597867,1.405588,4.2742642e-05,None,None,None,2.010878e-05,0.06764673
4295000,-0.0071036196,1.4053911,4.242008e-05,None,None,None,1.7958635e-05,0.077993535
4300000,-0.00919648,1.4054726,4.2143598e-05,None,None,None,3.5525314e-05,0.070936106
4305000,-0.014975033,1.4057443,4.1867122e-05,None,None,None,8.616295e-05,0.0674464
4310000,-0.01766264,1.405955,4.154457e-05,None,None,None,3.425921e-05,0.06679742
4315000,-0.01423841,1.4062197,4.122201e-05,None,None,None,3.1763375e-05,0.07018476
4320000,-0.010615341,1.4060016,4.0945528e-05,None,None,None,5.7809495e-05,0.06813117
4325000,-0.015090089,1.4059165,4.0664825e-05,-0.30000000447034836,4961.0,-0.30000000447034836,6.0076898e-05,0.062878445
4330000,-0.015430096,1.4058037,4.034001e-05,None,None,None,1.0580332e-05,0.070144646
4335000,-0.0134247085,1.4057794,4.001745e-05,None,None,None,1.8145232e-05,0.06228023
4340000,-0.013794482,1.4060037,3.974097e-05,None,None,None,1.5273528e-05,0.067672715
4345000,-0.014962352,1.4059283,3.9464485e-05,None,None,None,5.3806092e-05,0.06597506
4350000,-0.012708692,1.4059649,3.9141923e-05,None,None,None,2.7554433e-05,0.06442259
4355000,-0.016703218,1.4061025,3.881936e-05,None,None,None,2.7107106e-05,0.066311486
4360000,-0.013988299,1.4061618,3.8542883e-05,None,None,None,8.068056e-05,0.07822103
4365000,-0.01153852,1.4063612,3.8266415e-05,None,None,None,2.6613905e-05,0.06481375
4370000,-0.008831578,1.4065275,3.7943853e-05,None,None,None,2.5366868e-05,0.06675361
4375000,-0.0077479864,1.4067892,3.762129e-05,None,None,None,4.0345178e-05,0.07392376
4380000,-0.008372173,1.4069352,3.7344806e-05,None,None,None,1.4258412e-05,0.07181667
4385000,-0.0069294707,1.4068837,3.7064114e-05,-0.22500000335276127,4961.0,-0.22500000335276127,1.3912892e-05,0.06393722
4390000,-0.006032797,1.406875,3.673929e-05,None,None,None,3.3521721e-06,0.06697306
4395000,-0.0040572905,1.4068782,3.641673e-05,None,None,None,4.2135947e-05,0.0734864
4400000,-0.004275177,1.4069239,3.6140245e-05,None,None,None,2.7250819e-05,0.058037385
4405000,-0.009413994,1.406743,3.5863766e-05,None,None,None,1.7042814e-05,0.06408377
4410000,-0.0056579304,1.4065967,3.5541198e-05,None,None,None,3.147872e-05,0.06323293
4415000,-0.005919653,1.4064922,3.5218643e-05,None,None,None,2.1336184e-05,0.06409904
4420000,-0.009939941,1.4063002,3.4942175e-05,None,None,None,3.4419296e-05,0.064052135
4425000,-0.0131901605,1.4062688,3.4665693e-05,None,None,None,3.9843286e-05,0.07655888
4430000,-0.013937617,1.4063454,3.434313e-05,None,None,None,3.664587e-05,0.06997091
4435000,-0.014677356,1.4063154,3.4020566e-05,None,None,None,5.2795564e-05,0.07241811
4440000,-0.010074158,1.4063699,3.3744087e-05,None,None,None,6.671719e-05,0.06962293
4445000,-0.01076692,1.4063983,3.3463388e-05,-0.30833333792785805,4961.0,-0.30833333792785805,3.19436e-05,0.070867315
4450000,-0.014469033,1.4062786,3.3138567e-05,None,None,None,1.0551947e-05,0.06420473
4455000,-0.011916198,1.4061288,3.2816006e-05,None,None,None,1.5017869e-05,0.071377754
4460000,-0.010768737,1.4059093,3.2539527e-05,None,None,None,4.7055757e-05,0.0702095
4465000,-0.011093938,1.4058499,3.226304e-05,None,None,None,4.0510164e-05,0.06577809
4470000,-0.013897107,1.4057722,3.194048e-05,None,None,None,2.4428393e-05,0.066978015
4475000,-0.020154323,1.405695,3.1617936e-05,None,None,None,2.6409005e-05,0.06722076
4480000,-0.017315578,1.4055086,3.1341453e-05,None,None,None,1.6785658e-05,0.05261196
4485000,-0.016457282,1.4055104,3.1064974e-05,None,None,None,4.334755e-05,0.066452675
4490000,-0.014302142,1.4055983,3.0742405e-05,None,None,None,2.321608e-05,0.06882332
4495000,-0.007822762,1.4057931,3.0419847e-05,None,None,None,2.8541017e-05,0.06226228
4500000,-0.0068593994,1.405741,3.0143367e-05,None,None,None,1.1870012e-05,0.06693745
4505000,-0.007439636,1.4057126,2.9862666e-05,-0.2583333371828,4961.0,-0.2583333371828,3.8096264e-06,0.0757614
4510000,-0.0073677744,1.405681,2.9583927e-05,None,None,None,1.8412187e-05,0.06670159
4515000,-0.013443372,1.4055257,2.9261368e-05,None,None,None,4.357373e-05,0.06755653
4520000,-0.009514066,1.4055052,2.8938804e-05,None,None,None,4.4408276e-05,0.077038854
4525000,-0.011105692,1.405744,2.8662327e-05,None,None,None,2.2470529e-05,0.06938377
4530000,-0.01599245,1.4059516,2.8339775e-05,None,None,None,4.85475e-05,0.07037591
4535000,-0.019280698,1.4059608,2.8017217e-05,None,None,None,5.904505e-05,0.06334869
4540000,-0.010508904,1.4059832,2.7740733e-05,None,None,None,5.768207e-05,0.06649864
4545000,-0.01335248,1.4061133,2.7464252e-05,None,None,None,3.6430265e-05,0.078677155
4550000,-0.012864744,1.4061693,2.7141687e-05,None,None,None,4.4108594e-05,0.06996587
4555000,-0.015343063,1.4061263,2.6819127e-05,None,None,None,1.8897419e-05,0.070992336
4560000,-0.012762714,1.4060203,2.6542644e-05,None,None,None,6.9239555e-05,0.06870899
4565000,-0.011145051,1.4060585,2.6261945e-05,-0.37500000558793545,4961.0,-0.37500000558793545,2.5653848e-05,0.06495972
4570000,-0.009704736,1.4060059,2.5983209e-05,None,None,None,2.9013587e-05,0.07008267
4575000,-0.01128002,1.4059261,2.5660645e-05,None,None,None,2.0952786e-05,0.06238041
4580000,-0.018875185,1.4059511,2.5338091e-05,None,None,None,6.308379e-05,0.061690338
4585000,-0.014814042,1.4058442,2.5061616e-05,None,None,None,1.768751e-05,0.06905247
4590000,-0.013592534,1.4059032,2.4739056e-05,None,None,None,7.4347794e-05,0.072358206
4595000,-0.013923883,1.4060531,2.4416493e-05,None,None,None,2.6593389e-05,0.067284584
4600000,-0.01487842,1.4061214,2.4140012e-05,None,None,None,3.1863514e-05,0.07225332
4605000,-0.009113241,1.4061419,2.3863528e-05,None,None,None,3.001629e-05,0.06875837
4610000,-0.006740903,1.4061059,2.3540968e-05,None,None,None,3.2563057e-05,0.07081674
4615000,-0.009257127,1.4061443,2.3218405e-05,None,None,None,3.5959405e-05,0.07090097
4620000,-0.010887608,1.4061949,2.2941933e-05,None,None,None,4.70691e-05,0.0668931
4625000,-0.0121402275,1.4061337,2.2661228e-05,-0.30833333792785805,4961.0,-0.30833333792785805,8.574236e-06,0.06048682
4630000,-0.007891527,1.4060864,2.2382485e-05,None,None,None,3.6298166e-05,0.07135676
4635000,-0.008568521,1.4061904,2.205993e-05,None,None,None,3.270064e-05,0.06794694
4640000,-0.0090156235,1.4062222,2.1737376e-05,None,None,None,1.8316254e-05,0.0648622
4645000,-0.008151829,1.4063333,2.1460897e-05,None,None,None,2.2866381e-05,0.07290832
4650000,-0.009395887,1.4063745,2.1184416e-05,None,None,None,3.0295678e-06,0.06755785
4655000,-0.018715674,1.4061674,2.0861851e-05,None,None,None,2.916667e-05,0.066441074
4660000,-0.008071995,1.4060947,2.0539288e-05,None,None,None,3.0425836e-05,0.06894477
4665000,-0.010582373,1.4061685,2.0262807e-05,None,None,None,2.1744096e-05,0.07513245
4670000,-0.0062316256,1.4062802,1.9940246e-05,None,None,None,2.9454797e-05,0.064322196
4675000,-0.005718594,1.4063691,1.9617693e-05,None,None,None,1.7053148e-05,0.06795253
4680000,-0.0066046813,1.4063394,1.9341218e-05,None,None,None,4.3811793e-05,0.07174216
4685000,-0.0050615757,1.4061998,1.9060504e-05,-0.2083333364377419,4961.0,-0.2083333364377419,2.273025e-05,0.074979395
4690000,-0.0038440705,1.406208,1.878177e-05,None,None,None,3.273835e-05,0.076278925
4695000,-0.0075261416,1.4061003,1.8459217e-05,None,None,None,6.7486662e-06,0.06629703
4700000,-0.008497243,1.4060862,1.8136658e-05,None,None,None,4.874358e-05,0.065272026
4705000,-0.010187529,1.4060985,1.7860175e-05,None,None,None,2.2906997e-05,0.05769021
4710000,-0.010508127,1.4060198,1.7583692e-05,None,None,None,2.8485643e-05,0.05673252
4715000,-0.007216388,1.4060687,1.7261129e-05,None,None,None,3.448734e-05,0.06296891
4720000,-0.0066772206,1.4060291,1.6938568e-05,None,None,None,3.6272762e-05,0.07058564
4725000,-0.0066669146,1.4059985,1.6662087e-05,None,None,None,1.4498688e-05,0.07032116
4730000,-0.007628076,1.4059973,1.6339536e-05,None,None,None,4.3498167e-05,0.06769825
4735000,-0.0067531457,1.4058881,1.6016978e-05,None,None,None,4.5372588e-05,0.061216585
4740000,-0.010670021,1.4058571,1.57405e-05,None,None,None,3.3147462e-05,0.06415725
4745000,-0.009858915,1.4059123,1.5459793e-05,-0.23333333681027094,4961.0,-0.23333333681027094,2.2771648e-05,0.07015571
4750000,-0.008983298,1.4059616,1.5181059e-05,None,None,None,2.097676e-05,0.06674646
4755000,-0.0080788005,1.4059829,1.4858499e-05,None,None,None,3.928961e-05,0.0708615
4760000,-0.012571587,1.4059715,1.4535936e-05,None,None,None,1.4870795e-05,0.06906749
4765000,-0.010053283,1.4059018,1.4259454e-05,None,None,None,2.2881566e-05,0.062638015
4770000,-0.008097675,1.4059045,1.3982969e-05,None,None,None,5.596049e-05,0.071795814
4775000,-0.011901298,1.4059855,1.3660409e-05,None,None,None,5.2355237e-05,0.066300035
4780000,-0.011499741,1.4060866,1.3337846e-05,None,None,None,1.7265282e-05,0.069458246
4785000,-0.011785821,1.4061197,1.3061376e-05,None,None,None,3.8108206e-05,0.06670228
4790000,-0.0101836,1.4061604,1.2738819e-05,None,None,None,2.5551504e-05,0.066429764
4795000,-0.011793693,1.4061533,1.2416257e-05,None,None,None,6.5667664e-05,0.06411906
4800000,-0.009244989,1.4061165,1.2139775e-05,None,None,None,3.5945282e-05,0.05880969
4805000,-0.008103608,1.4061453,1.1859078e-05,-0.3166666713853677,4961.0,-0.3166666713853677,2.579104e-05,0.066490576
4810000,-0.010397896,1.4061084,1.1580339e-05,None,None,None,1.8346078e-05,0.065214485
4815000,-0.0094601605,1.406106,1.1257776e-05,None,None,None,4.941187e-05,0.070031404
4820000,-0.013784502,1.4061137,1.0935214e-05,None,None,None,5.650734e-05,0.067432225
4825000,-0.012438971,1.4061126,1.06587295e-05,None,None,None,3.426511e-05,0.06948224
4830000,-0.011771027,1.4061112,1.03822495e-05,None,None,None,2.9715135e-05,0.06550527
4835000,-0.008805122,1.4061085,1.0059686e-05,None,None,None,3.8156537e-05,0.063175544
4840000,-0.008398665,1.406137,9.737142e-06,None,None,None,2.8307368e-06,0.06253269
4845000,-0.008696882,1.4061867,9.460661e-06,None,None,None,2.4899116e-05,0.06509682
4850000,-0.010678229,1.4061961,9.1841775e-06,None,None,None,6.875918e-06,0.05783038
4855000,-0.011010858,1.4062304,8.861616e-06,None,None,None,5.249057e-05,0.07162403
4860000,-0.010535369,1.4062061,8.539054e-06,None,None,None,4.7716174e-05,0.06690501
4865000,-0.009538366,1.4062128,8.258357e-06,-0.30000000447034836,4961.0,-0.30000000447034836,2.8607465e-05,0.049001444
4870000,-0.009074278,1.4062657,7.979616e-06,None,None,None,4.0704614e-05,0.06833431
4875000,-0.012791289,1.4062706,7.657054e-06,None,None,None,4.015339e-05,0.075123325
4880000,-0.00986413,1.4062241,7.3344913e-06,None,None,None,4.1178373e-06,0.06456835
4885000,-0.009721724,1.4062173,7.0580095e-06,None,None,None,4.1308216e-05,0.06614558
4890000,-0.012571456,1.4061896,6.781527e-06,None,None,None,2.8125514e-05,0.06554223
4895000,-0.0069748936,1.4061794,6.4589785e-06,None,None,None,3.088986e-05,0.06866054
4900000,-0.006727058,1.406158,6.136421e-06,None,None,None,1.5044048e-05,0.0704777
4905000,-0.006451117,1.4061463,5.8599385e-06,None,None,None,2.3675817e-05,0.067308396
4910000,-0.0048813154,1.4061286,5.5834566e-06,None,None,None,1.5907053e-05,0.06417448
4915000,-0.0059879534,1.4061728,5.260895e-06,None,None,None,3.2427033e-05,0.070482224
4920000,-0.005812788,1.4062078,4.938331e-06,None,None,None,3.1199437e-05,0.074732244
4925000,-0.005542376,1.4062375,4.6576347e-06,-0.2500000037252903,4961.0,-0.2500000037252903,4.1601466e-05,0.070103854
4930000,-0.004779272,1.4062527,4.3788946e-06,None,None,None,2.232519e-05,0.07535299
4935000,-0.005596209,1.4062768,4.0563327e-06,None,None,None,1.9787072e-05,0.07122357
4940000,-0.0059866235,1.4062884,3.7337702e-06,None,None,None,3.0155807e-05,0.068450004
4945000,-0.005576156,1.4062972,3.4572877e-06,None,None,None,3.9234066e-05,0.06626152
4950000,-0.0050757765,1.4062991,3.1808233e-06,None,None,None,5.3110674e-05,0.074806124
4955000,-0.006430036,1.4063104,2.8582613e-06,None,None,None,1.2992482e-05,0.07017779
4960000,-0.007861909,1.4063091,2.5356987e-06,None,None,None,8.248423e-05,0.07377034
4965000,-0.008050512,1.4063075,2.2592171e-06,None,None,None,2.2949946e-05,0.07299894
4970000,-0.0073560127,1.406302,1.9827348e-06,None,None,None,2.7818958e-05,0.07297363
4975000,-0.009727528,1.4063057,1.6601722e-06,None,None,None,2.9506216e-05,0.06856643
4980000,-0.004348807,1.406305,1.3376101e-06,None,None,None,2.049632e-05,0.06365387
4985000,-0.0035519775,1.4063076,1.0569138e-06,-0.22500000335276127,4961.0,-0.22500000335276127,3.132341e-06,0.06986725
4990000,-0.0041017625,1.4063065,7.7817293e-07,None,None,None,1.1056281e-05,0.064377025
4995000,-0.0054487055,1.4063069,4.556105e-07,None,None,None,3.3935976e-05,0.0603922
5000000,-0.0062469225,1.4063072,1.330541e-07,None,None,None,3.891294e-05,0.06847562
