Steps,Policy/Extrinsic Value Estimate,Policy/GAIL Value Estimate,Policy/Entropy,Policy/Learning Rate,Environment/Cumulative Reward,Environment/Episode Length,Policy/Extrinsic Reward,Policy/GAIL Reward
20065000,0.65737206,-0.00023943774,1.040656,5.9260277e-05,21.818707312672284,4981.0,21.818707089444313,0.0
20070000,0.64104456,-8.298715e-05,1.040656,5.9198097e-05,None,None,None,None
20075000,0.6519427,-0.00016386509,1.040656,5.9124377e-05,None,None,None,None
20080000,0.6273489,-5.2637904e-05,1.040656,5.906908e-05,None,None,None,None
20085000,0.65387493,1.1496709e-05,1.0407801,5.9013775e-05,None,None,None,None
20090000,0.62992656,-0.0003283657,1.0409042,5.8940055e-05,None,None,None,None
20095000,0.6065923,-0.00014664319,1.0409042,5.8884776e-05,None,None,None,None
20100000,0.61506385,-0.00014109533,1.0409042,5.8829457e-05,None,None,None,None
20105000,0.59623367,4.90702e-05,1.0409042,5.8774152e-05,None,None,None,None
20110000,0.62638736,-0.00015180114,1.0409042,5.871887e-05,None,None,None,None
20115000,0.6098233,-0.00012750781,1.0408467,5.8645135e-05,None,None,None,None
20120000,0.61660403,-8.790899e-05,1.0408467,5.858985e-05,None,None,None,None
20125000,0.5969946,-0.00016611368,1.0408468,5.8540125e-05,20.5489509309283,4981.0,20.548950885073282,0.0
20130000,0.5890802,-0.0003125096,1.0408467,5.8477955e-05,None,None,None,None
20135000,0.6300989,0.00013945537,1.0408467,5.840423e-05,None,None,None,None
20140000,0.60751635,-0.00016705591,1.0409282,5.834893e-05,None,None,None,None
20145000,0.6047447,-0.00022477205,1.0409282,5.829364e-05,None,None,None,None
20150000,0.55633503,-6.7607485e-05,1.0409282,5.821991e-05,None,None,None,None
20155000,0.6126143,-0.00040631977,1.0409282,5.81646e-05,None,None,None,None
20160000,0.61874753,-0.0002828963,1.0409282,5.810932e-05,None,None,None,None
20165000,0.58254826,-0.00033851995,1.0409282,5.8054007e-05,None,None,None,None
20170000,0.5464065,-0.0002525363,1.0405711,5.7998725e-05,None,None,None,None
20175000,0.557227,-0.00010584314,1.0405711,5.7924997e-05,None,None,None,None
20180000,0.5369523,-0.00013526493,1.0405711,5.786971e-05,None,None,None,None
20185000,0.5379941,-0.00011030391,1.040571,5.7819998e-05,19.68795387152998,4981.0,19.687953878970195,0.0
20190000,0.56493175,-0.00027316337,1.0405711,5.775781e-05,None,None,None,None
20195000,0.5350264,-0.0001267108,1.041526,5.768408e-05,None,None,None,None
20200000,0.52517545,-0.00033431133,1.041526,5.762879e-05,None,None,None,None
20205000,0.53430027,-0.00050749263,1.041526,5.7573503e-05,None,None,None,None
20210000,0.5149955,-0.000109127795,1.041526,5.749976e-05,None,None,None,None
20215000,0.53440905,-0.0003105636,1.041526,5.7444457e-05,None,None,None,None
20220000,0.5226817,-0.0002459206,1.0417587,5.7389174e-05,None,None,None,None
20225000,0.4962197,0.00015803476,1.0419914,5.7333862e-05,None,None,None,None
20230000,0.5172691,0.0002714331,1.0419914,5.7278583e-05,None,None,None,None
20235000,0.51678497,0.00019337017,1.0419914,5.7204845e-05,None,None,None,None
20240000,0.502427,1.1066949e-05,1.0419914,5.714956e-05,None,None,None,None
20245000,0.47179824,0.0003450733,1.0419914,5.7099845e-05,17.604894084627897,4981.0,17.604894420335768,0.0
20250000,0.5204565,0.00024211784,1.0419835,5.7037665e-05,None,None,None,None
20255000,0.49226224,0.0005522564,1.0419835,5.6963945e-05,None,None,None,None
20260000,0.4917771,0.0004410026,1.0419835,5.6908637e-05,None,None,None,None
20265000,0.4967658,0.00044599618,1.0419835,5.685335e-05,None,None,None,None
20270000,0.47455773,0.00043651572,1.0419835,5.6779623e-05,None,None,None,None
20275000,0.5154068,0.00034665188,1.0423815,5.672434e-05,None,None,None,None
20280000,0.5078304,0.00021793568,1.0423815,5.666903e-05,None,None,None,None
20285000,0.48905027,1.4114641e-05,1.0423815,5.6613746e-05,None,None,None,None
20290000,0.4891476,-1.1542393e-05,1.0423815,5.6558438e-05,None,None,None,None
20295000,0.49046645,3.0870062e-05,1.0423815,5.6484707e-05,None,None,None,None
20300000,0.44438672,9.956417e-05,1.0423815,5.6429417e-05,None,None,None,None
20305000,0.45118782,-0.0001119798,1.0427712,5.63797e-05,16.86723216112811,4981.0,16.867232025096502,0.0
20310000,0.4748436,4.515702e-06,1.0427712,5.6317516e-05,None,None,None,None
20315000,0.48216438,-0.00012623864,1.0427712,5.6243807e-05,None,None,None,None
20320000,0.39964142,-0.00029176753,1.0427712,5.61885e-05,None,None,None,None
20325000,0.49703658,-0.00017138706,1.0427712,5.6133198e-05,None,None,None,None
20330000,0.44575128,-6.465738e-05,1.0431089,5.6059478e-05,None,None,None,None
20335000,0.47933218,-0.00030867298,1.0431089,5.6004166e-05,None,None,None,None
20340000,0.45052892,-0.00017680171,1.0431089,5.5948887e-05,None,None,None,None
20345000,0.47338796,0.00015261392,1.0431089,5.589357e-05,None,None,None,None
20350000,0.4455522,7.5975775e-05,1.0431089,5.5838293e-05,None,None,None,None
20355000,0.47326058,-5.270684e-05,1.0430508,5.576457e-05,None,None,None,None
20360000,0.47161347,-0.00024291345,1.0429927,5.5709268e-05,None,None,None,None
20365000,0.41221726,-0.00023560997,1.0429927,5.5659562e-05,18.417913778216644,4981.0,18.417913672475454,0.0
20370000,0.49938932,-5.0335668e-05,1.0429927,5.5597375e-05,None,None,None,None
20375000,0.47400314,-0.0002567303,1.0429927,5.5523655e-05,None,None,None,None
20380000,0.49999443,-0.00022852814,1.0429927,5.5468354e-05,None,None,None,None
20385000,0.46165285,-2.2343362e-05,1.0424392,5.5413075e-05,None,None,None,None
20390000,0.44837317,7.33915e-05,1.0424392,5.5339333e-05,None,None,None,None
20395000,0.47222665,0.00010045466,1.0424392,5.528405e-05,None,None,None,None
20400000,0.44209057,5.455969e-05,1.0424392,5.5228742e-05,None,None,None,None
20405000,0.47016138,0.00020731118,1.0424392,5.5173456e-05,None,None,None,None
20410000,0.48769635,-7.3100404e-05,1.042425,5.5118144e-05,None,None,None,None
20415000,0.45584458,-5.3171956e-05,1.042411,5.5044424e-05,None,None,None,None
20420000,0.48603797,-0.00032688057,1.042411,5.4989127e-05,None,None,None,None
20425000,0.47010133,-0.00031551922,1.042411,5.4939417e-05,21.423722848915833,4981.0,21.423723069456173,0.0
20430000,0.5055415,-0.00014922096,1.042411,5.4877244e-05,None,None,None,None
20435000,0.47103465,-0.00024764484,1.0423884,5.4803502e-05,None,None,None,None
20440000,0.42818776,-0.00024712246,1.0423659,5.474821e-05,None,None,None,None
20445000,0.5019113,-0.00026136969,1.0423659,5.4692915e-05,None,None,None,None
20450000,0.45011196,-0.0001964136,1.0423659,5.461919e-05,None,None,None,None
20455000,0.45188794,-0.00032222996,1.0423659,5.4563876e-05,None,None,None,None
20460000,0.49471006,-0.00040921714,1.0423659,5.4508597e-05,None,None,None,None
20465000,0.44496307,-0.00053241994,1.0423746,5.445332e-05,None,None,None,None
20470000,0.46547794,-0.000524206,1.0423746,5.4398e-05,None,None,None,None
20475000,0.39652193,-0.0007491577,1.0423746,5.4324275e-05,None,None,None,None
20480000,0.4756109,-0.00059089984,1.0423746,5.4268985e-05,None,None,None,None
20485000,0.44740555,-0.00045465174,1.0423747,5.4219272e-05,23.02207588150274,4981.0,23.02207607238476,0.0
20490000,0.51656854,-0.0004424341,1.0422791,5.4157084e-05,None,None,None,None
20495000,0.46848002,-0.00042319714,1.0421836,5.408338e-05,None,None,None,None
20500000,0.47116232,-0.00034090522,1.0421836,5.4028063e-05,None,None,None,None
20505000,0.42160547,-0.00029972073,1.0421836,5.3972784e-05,None,None,None,None
20510000,0.4253618,-0.000439987,1.0421836,5.3899046e-05,None,None,None,None
20515000,0.49361977,-0.0005016759,1.0421836,5.384376e-05,None,None,None,None
20520000,0.3906403,-0.00039541378,1.0422856,5.3788448e-05,None,None,None,None
20525000,0.48720244,-0.0002984599,1.0422856,5.3733165e-05,None,None,None,None
20530000,0.4534069,-0.000183042,1.0422856,5.367786e-05,None,None,None,None
20535000,0.43311477,-0.00026958293,1.0422856,5.360414e-05,None,None,None,None
20540000,0.43394238,-0.0004132505,1.0422856,5.3548833e-05,None,None,None,None
20545000,0.44759217,-0.0003448242,1.0424638,5.3499123e-05,19.195512401328738,4981.0,19.19551231812996,0.0
20550000,0.4488397,-0.00032459255,1.0425588,5.3436946e-05,None,None,None,None
20555000,0.43529588,-0.0001574725,1.0425588,5.336322e-05,None,None,None,None
20560000,0.4639892,-0.00025308918,1.0425588,5.330793e-05,None,None,None,None
20565000,0.46870413,-0.00022070081,1.0425588,5.3252625e-05,None,None,None,None
20570000,0.428722,-0.00036297637,1.042533,5.3178905e-05,None,None,None,None
20575000,0.4063245,6.584812e-06,1.0425073,5.3123626e-05,None,None,None,None
20580000,0.4615078,-0.00028546495,1.0425073,5.3068303e-05,None,None,None,None
20585000,0.439667,-0.00042076825,1.0425073,5.301302e-05,None,None,None,None
20590000,0.4359749,-0.00024592204,1.0425073,5.2957712e-05,None,None,None,None
20595000,0.45513594,-0.00014477025,1.0425073,5.2884e-05,None,None,None,None
20600000,0.470419,-0.00046537918,1.0428114,5.2828695e-05,None,None,None,None
20605000,0.42548066,-0.0004144701,1.0428114,5.2778985e-05,20.086506000904212,4981.0,20.08650650200434,0.0
20610000,0.4659696,-0.00038889825,1.0428114,5.271681e-05,None,None,None,None
20615000,0.46136037,-0.00039583113,1.0428114,5.264309e-05,None,None,None,None
20620000,0.4525649,-0.0005082005,1.0428114,5.2587773e-05,None,None,None,None
20625000,0.445106,-0.00042028204,1.0429406,5.2532494e-05,None,None,None,None
20630000,0.44588557,-0.00027553132,1.0430697,5.2458752e-05,None,None,None,None
20635000,0.46042728,-0.00022794027,1.0430697,5.240347e-05,None,None,None,None
20640000,0.450502,-9.872254e-05,1.0430697,5.2348165e-05,None,None,None,None
20645000,0.43367502,-0.00013125877,1.0430697,5.2292886e-05,None,None,None,None
20650000,0.47339034,-0.00032543408,1.0430697,5.223757e-05,None,None,None,None
20655000,0.4384595,0.00011336925,1.0428724,5.216385e-05,None,None,None,None
20660000,0.4560505,-4.185574e-05,1.0428724,5.210855e-05,None,None,None,None
20665000,0.42892948,-0.00014878131,1.0428725,5.205884e-05,25.057975252345006,4981.0,25.057975437957793,0.0
20670000,0.4561362,0.00018250792,1.0428724,5.199666e-05,None,None,None,None
20675000,0.44345427,0.00013702313,1.0428724,5.192293e-05,None,None,None,None
20680000,0.40932834,-5.8336504e-05,1.0426157,5.186764e-05,None,None,None,None
20685000,0.41868895,-0.0003456353,1.0426157,5.1812352e-05,None,None,None,None
20690000,0.40212607,-0.0004642872,1.0426157,5.1738607e-05,None,None,None,None
20695000,0.45414427,-0.00027685132,1.0426157,5.1683324e-05,None,None,None,None
20700000,0.4612053,-0.00014127718,1.0426157,5.1628016e-05,None,None,None,None
20705000,0.43859014,-0.00039253835,1.0426157,5.157273e-05,None,None,None,None
20710000,0.47662535,-0.0001928276,1.0431578,5.151744e-05,None,None,None,None
20715000,0.45644417,-0.00028481992,1.0431578,5.144371e-05,None,None,None,None
20720000,0.41072917,-0.0004566824,1.0431578,5.1388404e-05,None,None,None,None
20725000,0.45539844,-0.0003655481,1.0431578,5.13387e-05,20.518423467113603,4981.0,20.518423230038024,0.0
20730000,0.4360529,-0.00026278227,1.0431578,5.127652e-05,None,None,None,None
20735000,0.4618795,-0.0004322847,1.0428903,5.12028e-05,None,None,None,None
20740000,0.44751856,-0.0005199387,1.0428903,5.1147483e-05,None,None,None,None
20745000,0.4290549,-0.00037881266,1.0428903,5.1092204e-05,None,None,None,None
20750000,0.43188295,-0.0005091391,1.0428903,5.10369e-05,None,None,None,None
20755000,0.42333063,-0.00044625578,1.0428903,5.0981613e-05,None,None,None,None
20760000,0.4215707,-0.00054596545,1.0427959,5.0907875e-05,None,None,None,None
20765000,0.43892604,-0.00042598066,1.0427015,5.0852595e-05,None,None,None,None
20770000,0.47257155,-0.00022204041,1.0427015,5.079728e-05,None,None,None,None
20775000,0.4448199,-0.00041891448,1.0427015,5.072356e-05,None,None,None,None
20780000,0.47074953,-0.00039886133,1.0427015,5.066826e-05,None,None,None,None
20785000,0.42058438,-0.00056351715,1.0427015,5.0618553e-05,22.347969766393657,4981.0,22.347969979823876,0.0
20790000,0.45378742,-0.00020337326,1.0427266,5.0556366e-05,None,None,None,None
20795000,0.43236476,-0.00047834855,1.0427266,5.0482657e-05,None,None,None,None
20800000,0.49127218,-0.0006829793,1.0427266,5.0427338e-05,None,None,None,None
20805000,0.4405415,-0.00046665562,1.0427266,5.037206e-05,None,None,None,None
20810000,0.5372799,-0.0006928453,1.0427266,5.0316743e-05,None,None,None,None
20815000,0.4829587,-0.0003947385,1.0426993,5.0261464e-05,None,None,None,None
20820000,0.45596144,-0.0006640436,1.0426722,5.0187744e-05,None,None,None,None
20825000,0.42907944,-0.0005950915,1.0426722,5.013244e-05,None,None,None,None
20830000,0.4645528,-0.0006455864,1.0426722,5.007715e-05,None,None,None,None
20835000,0.43803808,-0.0007839793,1.0426722,5.0003415e-05,None,None,None,None
20840000,0.43481517,-0.00080255454,1.0426722,4.994811e-05,None,None,None,None
20845000,0.44921574,-0.00069398974,1.0420884,4.989841e-05,23.59884066479272,4981.0,23.598840653896332,0.0
20850000,0.5181962,-0.00035576118,1.0420885,4.9836228e-05,None,None,None,None
20855000,0.46421427,-0.00048238473,1.0420885,4.9762508e-05,None,None,None,None
20860000,0.4661103,-0.00049885,1.0420885,4.9707203e-05,None,None,None,None
20865000,0.4002761,-0.00045565175,1.0420885,4.9651917e-05,None,None,None,None
20870000,0.45507327,-0.00038441303,1.0419396,4.959661e-05,None,None,None,None
20875000,0.48318848,-0.00019371114,1.0419396,4.9541322e-05,None,None,None,None
20880000,0.46219194,-0.00036064663,1.0419396,4.9467584e-05,None,None,None,None
20885000,0.45981222,-0.00061530864,1.0419396,4.9412305e-05,None,None,None,None
20890000,0.4863399,-0.00023590762,1.0419396,4.935699e-05,None,None,None,None
20895000,0.44574854,-0.00049391907,1.0421047,4.9283284e-05,None,None,None,None
20900000,0.46089116,-0.00019715077,1.0422697,4.922797e-05,None,None,None,None
20905000,0.46489438,-0.0004032236,1.0422698,4.9178267e-05,22.8739014887805,4981.0,22.873901256282505,0.0
20910000,0.45332813,-0.00032104342,1.0422697,4.911609e-05,None,None,None,None
20915000,0.37387773,-0.00059782615,1.0422697,4.9042363e-05,None,None,None,None
20920000,0.4559776,-0.00033385656,1.0422697,4.8987047e-05,None,None,None,None
20925000,0.47556132,-0.00030597812,1.0416852,4.8931768e-05,None,None,None,None
20930000,0.47592902,-0.00045391818,1.0416852,4.8876485e-05,None,None,None,None
20935000,0.48473015,-0.00043263036,1.0416852,4.8821174e-05,None,None,None,None
20940000,0.412671,-0.00065460074,1.0416852,4.8747454e-05,None,None,None,None
20945000,0.46200886,-0.00052225497,1.0416852,4.869216e-05,None,None,None,None
20950000,0.44743127,-0.0003303788,1.0415764,4.863685e-05,None,None,None,None
20955000,0.46940675,-8.113037e-06,1.0414675,4.8563124e-05,None,None,None,None
20960000,0.4751675,-5.6143384e-05,1.0414675,4.8507834e-05,None,None,None,None
20965000,0.5136477,-0.00022388026,1.0414675,4.845812e-05,21.520942707650345,4981.0,21.52094246229778,0.0
20970000,0.5149889,0.00010061046,1.0414675,4.8395945e-05,None,None,None,None
20975000,0.48987103,-0.00021868637,1.0414857,4.832222e-05,None,None,None,None
20980000,0.4903616,-0.00025474004,1.0415038,4.8266917e-05,None,None,None,None
20985000,0.4698437,-0.00016470798,1.0415038,4.8211627e-05,None,None,None,None
20990000,0.4437029,-6.6212895e-05,1.0415038,4.8156322e-05,None,None,None,None
20995000,0.49628502,-0.00015248012,1.0415038,4.8101036e-05,None,None,None,None
21000000,0.5060814,0.00013580055,1.0415038,4.8027294e-05,None,None,None,None
21005000,0.46272033,-0.00021365164,1.0416546,4.797201e-05,None,None,None,None
21010000,0.4698239,-0.00018926496,1.0416546,4.7916714e-05,None,None,None,None
21015000,0.5050078,-0.00021644642,1.0416546,4.7842994e-05,None,None,None,None
21020000,0.45586023,-0.00015996705,1.0416546,4.778768e-05,None,None,None,None
21025000,0.4346026,-0.00023784427,1.0416547,4.773798e-05,24.811044360856005,4981.0,24.811044603586197,0.0
21030000,0.5018452,-0.00011492325,1.0413657,4.7675796e-05,None,None,None,None
21035000,0.5175475,-0.0003381755,1.0410769,4.7602072e-05,None,None,None,None
21040000,0.4966689,-0.00026901803,1.0410769,4.754679e-05,None,None,None,None
21045000,0.51056063,7.755272e-05,1.0410769,4.7491478e-05,None,None,None,None
21050000,0.52081543,-0.00036342538,1.0410769,4.7436195e-05,None,None,None,None
21055000,0.56152403,-0.00013448752,1.0410769,4.738089e-05,None,None,None,None
21060000,0.46596918,-0.0002546923,1.041191,4.7307156e-05,None,None,None,None
21065000,0.4910384,-0.00027076484,1.041191,4.725187e-05,None,None,None,None
21070000,0.48073748,-0.00011977754,1.041191,4.719656e-05,None,None,None,None
21075000,0.47086143,-0.00011701998,1.041191,4.712285e-05,None,None,None,None
21080000,0.55793494,-7.217655e-05,1.041191,4.7067537e-05,None,None,None,None
21085000,0.4485032,-0.00019485225,1.041132,4.7017827e-05,23.053773901851248,4981.0,23.05377358198166,0.0
21090000,0.48049966,4.278358e-05,1.0411006,4.695566e-05,None,None,None,None
21095000,0.47776216,0.00019124709,1.0411006,4.688193e-05,None,None,None,None
21100000,0.5207602,-0.000111296846,1.0411006,4.6826626e-05,None,None,None,None
21105000,0.48167914,-0.00019637991,1.0411006,4.677134e-05,None,None,None,None
21110000,0.4311799,-0.0001016439,1.0411006,4.6716028e-05,None,None,None,None
21115000,0.48812556,0.00011830117,1.0410329,4.6660745e-05,None,None,None,None
21120000,0.49453568,4.819474e-05,1.0410329,4.6587018e-05,None,None,None,None
21125000,0.5380684,0.0001989424,1.0410329,4.6531728e-05,None,None,None,None
21130000,0.50114447,0.00030713712,1.0410329,4.6476423e-05,None,None,None,None
21135000,0.4125244,0.00020528915,1.0410329,4.64027e-05,None,None,None,None
21140000,0.4763128,2.384475e-05,1.0411242,4.6347403e-05,None,None,None,None
21145000,0.43953612,-0.000110831046,1.0411242,4.6297686e-05,20.66633210294329,4981.0,20.666332049605746,0.0
21150000,0.48712307,0.00014145105,1.0411242,4.6235516e-05,None,None,None,None
21155000,0.48169726,0.00022648301,1.0411242,4.6161782e-05,None,None,None,None
21160000,0.52975637,1.4639932e-06,1.0411242,4.61065e-05,None,None,None,None
21165000,0.50953513,0.0001027929,1.0411466,4.6051195e-05,None,None,None,None
21170000,0.5276208,5.0529292e-05,1.041169,4.5995886e-05,None,None,None,None
21175000,0.4874536,0.00025300714,1.041169,4.5940607e-05,None,None,None,None
21180000,0.44543192,0.00021626614,1.041169,4.5866866e-05,None,None,None,None
21185000,0.5115799,5.1076593e-05,1.041169,4.581158e-05,None,None,None,None
21190000,0.47639155,9.681566e-05,1.041169,4.5756282e-05,None,None,None,None
21195000,0.4827559,0.00023022461,1.0412396,4.568256e-05,None,None,None,None
21200000,0.44201922,-5.084097e-05,1.0412396,4.5627246e-05,None,None,None,None
21205000,0.47889575,-6.732765e-05,1.0412397,4.5577544e-05,18.692767129872397,4981.0,18.692766685116414,0.0
21210000,0.49196038,0.00013303375,1.0412396,4.551537e-05,None,None,None,None
21215000,0.41525882,-3.469557e-05,1.0412396,4.5441644e-05,None,None,None,None
21220000,0.5242419,-0.00019584922,1.0417345,4.5386332e-05,None,None,None,None
21225000,0.44203082,-0.00012588229,1.0417345,4.533105e-05,None,None,None,None
21230000,0.4556584,-0.00016098344,1.0417345,4.5275763e-05,None,None,None,None
21235000,0.4938589,-5.4000957e-05,1.0417345,4.5220455e-05,None,None,None,None
21240000,0.43274012,-0.00018028569,1.0417345,4.5146728e-05,None,None,None,None
21245000,0.4821295,-0.00015703909,1.0417345,4.5091438e-05,None,None,None,None
21250000,0.43175963,4.860793e-05,1.0417536,4.503614e-05,None,None,None,None
21255000,0.46423927,9.668423e-05,1.0417536,4.4962406e-05,None,None,None,None
21260000,0.4715773,7.5996536e-06,1.0417536,4.4907112e-05,None,None,None,None
21265000,0.48791364,0.00021541704,1.0417536,4.4857396e-05,23.580857927197865,4981.0,23.580857965707157,0.0
21270000,0.5019163,0.00034922658,1.0417536,4.4795226e-05,None,None,None,None
21275000,0.455189,0.00020732275,1.04167,4.47215e-05,None,None,None,None
21280000,0.48580155,0.00019226398,1.04167,4.466619e-05,None,None,None,None
21285000,0.5269667,0.0006430952,1.04167,4.461091e-05,None,None,None,None
21290000,0.4819495,0.0002617937,1.04167,4.4555596e-05,None,None,None,None
21295000,0.45365515,0.00012220221,1.04167,4.4500317e-05,None,None,None,None
21300000,0.5535172,-9.4963914e-05,1.0415554,4.4426586e-05,None,None,None,None
21305000,0.49028558,1.9244475e-05,1.041441,4.437129e-05,None,None,None,None
21310000,0.47873014,0.00014934798,1.041441,4.4315988e-05,None,None,None,None
21315000,0.49193344,0.00021427052,1.041441,4.4242268e-05,None,None,None,None
21320000,0.5090151,0.00020442874,1.041441,4.418697e-05,None,None,None,None
21325000,0.4948517,5.4318294e-05,1.041441,4.4137254e-05,24.522082988756665,4981.0,24.52208285132171,0.0
21330000,0.48389363,0.0002054484,1.0420511,4.407508e-05,None,None,None,None
21335000,0.49609128,9.728356e-05,1.0420511,4.4001354e-05,None,None,None,None
21340000,0.4850928,0.00040882072,1.0420511,4.3946067e-05,None,None,None,None
21345000,0.49861342,0.00013288166,1.0420511,4.389076e-05,None,None,None,None
21350000,0.5402047,0.00027122197,1.0420511,4.3835473e-05,None,None,None,None
21355000,0.44481498,0.00036138855,1.0421329,4.3780165e-05,None,None,None,None
21360000,0.5313851,0.0003697724,1.0422146,4.3706445e-05,None,None,None,None
21365000,0.5343498,0.00019070765,1.0422146,4.3651144e-05,None,None,None,None
21370000,0.48453382,0.00020604017,1.0422146,4.359585e-05,None,None,None,None
21375000,0.502061,0.00019688896,1.0422146,4.3522123e-05,None,None,None,None
21380000,0.4678398,0.00035224474,1.0422146,4.346682e-05,None,None,None,None
21385000,0.4666568,0.00019163713,1.0420982,4.3417112e-05,21.269154400583563,4981.0,21.26915403707729,0.0
21390000,0.53884566,0.00025548524,1.0420982,4.3354936e-05,None,None,None,None
21395000,0.5105564,0.0001552269,1.0420982,4.3281216e-05,None,None,None,None
21400000,0.49948898,0.00013176708,1.0420982,4.32259e-05,None,None,None,None
21405000,0.4920555,0.00041948745,1.0420982,4.3170614e-05,None,None,None,None
21410000,0.52223843,0.00025333563,1.0417434,4.3115328e-05,None,None,None,None
21415000,0.5122885,0.00034326388,1.0417434,4.306002e-05,None,None,None,None
21420000,0.4777513,0.0001978389,1.0417434,4.2986292e-05,None,None,None,None
21425000,0.541081,0.00016226768,1.0417434,4.2931006e-05,None,None,None,None
21430000,0.47562158,3.361359e-05,1.0417434,4.2875705e-05,None,None,None,None
21435000,0.48352337,0.00036648425,1.0414747,4.2801978e-05,None,None,None,None
21440000,0.54387456,4.1261846e-06,1.041206,4.2746677e-05,None,None,None,None
21445000,0.50985163,0.00013544902,1.041206,4.2696964e-05,24.413171107735895,4981.0,24.41317077590308,0.0
21450000,0.4817019,0.0002597707,1.041206,4.2634798e-05,None,None,None,None
21455000,0.53867877,2.6120773e-05,1.041206,4.2561063e-05,None,None,None,None
21460000,0.55467445,0.00025110453,1.041206,4.2505777e-05,None,None,None,None
21465000,0.49863955,0.00025513643,1.0409232,4.245047e-05,None,None,None,None
21470000,0.50991786,0.00021542326,1.0409232,4.239518e-05,None,None,None,None
21475000,0.46358755,0.00022247122,1.0409232,4.233988e-05,None,None,None,None
21480000,0.51286113,0.0004112612,1.0409232,4.2266154e-05,None,None,None,None
21485000,0.47604674,7.7492055e-05,1.0409232,4.2210853e-05,None,None,None,None
21490000,0.49559522,0.00025887624,1.0406638,4.2155567e-05,None,None,None,None
21495000,0.48061475,6.710256e-05,1.0404044,4.208184e-05,None,None,None,None
21500000,0.5002729,-1.600741e-05,1.0404044,4.202653e-05,None,None,None,None
21505000,0.49003792,3.98169e-05,1.0404044,4.1976837e-05,23.976133864079014,4981.0,23.976134286572535,0.0
21510000,0.46769777,4.4108165e-07,1.0404044,4.1914645e-05,None,None,None,None
21515000,0.5127577,4.6237514e-05,1.040464,4.1840918e-05,None,None,None,None
21520000,0.48835087,-1.1943726e-05,1.0405236,4.178563e-05,None,None,None,None
21525000,0.51876694,2.8660454e-05,1.0405236,4.1730324e-05,None,None,None,None
21530000,0.49950272,0.00014456038,1.0405236,4.1675037e-05,None,None,None,None
21535000,0.51099473,0.00010172065,1.0405236,4.1619733e-05,None,None,None,None
21540000,0.45223743,0.00018826782,1.0405236,4.154601e-05,None,None,None,None
21545000,0.4240531,2.8192875e-05,1.0406673,4.1490715e-05,None,None,None,None
21550000,0.47520858,0.0002828778,1.0406673,4.1435414e-05,None,None,None,None
21555000,0.498226,0.00025925704,1.0406673,4.1361694e-05,None,None,None,None
21560000,0.45640433,0.00012741955,1.0406673,4.1306386e-05,None,None,None,None
21565000,0.5111404,0.00035062328,1.0406672,4.125667e-05,22.850636336041095,4981.0,22.850636162329465,0.0
21570000,0.49814886,0.0002957882,1.0407659,4.1194515e-05,None,None,None,None
21575000,0.49054322,0.0003866591,1.0408646,4.1120773e-05,None,None,None,None
21580000,0.5266012,0.00016726031,1.0408646,4.1065483e-05,None,None,None,None
21585000,0.46733037,0.00032232472,1.0408646,4.1010186e-05,None,None,None,None
21590000,0.48220506,0.00036527473,1.0408646,4.0954907e-05,None,None,None,None
21595000,0.4996272,0.00037342214,1.0408646,4.089959e-05,None,None,None,None
21600000,0.5019887,0.0003895241,1.040782,4.082587e-05,None,None,None,None
21605000,0.51496154,0.00013085514,1.040782,4.077057e-05,None,None,None,None
21610000,0.4842549,5.4481457e-05,1.040782,4.0715277e-05,None,None,None,None
21615000,0.49285007,0.0003514739,1.040782,4.0641542e-05,None,None,None,None
21620000,0.5015765,0.00015018108,1.040782,4.058626e-05,None,None,None,None
21625000,0.49786803,0.00018393905,1.0409906,4.053653e-05,24.03833044487222,4981.0,24.03833031231382,0.0
21630000,0.4869129,-0.0001927983,1.0411017,4.0474362e-05,None,None,None,None
21635000,0.49196866,-0.00013049337,1.0411017,4.0400628e-05,None,None,None,None
21640000,0.51646984,-0.00010876449,1.0411017,4.034534e-05,None,None,None,None
21645000,0.48114616,9.627622e-05,1.0411017,4.029004e-05,None,None,None,None
21650000,0.5032708,-0.00016827795,1.0411017,4.0234743e-05,None,None,None,None
21655000,0.49892008,-0.00037780908,1.041258,4.0179453e-05,None,None,None,None
21660000,0.50811386,-7.268324e-05,1.041258,4.010572e-05,None,None,None,None
21665000,0.46808052,-0.0001663947,1.041258,4.005042e-05,None,None,None,None
21670000,0.47355348,-0.00019957544,1.041258,3.999513e-05,None,None,None,None
21675000,0.48949647,-0.0001969939,1.041258,3.99214e-05,None,None,None,None
21680000,0.5210769,-9.537059e-05,1.0413727,3.98661e-05,None,None,None,None
21685000,0.47117242,-1.0611007e-05,1.0413728,3.9816387e-05,23.534206644014414,4981.0,23.534206442263287,0.0
21690000,0.49250507,8.1867336e-05,1.0413727,3.975422e-05,None,None,None,None
21695000,0.50937223,8.800677e-05,1.0413727,3.968049e-05,None,None,None,None
21700000,0.5001062,-9.452558e-06,1.0413727,3.9625207e-05,None,None,None,None
21705000,0.4911116,2.535847e-05,1.0413742,3.9569895e-05,None,None,None,None
21710000,0.5376645,0.0001669224,1.0413758,3.9514613e-05,None,None,None,None
21715000,0.4802208,0.00022419453,1.0413758,3.9459308e-05,None,None,None,None
21720000,0.5031575,0.00018841277,1.0413758,3.938558e-05,None,None,None,None
21725000,0.46935588,0.00018520036,1.0413758,3.933028e-05,None,None,None,None
21730000,0.46885896,0.00022281474,1.0413758,3.9274986e-05,None,None,None,None
21735000,0.5190182,0.00015503947,1.0411422,3.920126e-05,None,None,None,None
21740000,0.52360165,-1.7279966e-05,1.0411422,3.914597e-05,None,None,None,None
21745000,0.448693,0.00011713726,1.041142,3.9096238e-05,26.68865590798718,4981.0,26.6886561968131,0.0
21750000,0.53817147,1.7978857e-05,1.0411422,3.9034072e-05,None,None,None,None
21755000,0.48483717,0.0001081563,1.0411422,3.8960345e-05,None,None,None,None
21760000,0.53707063,1.6655085e-05,1.0412167,3.8905047e-05,None,None,None,None
21765000,0.5322264,1.600266e-05,1.0412167,3.8849757e-05,None,None,None,None
21770000,0.5072483,-5.4008367e-05,1.0412167,3.8794453e-05,None,None,None,None
21775000,0.49652973,-9.276637e-06,1.0412167,3.873916e-05,None,None,None,None
21780000,0.49523598,-0.000110886256,1.0412167,3.8665436e-05,None,None,None,None
21785000,0.4819771,-2.7034803e-05,1.0412167,3.861013e-05,None,None,None,None
21790000,0.53503054,-9.8158955e-05,1.0409964,3.855484e-05,None,None,None,None
21795000,0.47173044,-0.000121288984,1.0409964,3.8481114e-05,None,None,None,None
21800000,0.52488315,3.0527088e-05,1.0409964,3.8425827e-05,None,None,None,None
21805000,0.4911173,-0.00013851194,1.0409964,3.8376107e-05,23.423835096490773,4981.0,23.423835118708666,0.0
21810000,0.5219592,-0.00017073986,1.0409964,3.8313934e-05,None,None,None,None
21815000,0.5191578,-0.00019888429,1.0412301,3.82402e-05,None,None,None,None
21820000,0.53003573,9.882161e-05,1.0412301,3.8184917e-05,None,None,None,None
21825000,0.4999486,-0.0002053522,1.0412301,3.8129612e-05,None,None,None,None
21830000,0.52255434,4.4758737e-05,1.0412301,3.8074322e-05,None,None,None,None
21835000,0.48469076,-4.1239363e-07,1.0412301,3.8019014e-05,None,None,None,None
21840000,0.5116236,-9.428445e-05,1.0412025,3.794529e-05,None,None,None,None
21845000,0.5301055,6.741122e-05,1.041175,3.788999e-05,None,None,None,None
21850000,0.5116722,0.00013243168,1.041175,3.7834707e-05,None,None,None,None
21855000,0.53861,0.00024277158,1.041175,3.776097e-05,None,None,None,None
21860000,0.5175911,7.0049064e-05,1.041175,3.7705664e-05,None,None,None,None
21865000,0.4810166,-2.0936823e-05,1.0411751,3.765596e-05,24.97963264037249,4981.0,24.97963246703148,0.0
21870000,0.541965,0.00025828567,1.041459,3.759379e-05,None,None,None,None
21875000,0.5290554,0.00016369176,1.041459,3.752006e-05,None,None,None,None
21880000,0.5131827,-5.4516993e-05,1.041459,3.7464757e-05,None,None,None,None
21885000,0.54092693,0.00022209565,1.041459,3.7409463e-05,None,None,None,None
21890000,0.49750796,0.0002447904,1.041459,3.735418e-05,None,None,None,None
21895000,0.531493,0.00014877871,1.0414606,3.729887e-05,None,None,None,None
21900000,0.5521842,0.0002382147,1.0414623,3.7225145e-05,None,None,None,None
21905000,0.56171626,0.0003762829,1.0414623,3.7169848e-05,None,None,None,None
21910000,0.5433756,0.00042060512,1.0414623,3.7114558e-05,None,None,None,None
21915000,0.5140007,0.00016161625,1.0414623,3.7040823e-05,None,None,None,None
21920000,0.55422336,0.00051206443,1.0414623,3.6985533e-05,None,None,None,None
21925000,0.53612167,0.0003568228,1.0411427,3.693582e-05,26.39402799532756,4981.0,26.394027876551263,0.0
21930000,0.5550056,0.00030973883,1.0411427,3.6873644e-05,None,None,None,None
21935000,0.552776,0.00050790235,1.0411427,3.6799916e-05,None,None,None,None
21940000,0.5196049,0.0004687959,1.0411427,3.6744626e-05,None,None,None,None
21945000,0.50542694,0.0004389708,1.0411427,3.668932e-05,None,None,None,None
21950000,0.51592034,0.000524215,1.0412827,3.663402e-05,None,None,None,None
21955000,0.5569615,0.00032977975,1.0412827,3.6578735e-05,None,None,None,None
21960000,0.5319784,0.000350361,1.0412827,3.650501e-05,None,None,None,None
21965000,0.5168157,0.00040489083,1.0412827,3.64497e-05,None,None,None,None
21970000,0.5349817,0.00045234515,1.0412827,3.6394413e-05,None,None,None,None
21975000,0.50188714,0.0004956281,1.0411363,3.6320685e-05,None,None,None,None
21980000,0.5540815,0.00043656415,1.0409898,3.626538e-05,None,None,None,None
21985000,0.5285353,0.00033203402,1.0409898,3.621568e-05,24.880518717238147,4981.0,24.880518595998485,0.0
21990000,0.52174634,0.00018860004,1.0409898,3.61535e-05,None,None,None,None
21995000,0.47603145,0.0005024101,1.0409898,3.6079768e-05,None,None,None,None
22000000,0.51312596,0.0004284144,1.0409898,3.6024485e-05,None,None,None,None
22005000,0.5126294,0.00065883796,1.0405636,3.5969173e-05,None,None,None,None
22010000,0.49008083,0.0005909548,1.0405636,3.5913887e-05,None,None,None,None
22015000,0.51517683,0.0007160109,1.0405636,3.5858582e-05,None,None,None,None
22020000,0.5632569,0.00050227164,1.0405636,3.5784862e-05,None,None,None,None
22025000,0.5069357,0.00051646266,1.0405636,3.5729558e-05,None,None,None,None
22030000,0.50674796,0.00063244463,1.0403419,3.5674268e-05,None,None,None,None
22035000,0.509953,0.0007085553,1.0401202,3.560054e-05,None,None,None,None
22040000,0.51049185,0.0005668806,1.0401202,3.5545243e-05,None,None,None,None
22045000,0.52845407,0.00061192416,1.0401202,3.5495526e-05,21.522155767316878,4981.0,21.52215526573127,0.0
22050000,0.47326317,0.0006874014,1.0401202,3.543336e-05,None,None,None,None
22055000,0.5919387,0.00076865294,1.0400844,3.5359622e-05,None,None,None,None
22060000,0.51950276,0.00066556287,1.0400485,3.5304325e-05,None,None,None,None
22065000,0.5198273,0.00069715263,1.0400485,3.524904e-05,None,None,None,None
22070000,0.4987966,0.00065664604,1.0400485,3.519375e-05,None,None,None,None
22075000,0.4944461,0.00049971306,1.0400485,3.5138444e-05,None,None,None,None
22080000,0.5670258,0.0009016986,1.0400485,3.5064717e-05,None,None,None,None
22085000,0.53932697,0.0006276473,1.0400779,3.5009427e-05,None,None,None,None
22090000,0.49324733,0.00039563124,1.0400779,3.4954122e-05,None,None,None,None
22095000,0.4748849,0.0007622659,1.0400779,3.4880395e-05,None,None,None,None
22100000,0.51981527,0.00045785267,1.0400779,3.4825112e-05,None,None,None,None
22105000,0.47474796,0.0005829605,1.0400779,3.4775385e-05,24.971791897928398,4981.0,24.97179184339863,0.0
22110000,0.46980453,0.00055566675,1.0399965,3.4713215e-05,None,None,None,None
22115000,0.5422283,0.00068129465,1.0399152,3.4639488e-05,None,None,None,None
22120000,0.54176366,0.0005064005,1.0399152,3.458419e-05,None,None,None,None
22125000,0.47482452,0.00027097922,1.0399152,3.4528886e-05,None,None,None,None
22130000,0.55046606,0.00034092454,1.0399152,3.4473596e-05,None,None,None,None
22135000,0.51945955,0.00049651496,1.0399152,3.44183e-05,None,None,None,None
22140000,0.51759416,0.0007123479,1.0397645,3.434457e-05,None,None,None,None
22145000,0.5253752,0.0005562188,1.0397645,3.4289267e-05,None,None,None,None
22150000,0.54226065,0.00071796746,1.0397645,3.423398e-05,None,None,None,None
22155000,0.54063624,0.0006118537,1.0397645,3.4160246e-05,None,None,None,None
22160000,0.5101418,0.00046455162,1.0397645,3.410495e-05,None,None,None,None
22165000,0.5008068,0.0004385493,1.03963,3.405524e-05,27.228709996479854,4981.0,27.22870982430565,0.0
22170000,0.5156423,0.00038919837,1.0395583,3.3993063e-05,None,None,None,None
22175000,0.494834,0.0003900892,1.0395583,3.391934e-05,None,None,None,None
22180000,0.4988206,0.00032003506,1.0395583,3.3864053e-05,None,None,None,None
22185000,0.5152433,0.00018311708,1.0395583,3.3808745e-05,None,None,None,None
22190000,0.53101015,0.00035884947,1.0395583,3.3753455e-05,None,None,None,None
22195000,0.52828467,0.00018321395,1.0397016,3.369816e-05,None,None,None,None
22200000,0.5279358,0.00029070667,1.0397016,3.3624423e-05,None,None,None,None
22205000,0.5113652,9.5682386e-05,1.0397016,3.3569137e-05,None,None,None,None
22210000,0.5473881,0.0003899979,1.0397016,3.351384e-05,None,None,None,None
22215000,0.517748,9.116471e-05,1.0397016,3.3440112e-05,None,None,None,None
22220000,0.5512725,0.00020229231,1.0399532,3.3384807e-05,None,None,None,None
22225000,0.5177286,0.0003457306,1.0399534,3.3335094e-05,26.094886290570646,4981.0,26.094886592317682,0.0
22230000,0.52787524,0.00021022193,1.0399532,3.3272932e-05,None,None,None,None
22235000,0.5419414,0.0001861681,1.0399532,3.319919e-05,None,None,None,None
22240000,0.54979473,0.0004048121,1.0399532,3.31439e-05,None,None,None,None
22245000,0.4831875,0.00045710226,1.0400028,3.3088603e-05,None,None,None,None
22250000,0.53588593,0.00037128414,1.0400524,3.3033306e-05,None,None,None,None
22255000,0.51937604,0.0003354904,1.0400524,3.297801e-05,None,None,None,None
22260000,0.5378642,0.00033880255,1.0400524,3.2904285e-05,None,None,None,None
22265000,0.5361989,0.0002738248,1.0400524,3.2848995e-05,None,None,None,None
22270000,0.51603216,0.0005184849,1.0400524,3.2793687e-05,None,None,None,None
22275000,0.5501091,0.00033076684,1.0400589,3.2719967e-05,None,None,None,None
22280000,0.59274435,0.00018368592,1.0400589,3.266468e-05,None,None,None,None
22285000,0.5316689,0.00042296253,1.0400587,3.2614953e-05,24.307753669000096,4981.0,24.307753342262004,0.0
22290000,0.527258,0.00022065877,1.0400589,3.255278e-05,None,None,None,None
22295000,0.5582245,0.00026841805,1.0400589,3.2479045e-05,None,None,None,None
22300000,0.5379369,0.00026049535,1.0397285,3.242376e-05,None,None,None,None
22305000,0.53633547,0.00026042928,1.0397285,3.2368465e-05,None,None,None,None
22310000,0.50928634,8.2813065e-05,1.0397285,3.2313164e-05,None,None,None,None
22315000,0.5771885,0.00011971432,1.0397285,3.2257863e-05,None,None,None,None
22320000,0.53744906,0.00019580899,1.0397285,3.2184143e-05,None,None,None,None
22325000,0.55991924,0.00016473945,1.0397285,3.2128846e-05,None,None,None,None
22330000,0.5304554,0.00010159022,1.0397768,3.207355e-05,None,None,None,None
22335000,0.54927,0.0001589126,1.0397768,3.1999814e-05,None,None,None,None
22340000,0.58947486,0.00016861169,1.0397768,3.1944517e-05,None,None,None,None
22345000,0.58414596,0.00011837639,1.0397768,3.189481e-05,25.206844182917433,4981.0,25.20684410641358,0.0
22350000,0.517494,8.6508466e-05,1.0397768,3.1832635e-05,None,None,None,None
22355000,0.5387689,0.00016075419,1.0395058,3.1758907e-05,None,None,None,None
22360000,0.561734,8.862276e-05,1.0395058,3.170361e-05,None,None,None,None
22365000,0.5173455,7.2823306e-05,1.0395058,3.1648313e-05,None,None,None,None
22370000,0.5284292,0.00012209328,1.0395058,3.1593027e-05,None,None,None,None
22375000,0.59823704,0.00026978675,1.0395058,3.1537726e-05,None,None,None,None
22380000,0.55727994,0.00014474303,1.0395036,3.146399e-05,None,None,None,None
22385000,0.56608254,0.00019710867,1.0395013,3.1408705e-05,None,None,None,None
22390000,0.54002774,0.00013274625,1.0395013,3.135341e-05,None,None,None,None
22395000,0.53033435,-6.469582e-05,1.0395013,3.1279673e-05,None,None,None,None
22400000,0.5703957,-9.374972e-06,1.0395013,3.1224386e-05,None,None,None,None
22405000,0.52201706,0.00023751133,1.0395013,3.1174666e-05,22.67375644843666,4981.0,22.67375627241563,0.0
22410000,0.5796387,5.8398844e-05,1.0394609,3.111249e-05,None,None,None,None
22415000,0.5287418,4.722959e-05,1.0394609,3.103877e-05,None,None,None,None
22420000,0.5558122,0.000121555975,1.0394609,3.098347e-05,None,None,None,None
22425000,0.5224173,0.00015456461,1.0394609,3.0928168e-05,None,None,None,None
22430000,0.5065445,9.330725e-05,1.0394609,3.0872874e-05,None,None,None,None
22435000,0.58572716,0.0001134069,1.039259,3.0817588e-05,None,None,None,None
22440000,0.55013984,-0.00011286746,1.039057,3.0743853e-05,None,None,None,None
22445000,0.5466668,9.927475e-05,1.039057,3.068854e-05,None,None,None,None
22450000,0.54136634,-2.2807233e-06,1.039057,3.063326e-05,None,None,None,None
22455000,0.56350505,1.81924e-05,1.039057,3.0559535e-05,None,None,None,None
22460000,0.58170253,-0.00012955996,1.039057,3.0504227e-05,None,None,None,None
22465000,0.5497044,2.8998522e-05,1.0389394,3.0454528e-05,26.867657532192954,4981.0,26.867657945413765,0.0
22470000,0.5349427,5.9835398e-05,1.0389394,3.0392344e-05,None,None,None,None
22475000,0.5692714,-5.3201802e-05,1.0389394,3.0318617e-05,None,None,None,None
22480000,0.57933813,-1.6412914e-06,1.0389394,3.0263329e-05,None,None,None,None
22485000,0.589283,3.933018e-05,1.0389394,3.020803e-05,None,None,None,None
22490000,0.56766576,8.437469e-05,1.0391093,3.0152734e-05,None,None,None,None
22495000,0.5363124,-2.4564855e-05,1.0391093,3.0097435e-05,None,None,None,None
22500000,0.5743872,8.571074e-05,1.0391093,3.0023715e-05,None,None,None,None
22505000,0.55822796,7.286908e-05,1.0391093,2.9968416e-05,None,None,None,None
22510000,0.5173192,-5.7257872e-05,1.0391093,2.9913117e-05,None,None,None,None
22515000,0.56213737,-7.937386e-05,1.0391331,2.983939e-05,None,None,None,None
22520000,0.55474436,0.00013307644,1.0391568,2.9784096e-05,None,None,None,None
22525000,0.5631934,0.00027902506,1.0391569,2.9734381e-05,26.637736499948574,4981.0,26.637736602841567,0.0
22530000,0.49363384,0.00011627826,1.0391568,2.9672212e-05,None,None,None,None
22535000,0.5598762,9.829309e-05,1.0391568,2.9616902e-05,None,None,None,None
22540000,0.5492536,0.00016754177,1.0391568,2.9561616e-05,None,None,None,None
22545000,0.5318953,0.00013958503,1.0394362,2.9487892e-05,None,None,None,None
22550000,0.5500968,0.00014049384,1.0394362,2.9432595e-05,None,None,None,None
22555000,0.5413415,0.00013833324,1.0394362,2.9377297e-05,None,None,None,None
22560000,0.56588906,0.00018823148,1.0394362,2.9303563e-05,None,None,None,None
22565000,0.5662681,0.00021708882,1.0394362,2.9248275e-05,None,None,None,None
22570000,0.52817327,6.5055465e-05,1.0392871,2.9192965e-05,None,None,None,None
22575000,0.54407066,0.00020699899,1.039138,2.9119243e-05,None,None,None,None
22580000,0.5272672,0.00023757269,1.039138,2.9063956e-05,None,None,None,None
22585000,0.5171503,0.00019380721,1.039138,2.9014234e-05,24.86679242256048,4981.0,24.866792601998895,0.0
22590000,0.50292087,0.00025758083,1.039138,2.8952058e-05,None,None,None,None
22595000,0.5484957,0.0003379567,1.039138,2.8896759e-05,None,None,None,None
22600000,0.52217054,0.00010581602,1.0391567,2.8841474e-05,None,None,None,None
22605000,0.55789834,9.051953e-05,1.0391567,2.876774e-05,None,None,None,None
22610000,0.5513152,5.1148236e-05,1.0391567,2.8712444e-05,None,None,None,None
22615000,0.54055,-2.3498826e-05,1.0391567,2.8657158e-05,None,None,None,None
22620000,0.54328185,-4.3498403e-05,1.0391567,2.8583421e-05,None,None,None,None
22625000,0.5803808,-7.4179574e-05,1.0386734,2.8528126e-05,None,None,None,None
22630000,0.5328719,-9.2850976e-05,1.0386734,2.847283e-05,None,None,None,None
22635000,0.55377024,-0.00016129781,1.0386734,2.8399103e-05,None,None,None,None
22640000,0.55784273,-0.00018637891,1.0386734,2.8343806e-05,None,None,None,None
22645000,0.5057049,3.8257618e-05,1.0386734,2.8294087e-05,22.538125638412073,4981.0,22.538125730139047,0.0
22650000,0.508921,-3.839996e-05,1.0386184,2.823192e-05,None,None,None,None
22655000,0.5557393,-8.6597414e-05,1.0385635,2.8176633e-05,None,None,None,None
22660000,0.56985223,-6.945625e-05,1.0385635,2.8121329e-05,None,None,None,None
22665000,0.51946753,-0.00015300912,1.0385635,2.8047602e-05,None,None,None,None
22670000,0.5150394,-0.00012376158,1.0385635,2.7992302e-05,None,None,None,None
22675000,0.52558196,-0.00017389967,1.0385635,2.7937003e-05,None,None,None,None
22680000,0.5047428,-0.00019687225,1.0382675,2.7863269e-05,None,None,None,None
22685000,0.52231866,-5.3064625e-05,1.0382675,2.7807984e-05,None,None,None,None
22690000,0.5383487,-7.913986e-05,1.0382675,2.7752685e-05,None,None,None,None
22695000,0.50165445,1.8001436e-05,1.0382675,2.7678965e-05,None,None,None,None
22700000,0.50102407,-0.00016051628,1.0382675,2.7623666e-05,None,None,None,None
22705000,0.51919866,-0.00021888375,1.0382432,2.757394e-05,24.9139210580621,4981.0,24.91392087767599,0.0
22710000,0.528077,-8.091469e-05,1.0382301,2.7511778e-05,None,None,None,None
22715000,0.5180183,-3.4903707e-05,1.0382301,2.7456468e-05,None,None,None,None
22720000,0.48558885,-0.00016888473,1.0382301,2.7401184e-05,None,None,None,None
22725000,0.5631498,3.520619e-05,1.0382301,2.7327462e-05,None,None,None,None
22730000,0.5444089,-0.00019994765,1.0382301,2.7272152e-05,None,None,None,None
22735000,0.52754056,6.07787e-05,1.0382245,2.7216865e-05,None,None,None,None
22740000,0.5367223,1.0221321e-05,1.0382245,2.7143135e-05,None,None,None,None
22745000,0.49765688,6.772867e-05,1.0382245,2.7087845e-05,None,None,None,None
22750000,0.48853168,-5.9306676e-05,1.0382245,2.703254e-05,None,None,None,None
22755000,0.50681293,-3.804828e-05,1.0382245,2.6958813e-05,None,None,None,None
22760000,0.55962247,-7.569653e-05,1.0380214,2.6903524e-05,None,None,None,None
22765000,0.5359671,-9.690384e-05,1.0380214,2.6853808e-05,25.049595585799693,4981.0,25.04959604082008,0.0
22770000,0.49312362,-2.6694144e-05,1.0380214,2.6791633e-05,None,None,None,None
22775000,0.5271931,-0.00012740515,1.0380214,2.673634e-05,None,None,None,None
22780000,0.5522026,-6.553473e-05,1.0380214,2.6681038e-05,None,None,None,None
22785000,0.49790725,-0.0001848804,1.0380756,2.6607308e-05,None,None,None,None
22790000,0.5154037,-0.0001442213,1.0381297,2.6552008e-05,None,None,None,None
22795000,0.5210852,-4.5397075e-05,1.0381297,2.6496713e-05,None,None,None,None
22800000,0.49791893,-4.4516048e-05,1.0381297,2.642299e-05,None,None,None,None
22805000,0.5772933,-0.000147924,1.0381297,2.6367692e-05,None,None,None,None
22810000,0.5482739,7.561057e-05,1.0381297,2.6312407e-05,None,None,None,None
22815000,0.54079556,-3.1297976e-05,1.0381453,2.6238671e-05,None,None,None,None
22820000,0.533126,-0.0002351905,1.0381453,2.6183376e-05,None,None,None,None
22825000,0.52861905,-0.00014578633,1.0381453,2.6133655e-05,27.859786438460144,4981.0,27.859786346554756,0.0
22830000,0.5692295,-0.00010260553,1.0381453,2.6071488e-05,None,None,None,None
22835000,0.5595916,-0.00020877032,1.0381453,2.6016203e-05,None,None,None,None
22840000,0.53399837,-0.00033242078,1.0380771,2.5960893e-05,None,None,None,None
22845000,0.5328176,-0.0002564669,1.0380089,2.588717e-05,None,None,None,None
22850000,0.5087465,-0.00011019401,1.0380089,2.5831872e-05,None,None,None,None
22855000,0.54983,-0.0001147383,1.0380089,2.5776579e-05,None,None,None,None
22860000,0.52668303,-0.00015729069,1.0380089,2.5702844e-05,None,None,None,None
22865000,0.5415937,-0.0001796545,1.0380089,2.5647554e-05,None,None,None,None
22870000,0.5696329,-0.000225846,1.0381652,2.5592253e-05,None,None,None,None
22875000,0.6013178,-5.4015258e-05,1.0381652,2.5536954e-05,None,None,None,None
22880000,0.53385967,-0.0002977982,1.0381652,2.5481659e-05,None,None,None,None
22885000,0.58732885,-0.00033975003,1.0381652,2.5413516e-05,27.921324734873735,4981.0,27.92132475661735,0.0
22890000,0.5459012,-0.00016565187,1.0381652,2.5351343e-05,None,None,None,None
22895000,0.5585986,-0.0001853877,1.0379552,2.5296038e-05,None,None,None,None
22900000,0.52712935,-0.00014179855,1.0379552,2.524075e-05,None,None,None,None
22905000,0.56438184,-0.0002259007,1.0379552,2.5167028e-05,None,None,None,None
22910000,0.55836296,-0.0001447653,1.0379552,2.5111718e-05,None,None,None,None
22915000,0.5197678,-0.00017132524,1.0379552,2.5056434e-05,None,None,None,None
22920000,0.51720536,-0.0002301482,1.0379165,2.4982712e-05,None,None,None,None
22925000,0.5784812,8.4943415e-05,1.0378779,2.49274e-05,None,None,None,None
22930000,0.5569713,-0.00013389923,1.0378779,2.4872115e-05,None,None,None,None
22935000,0.5707906,9.6591226e-05,1.0378779,2.4816825e-05,None,None,None,None
22940000,0.57036865,1.9703866e-05,1.0378779,2.4761517e-05,None,None,None,None
22945000,0.5675223,-2.6639094e-05,1.0378779,2.4693381e-05,29.275302481838292,4981.0,29.275302356807515,0.0
22950000,0.5837293,-0.00012819166,1.037778,2.4631196e-05,None,None,None,None
22955000,0.5962811,-1.9940591e-05,1.037778,2.4575907e-05,None,None,None,None
22960000,0.5579155,-5.7342415e-05,1.037778,2.4520607e-05,None,None,None,None
22965000,0.5633305,2.6658563e-05,1.037778,2.4446883e-05,None,None,None,None
22970000,0.5806264,3.05884e-05,1.037778,2.439158e-05,None,None,None,None
22975000,0.5631739,-0.00019593787,1.0376315,2.4336288e-05,None,None,None,None
22980000,0.56360346,-7.80562e-05,1.0374851,2.426256e-05,None,None,None,None
22985000,0.5223324,-0.00016272048,1.0374851,2.420726e-05,None,None,None,None
22990000,0.57374036,-0.00019849585,1.0374851,2.4151963e-05,None,None,None,None
22995000,0.5532664,-0.00021064556,1.0374851,2.4096664e-05,None,None,None,None
23000000,0.5970742,-0.00012407225,1.0374851,2.404138e-05,None,None,None,None
23005000,0.58905524,-0.00014747125,1.0377347,2.3973229e-05,26.640783999215387,4981.0,26.64078409288777,0.0
23010000,0.55999815,-9.399922e-05,1.0377349,2.3911056e-05,None,None,None,None
23015000,0.5773079,-0.00014078539,1.0377349,2.3855768e-05,None,None,None,None
23020000,0.5529078,-0.0002067174,1.0377349,2.380046e-05,None,None,None,None
23025000,0.51314396,-0.00017749002,1.0377349,2.3726738e-05,None,None,None,None
23030000,0.5680928,-0.000108626205,1.0376424,2.3671451e-05,None,None,None,None
23035000,0.5493296,-6.290545e-05,1.0376424,2.3616141e-05,None,None,None,None
23040000,0.5465066,-8.1175865e-05,1.0376424,2.3542418e-05,None,None,None,None
23045000,0.5476019,-0.0001928871,1.0376424,2.348713e-05,None,None,None,None
23050000,0.5804089,-0.00010383568,1.0376424,2.3431829e-05,None,None,None,None
23055000,0.53458136,-0.00020980401,1.0376424,2.3376526e-05,None,None,None,None
23060000,0.57126015,-0.00021871444,1.037677,2.332123e-05,None,None,None,None
23065000,0.5402339,-0.00037389793,1.0376772,2.3253087e-05,22.685163979607143,4981.0,22.685164346553695,0.0
23070000,0.5598187,-0.00030237442,1.037677,2.319091e-05,None,None,None,None
23075000,0.56576025,-0.00034517198,1.037677,2.3135615e-05,None,None,None,None
23080000,0.55996096,-0.00034776315,1.037677,2.3080322e-05,None,None,None,None
23085000,0.61055094,-0.00028871553,1.0376701,2.3006593e-05,None,None,None,None
23090000,0.568343,-0.00021709746,1.0376701,2.295129e-05,None,None,None,None
23095000,0.56879723,-0.00017875861,1.0376701,2.2896002e-05,None,None,None,None
23100000,0.5615624,-0.00019650973,1.0376701,2.2822267e-05,None,None,None,None
23105000,0.546632,-0.00016564911,1.0376701,2.2766968e-05,None,None,None,None
23110000,0.5810687,-0.00013264948,1.0376434,2.2711683e-05,None,None,None,None
23115000,0.5283875,-0.00020623622,1.0376166,2.2656393e-05,None,None,None,None
23120000,0.544838,-0.00014782292,1.0376166,2.2601087e-05,None,None,None,None
23125000,0.5907784,-0.00018673144,1.0376166,2.2532948e-05,24.71053284684814,4981.0,24.710532809762906,0.0
23130000,0.5483987,-8.446871e-05,1.0376166,2.2470764e-05,None,None,None,None
23135000,0.51923,-0.00012398549,1.0376166,2.2415477e-05,None,None,None,None
23140000,0.5755185,-0.00021432969,1.0377133,2.236018e-05,None,None,None,None
23145000,0.5554758,-0.00022711325,1.0377133,2.2286446e-05,None,None,None,None
23150000,0.5406553,-0.00020541898,1.0377133,2.2231157e-05,None,None,None,None
23155000,0.5101927,-0.0001584718,1.0377133,2.217586e-05,None,None,None,None
23160000,0.5623646,-0.00029987545,1.0377133,2.2102133e-05,None,None,None,None
23165000,0.5535736,-0.00018767027,1.037535,2.204683e-05,None,None,None,None
23170000,0.50947237,-0.0002066852,1.037535,2.1991535e-05,None,None,None,None
23175000,0.5445888,-0.00022520333,1.037535,2.1936235e-05,None,None,None,None
23180000,0.539925,-0.00030278665,1.037535,2.1880945e-05,None,None,None,None
23185000,0.56010187,-0.00032139834,1.037535,2.1812793e-05,23.589396027396862,4981.0,23.58939612924587,0.0
23190000,0.5498681,-0.00030498533,1.0375702,2.1750626e-05,None,None,None,None
23195000,0.56025016,-0.00023907804,1.0376055,2.1695325e-05,None,None,None,None
23200000,0.5092387,-0.00021472333,1.0376055,2.1640031e-05,None,None,None,None
23205000,0.5921928,-0.00022374214,1.0376055,2.1566306e-05,None,None,None,None
23210000,0.61383593,-0.00024107704,1.0376055,2.1511e-05,None,None,None,None
23215000,0.5531211,-0.00017651604,1.0376055,2.145571e-05,None,None,None,None
23220000,0.52481276,-9.089198e-05,1.0378276,2.1381988e-05,None,None,None,None
23225000,0.5470697,-0.00020256208,1.0378276,2.1326696e-05,None,None,None,None
23230000,0.5481532,-0.000227806,1.0378276,2.1271391e-05,None,None,None,None
23235000,0.51316464,-0.00027015276,1.0378276,2.1216101e-05,None,None,None,None
23240000,0.5505928,-0.0002326763,1.0378276,2.1160802e-05,None,None,None,None
23245000,0.5233283,-4.250701e-05,1.0377516,2.1092657e-05,24.282922555295084,4981.0,24.282922563065465,0.0
23250000,0.5379364,-3.6770944e-05,1.037711,2.1030484e-05,None,None,None,None
23255000,0.5510831,-0.00023740789,1.037711,2.0975187e-05,None,None,None,None
23260000,0.5515739,-0.00022668768,1.037711,2.0919886e-05,None,None,None,None
23265000,0.5388905,-0.00031597557,1.037711,2.0846164e-05,None,None,None,None
23270000,0.55945766,-0.00024306774,1.037711,2.0790865e-05,None,None,None,None
23275000,0.56490386,-0.00020911248,1.0373375,2.0735572e-05,None,None,None,None
23280000,0.5186919,-0.00019985899,1.0373375,2.0661839e-05,None,None,None,None
23285000,0.48344854,-8.7269604e-05,1.0373375,2.060654e-05,None,None,None,None
23290000,0.494303,-0.00010480672,1.0373375,2.055125e-05,None,None,None,None
23295000,0.55244017,-0.00018430567,1.0373375,2.0495945e-05,None,None,None,None
23300000,0.50757957,-5.7565572e-05,1.0373188,2.0440653e-05,None,None,None,None
23305000,0.5537539,-9.981013e-05,1.0373002,2.0372509e-05,26.33245394246084,4981.0,26.332453912318062,0.0
23310000,0.5238673,-9.3039394e-05,1.0373002,2.0310334e-05,None,None,None,None
23315000,0.5034505,-3.4147135e-05,1.0373002,2.0255045e-05,None,None,None,None
23320000,0.5486538,-9.696545e-06,1.0373002,2.0199739e-05,None,None,None,None
23325000,0.5625626,-0.000103011414,1.0373951,2.0126014e-05,None,None,None,None
23330000,0.5510149,-8.426929e-05,1.03749,2.0070727e-05,None,None,None,None
23335000,0.5515426,-0.00023654991,1.03749,2.0015428e-05,None,None,None,None
23340000,0.5533267,-0.00019591779,1.03749,1.9941694e-05,None,None,None,None
23345000,0.5465898,-0.00015414378,1.03749,1.9886404e-05,None,None,None,None
23350000,0.49793965,-5.8511727e-05,1.03749,1.9831106e-05,None,None,None,None
23355000,0.54621696,-2.2333012e-05,1.0376322,1.9775809e-05,None,None,None,None
23360000,0.56440914,-1.8561881e-05,1.0376322,1.9720508e-05,None,None,None,None
23365000,0.52553755,-9.000073e-05,1.0376323,1.9652365e-05,27.106028884151613,4981.0,27.10602867405396,0.0
23370000,0.539832,-4.425574e-05,1.0376322,1.959019e-05,None,None,None,None
23375000,0.58260673,-3.265964e-05,1.0376322,1.9534895e-05,None,None,None,None
23380000,0.53029764,-8.329116e-05,1.0377108,1.9479605e-05,None,None,None,None
23385000,0.56576484,-0.0001869874,1.0377892,1.9405878e-05,None,None,None,None
23390000,0.5431843,-0.00020198837,1.0377892,1.9350573e-05,None,None,None,None
23395000,0.5366558,-0.00027764135,1.0377892,1.929528e-05,None,None,None,None
23400000,0.56142986,-0.00018298902,1.0377892,1.9221556e-05,None,None,None,None
23405000,0.5604335,-0.000103693106,1.0377892,1.916625e-05,None,None,None,None
23410000,0.5333862,-0.00018068965,1.0376604,1.9110958e-05,None,None,None,None
23415000,0.5466169,-0.00012276063,1.0376604,1.9055673e-05,None,None,None,None
23420000,0.56086075,-0.00031184888,1.0376604,1.9000372e-05,None,None,None,None
23425000,0.5693051,-0.00019916179,1.0376604,1.8932225e-05,25.687244313256315,4981.0,25.6872442237994,0.0
23430000,0.5479393,-0.00016985659,1.0376604,1.887005e-05,None,None,None,None
23435000,0.56312025,-0.00033680655,1.0374316,1.8814755e-05,None,None,None,None
23440000,0.53266674,-0.000109012755,1.0374316,1.8759456e-05,None,None,None,None
23445000,0.53874934,-0.00013912047,1.0374316,1.8685732e-05,None,None,None,None
23450000,0.5832264,-0.000131886,1.0374316,1.8630435e-05,None,None,None,None
23455000,0.57652146,-6.492351e-05,1.0374316,1.8575134e-05,None,None,None,None
23460000,0.52697635,-0.00012337163,1.0374831,1.8501412e-05,None,None,None,None
23465000,0.5774604,-0.00015257284,1.0375344,1.8446113e-05,None,None,None,None
23470000,0.5359236,-0.00014145902,1.0375344,1.8390812e-05,None,None,None,None
23475000,0.5890943,-0.000164783,1.0375344,1.8335515e-05,None,None,None,None
23480000,0.58830774,-0.0001538787,1.0375344,1.8280225e-05,None,None,None,None
23485000,0.5865049,-0.00019684272,1.0375344,1.8212078e-05,29.270686220951877,4981.0,29.270686213392764,0.0
23490000,0.58508986,-0.00015397038,1.0374489,1.8149907e-05,None,None,None,None
23495000,0.5485965,-0.00011085835,1.0374489,1.8094617e-05,None,None,None,None
23500000,0.5765609,-0.00019489427,1.0374489,1.803931e-05,None,None,None,None
23505000,0.58976567,-0.00015455842,1.0374489,1.7965584e-05,None,None,None,None
23510000,0.5467464,-0.00015078316,1.0374489,1.7910295e-05,None,None,None,None
23515000,0.57923794,-0.00017166615,1.037392,1.7854989e-05,None,None,None,None
23520000,0.5471322,-0.000117058225,1.0373352,1.7781262e-05,None,None,None,None
23525000,0.5676197,4.2554067e-05,1.0373352,1.7725977e-05,None,None,None,None
23530000,0.5737173,-2.7342528e-05,1.0373352,1.7670676e-05,None,None,None,None
23535000,0.5959566,-4.5149853e-05,1.0373352,1.761538e-05,None,None,None,None
23540000,0.55173343,1.2875903e-05,1.0373352,1.756008e-05,None,None,None,None
23545000,0.532261,2.6780776e-06,1.0373306,1.7491935e-05,27.520756336435642,4981.0,27.52075660698271,0.0
23550000,0.56629705,-1.7682574e-05,1.0373305,1.742976e-05,None,None,None,None
23555000,0.5655302,7.923774e-05,1.0373305,1.7374463e-05,None,None,None,None
23560000,0.6045001,-4.3237484e-05,1.0373305,1.7319173e-05,None,None,None,None
23565000,0.5822779,-1.1866918e-05,1.0373305,1.7245438e-05,None,None,None,None
23570000,0.5838603,-9.3252376e-05,1.0374029,1.7190145e-05,None,None,None,None
23575000,0.5805085,-0.00010000049,1.0374029,1.7134851e-05,None,None,None,None
23580000,0.567074,-5.672024e-06,1.0374029,1.7061127e-05,None,None,None,None
23585000,0.6289157,-9.611124e-05,1.0374029,1.700582e-05,None,None,None,None
23590000,0.5834136,-0.00012546666,1.0374029,1.695053e-05,None,None,None,None
23595000,0.5594162,-2.052923e-06,1.0374029,1.6895241e-05,None,None,None,None
23600000,0.58138025,0.00014152513,1.0372818,1.6839931e-05,None,None,None,None
23605000,0.6016016,3.131226e-05,1.0372816,1.6771799e-05,29.922944367129844,4981.0,29.922944425605237,0.0
23610000,0.5788376,8.7259315e-05,1.0372818,1.6709615e-05,None,None,None,None
23615000,0.58268476,2.2065087e-05,1.0372818,1.6654321e-05,None,None,None,None
23620000,0.59358114,3.0862353e-05,1.0372818,1.6599028e-05,None,None,None,None
23625000,0.5833161,6.8256704e-05,1.0372106,1.6525293e-05,None,None,None,None
23630000,0.57207155,-2.0420704e-05,1.0372106,1.6470003e-05,None,None,None,None
23635000,0.5831629,-9.539619e-05,1.0372106,1.6414706e-05,None,None,None,None
23640000,0.58871824,-1.38328205e-05,1.0372106,1.6340979e-05,None,None,None,None
23645000,0.594525,-2.527611e-05,1.0372106,1.6285685e-05,None,None,None,None
23650000,0.6062298,-3.916549e-05,1.0372077,1.6230384e-05,None,None,None,None
23655000,0.5490612,-0.00010346237,1.0372049,1.617509e-05,None,None,None,None
23660000,0.5629877,-0.00014925162,1.0372049,1.6119797e-05,None,None,None,None
23665000,0.57989746,-2.0892363e-05,1.0372047,1.6051643e-05,28.26252270005557,4981.0,28.26252279620773,0.0
23670000,0.5684727,-0.00015655141,1.0372049,1.5989477e-05,None,None,None,None
23675000,0.58651197,2.829786e-06,1.0372049,1.593417e-05,None,None,None,None
23680000,0.6153145,-7.7162644e-05,1.0373641,1.5878883e-05,None,None,None,None
23685000,0.60650754,-0.00019655062,1.0373641,1.5805155e-05,None,None,None,None
23690000,0.62099314,-0.00017066156,1.0373641,1.5749869e-05,None,None,None,None
23695000,0.5793698,-2.8803013e-05,1.0373641,1.569456e-05,None,None,None,None
23700000,0.5489896,-0.000115125265,1.0373641,1.5620833e-05,None,None,None,None
23705000,0.6052896,-6.766887e-05,1.0373944,1.5565545e-05,None,None,None,None
23710000,0.5865738,-8.1469734e-05,1.0373944,1.5510235e-05,None,None,None,None
23715000,0.55962765,-9.2162685e-05,1.0373944,1.5454949e-05,None,None,None,None
23720000,0.5988708,-9.385286e-05,1.0373944,1.5399652e-05,None,None,None,None
23725000,0.5849012,-4.6758498e-05,1.0373944,1.5331503e-05,27.43709429698951,4981.0,27.437094310686614,0.0
23730000,0.55781907,-6.469633e-05,1.0373515,1.5269332e-05,None,None,None,None
23735000,0.55299705,-7.4521566e-05,1.0373086,1.5214031e-05,None,None,None,None
23740000,0.60056573,-5.3983083e-05,1.0373086,1.5158736e-05,None,None,None,None
23745000,0.5643353,-7.664749e-06,1.0373086,1.5085009e-05,None,None,None,None
23750000,0.58620375,-5.990477e-05,1.0373086,1.5029712e-05,None,None,None,None
23755000,0.5808283,4.1283904e-05,1.0373086,1.4974423e-05,None,None,None,None
23760000,0.5908086,5.747781e-05,1.0372181,1.4900688e-05,None,None,None,None
23765000,0.59038335,-3.7533184e-05,1.0372181,1.4845387e-05,None,None,None,None
23770000,0.5574437,-9.8730765e-05,1.0372181,1.4790101e-05,None,None,None,None
23775000,0.5907873,-9.761217e-05,1.0372181,1.4734792e-05,None,None,None,None
23780000,0.5720818,-5.9568745e-05,1.0372181,1.4679506e-05,None,None,None,None
23785000,0.52539253,-0.0001279933,1.0372323,1.4611356e-05,26.592233489873404,4981.0,26.5922338932675,0.0
23790000,0.55565834,3.5424317e-05,1.0372399,1.4549185e-05,None,None,None,None
23795000,0.55153745,8.577285e-05,1.0372399,1.4493896e-05,None,None,None,None
23800000,0.5865211,9.811531e-05,1.0372399,1.4438598e-05,None,None,None,None
23805000,0.52672935,2.9534083e-05,1.0372399,1.4364865e-05,None,None,None,None
23810000,0.5418525,5.2212665e-05,1.0372399,1.4309571e-05,None,None,None,None
23815000,0.5571772,-3.8270235e-05,1.0372736,1.4254277e-05,None,None,None,None
23820000,0.5415804,-3.753594e-05,1.0372736,1.4180543e-05,None,None,None,None
23825000,0.55364144,3.657584e-05,1.0372736,1.4125253e-05,None,None,None,None
23830000,0.60311025,3.3617987e-05,1.0372736,1.4069954e-05,None,None,None,None
23835000,0.57662773,3.101555e-05,1.0372736,1.4014658e-05,None,None,None,None
23840000,0.57896245,-4.376631e-05,1.0372678,1.39593685e-05,None,None,None,None
23845000,0.58417964,1.1382811e-05,1.037262,1.3891212e-05,25.098407219118673,4981.0,25.098407219241682,0.0
23850000,0.5387715,6.568107e-05,1.0372621,1.382904e-05,None,None,None,None
23855000,0.5666672,4.4013326e-05,1.0372621,1.3773738e-05,None,None,None,None
23860000,0.5603732,-2.635497e-05,1.0372621,1.37184525e-05,None,None,None,None
23865000,0.5785738,6.673592e-05,1.0372468,1.3644727e-05,None,None,None,None
23870000,0.6290592,8.9247784e-05,1.0372317,1.35894215e-05,None,None,None,None
23875000,0.54840046,5.9349848e-05,1.0372317,1.3534127e-05,None,None,None,None
23880000,0.5202505,-4.5850495e-05,1.0372317,1.3460405e-05,None,None,None,None
23885000,0.56677926,-4.4151147e-05,1.0372317,1.3405097e-05,None,None,None,None
23890000,0.6079672,-3.819248e-05,1.0372317,1.3349811e-05,None,None,None,None
23895000,0.60408807,1.8733142e-05,1.0370885,1.3294517e-05,None,None,None,None
23900000,0.5488095,-1.6161024e-05,1.0370885,1.32392215e-05,None,None,None,None
23905000,0.5597271,0.00010785235,1.0370885,1.3171077e-05,27.6722309090477,4981.0,27.67223110018919,0.0
23910000,0.5972475,4.3384855e-05,1.0370885,1.3108902e-05,None,None,None,None
23915000,0.54154766,0.00010007338,1.0370885,1.30536055e-05,None,None,None,None
23920000,0.5503126,5.8390928e-05,1.0370628,1.2998304e-05,None,None,None,None
23925000,0.52724844,3.8591286e-05,1.037037,1.292458e-05,None,None,None,None
23930000,0.5916834,-1.6356938e-05,1.037037,1.2869281e-05,None,None,None,None
23935000,0.53538686,-0.00012696667,1.037037,1.2813985e-05,None,None,None,None
23940000,0.5646497,-3.5356505e-05,1.037037,1.2740258e-05,None,None,None,None
23945000,0.616778,1.9203264e-05,1.037037,1.2684962e-05,None,None,None,None
23950000,0.5217802,-3.837777e-05,1.0369818,1.2629672e-05,None,None,None,None
23955000,0.5930574,8.157964e-06,1.0369818,1.2574367e-05,None,None,None,None
23960000,0.6248587,7.641037e-05,1.0369818,1.2519073e-05,None,None,None,None
23965000,0.5808008,-8.747746e-06,1.0369819,1.2450925e-05,28.355643878734288,4981.0,28.355643704844017,0.0
23970000,0.5304668,9.752055e-06,1.0369818,1.2388757e-05,None,None,None,None
23975000,0.5352793,9.247576e-05,1.0370494,1.2333465e-05,None,None,None,None
23980000,0.58221644,7.342802e-05,1.0370494,1.2278162e-05,None,None,None,None
23985000,0.58394456,3.9647086e-05,1.0370494,1.2204432e-05,None,None,None,None
23990000,0.63150805,-5.9142993e-05,1.0370494,1.2149146e-05,None,None,None,None
23995000,0.5447481,-6.6640394e-05,1.0370494,1.2093837e-05,None,None,None,None
24000000,0.59099144,4.6972895e-05,1.0370218,1.2020114e-05,None,None,None,None
24005000,0.6342076,-6.603343e-05,1.0369942,1.1964822e-05,None,None,None,None
24010000,0.577874,-0.00017657851,1.0369942,1.1909526e-05,None,None,None,None
24015000,0.5481578,-9.76251e-05,1.0369942,1.1854227e-05,None,None,None,None
24020000,0.5734516,-5.9235404e-05,1.0369942,1.17989275e-05,None,None,None,None
24025000,0.6245757,-8.544213e-05,1.0369943,1.1730785e-05,30.578303269143305,4981.0,30.578302869029965,0.0
24030000,0.57041323,-0.00010164988,1.0370339,1.1668608e-05,None,None,None,None
24035000,0.6116707,-0.00012926823,1.0370339,1.1613312e-05,None,None,None,None
24040000,0.64592445,-9.539747e-05,1.0370339,1.1558021e-05,None,None,None,None
24045000,0.58921766,-0.0001615619,1.0370339,1.148429e-05,None,None,None,None
24050000,0.5947458,-0.00016429869,1.0370339,1.1428988e-05,None,None,None,None
24055000,0.55409646,-8.4281055e-05,1.0369796,1.1373701e-05,None,None,None,None
24060000,0.6114552,-8.143936e-06,1.0369251,1.1299976e-05,None,None,None,None
24065000,0.58921343,-4.4627704e-05,1.0369251,1.12446705e-05,None,None,None,None
24070000,0.60561717,-5.6452565e-05,1.0369251,1.1189378e-05,None,None,None,None
24075000,0.51985824,-4.6064277e-05,1.0369251,1.1134091e-05,None,None,None,None
24080000,0.5489834,-6.3163966e-06,1.0369251,1.1078782e-05,None,None,None,None
24085000,0.622148,-9.429702e-05,1.0370039,1.1010647e-05,28.267188264529675,4981.0,28.267188370252068,0.0
24090000,0.5713909,-9.510982e-05,1.0370038,1.09484645e-05,None,None,None,None
24095000,0.57985896,-0.0001636087,1.0370038,1.0893173e-05,None,None,None,None
24100000,0.6214124,5.686867e-07,1.0370038,1.0837875e-05,None,None,None,None
24105000,0.5823706,7.5617236e-06,1.0370038,1.0764152e-05,None,None,None,None
24110000,0.6102378,-0.00011079739,1.0370094,1.07088545e-05,None,None,None,None
24115000,0.5910576,-0.00025093445,1.0370094,1.06535535e-05,None,None,None,None
24120000,0.6268617,-0.00014992135,1.0370094,1.057983e-05,None,None,None,None
24125000,0.5765298,-0.00020589962,1.0370094,1.0524532e-05,None,None,None,None
24130000,0.5856711,-8.848119e-05,1.0370094,1.0469232e-05,None,None,None,None
24135000,0.60555136,-0.000101255675,1.0370094,1.04139335e-05,None,None,None,None
24140000,0.6081211,-0.00010144503,1.036992,1.0358647e-05,None,None,None,None
24145000,0.58458024,-0.00010709954,1.0369918,1.0290491e-05,27.56540096986483,4981.0,27.56540125111739,0.0
24150000,0.5484408,-0.000117388554,1.036992,1.0228326e-05,None,None,None,None
24155000,0.6034624,-8.9715955e-05,1.036992,1.0173021e-05,None,None,None,None
24160000,0.6215243,-8.974364e-05,1.036992,1.0117729e-05,None,None,None,None
24165000,0.56438816,-0.00020159349,1.0370023,1.0044005e-05,None,None,None,None
24170000,0.5815239,-7.665744e-05,1.0370023,9.988716e-06,None,None,None,None
24175000,0.61227846,-9.3820105e-05,1.0370023,9.93341e-06,None,None,None,None
24180000,0.5898465,-5.1240233e-05,1.0370023,9.859683e-06,None,None,None,None
24185000,0.6079298,-8.9820736e-05,1.0370023,9.804395e-06,None,None,None,None
24190000,0.5772838,-9.1450136e-05,1.0370005,9.7490865e-06,None,None,None,None
24195000,0.6379455,-0.00015311406,1.0369986,9.693797e-06,None,None,None,None
24200000,0.6058179,-0.00012867499,1.0369986,9.638499e-06,None,None,None,None
24205000,0.6052029,-1.3758911e-05,1.0369986,9.570353e-06,27.37532382900927,4981.0,27.37532364821527,0.0
24210000,0.5480321,-5.8973976e-05,1.0369986,9.50818e-06,None,None,None,None
24215000,0.5832121,-0.00010560921,1.0369986,9.452881e-06,None,None,None,None
24220000,0.5612269,-0.00010813458,1.0369813,9.397594e-06,None,None,None,None
24225000,0.5649881,-7.445107e-05,1.0369813,9.323858e-06,None,None,None,None
24230000,0.5961211,-3.9276194e-05,1.0369813,9.2685605e-06,None,None,None,None
24235000,0.58921814,-4.2884425e-05,1.0369813,9.213271e-06,None,None,None,None
24240000,0.55647546,-0.00012615809,1.0369813,9.139538e-06,None,None,None,None
24245000,0.5908351,3.0293626e-05,1.0369636,9.084239e-06,None,None,None,None
24250000,0.55954856,-9.61688e-05,1.0369636,9.02895e-06,None,None,None,None
24255000,0.57271016,-7.201794e-05,1.0369636,8.973642e-06,None,None,None,None
24260000,0.57954603,-5.712941e-05,1.0369636,8.918354e-06,None,None,None,None
24265000,0.56798327,4.954112e-08,1.0369636,8.850205e-06,27.59395074437441,4981.0,27.59395062640154,0.0
24270000,0.5817784,1.3453602e-05,1.0369267,8.7880335e-06,None,None,None,None
24275000,0.55613345,4.5647717e-05,1.0368899,8.732744e-06,None,None,None,None
24280000,0.5778494,0.00010612529,1.0368899,8.677447e-06,None,None,None,None
24285000,0.60554683,5.0105784e-05,1.0368899,8.6037135e-06,None,None,None,None
24290000,0.5705582,8.964338e-05,1.0368899,8.548423e-06,None,None,None,None
24295000,0.55653864,2.1170365e-05,1.0368899,8.493125e-06,None,None,None,None
24300000,0.6079592,0.0001222516,1.0369025,8.419391e-06,None,None,None,None
24305000,0.5741878,0.00011238724,1.0369025,8.364101e-06,None,None,None,None
24310000,0.57983303,7.611444e-05,1.0369025,8.308804e-06,None,None,None,None
24315000,0.58783466,4.8592356e-05,1.0369025,8.253505e-06,None,None,None,None
24320000,0.6056614,5.8441656e-05,1.0369025,8.198215e-06,None,None,None,None
24325000,0.5476124,0.00012596234,1.0368737,8.130061e-06,25.33794472008151,4981.0,25.337945090568002,0.0
24330000,0.5314453,0.00013632551,1.0368583,8.067898e-06,None,None,None,None
24335000,0.5396584,0.00020583661,1.0368583,8.012589e-06,None,None,None,None
24340000,0.5631028,0.00019253064,1.0368583,7.9573e-06,None,None,None,None
24345000,0.56273925,0.00010546367,1.0368583,7.883575e-06,None,None,None,None
24350000,0.59648794,0.0001309452,1.0368583,7.828268e-06,None,None,None,None
24355000,0.57093954,8.444339e-05,1.0368739,7.772978e-06,None,None,None,None
24360000,0.5894469,4.802773e-05,1.0368739,7.699255e-06,None,None,None,None
24365000,0.6201492,0.0001104895,1.0368739,7.643963e-06,None,None,None,None
24370000,0.5499319,0.0001332497,1.0368739,7.5886574e-06,None,None,None,None
24375000,0.5296508,0.00011334411,1.0368739,7.533367e-06,None,None,None,None
24380000,0.6005539,6.475854e-05,1.0368515,7.478071e-06,None,None,None,None
24385000,0.5724073,1.5678137e-05,1.0368291,7.4099235e-06,27.943530626403156,4981.0,27.94353047812668,0.0
24390000,0.56846094,5.7975172e-05,1.0368291,7.3477513e-06,None,None,None,None
24395000,0.6010388,0.00011238027,1.0368291,7.292452e-06,None,None,None,None
24400000,0.5518472,1.8547475e-05,1.0368291,7.237153e-06,None,None,None,None
24405000,0.57102567,8.091983e-05,1.0368196,7.1634304e-06,None,None,None,None
24410000,0.61838174,-5.4185355e-05,1.03681,7.108131e-06,None,None,None,None
24415000,0.5617708,2.5850792e-05,1.03681,7.0528313e-06,None,None,None,None
24420000,0.567978,-3.4285425e-05,1.03681,6.979109e-06,None,None,None,None
24425000,0.56383306,-7.567228e-05,1.03681,6.923809e-06,None,None,None,None
24430000,0.6155558,-3.4560573e-05,1.03681,6.8685194e-06,None,None,None,None
24435000,0.56865495,-2.85022e-05,1.03681,6.8132135e-06,None,None,None,None
24440000,0.59199256,2.6626274e-05,1.03681,6.757924e-06,None,None,None,None
24445000,0.5456935,1.225292e-05,1.03681,6.6897755e-06,27.372603247566207,4981.0,27.37260364345275,0.0
24450000,0.55727094,2.016992e-05,1.03681,6.6276043e-06,None,None,None,None
24455000,0.5422371,4.0282448e-05,1.03681,6.5723148e-06,None,None,None,None
24460000,0.5994603,-3.6690588e-05,1.0368042,6.517009e-06,None,None,None,None
24465000,0.5787584,-2.162846e-05,1.0367984,6.4432834e-06,None,None,None,None
24470000,0.55536723,-6.546572e-05,1.0367984,6.387993e-06,None,None,None,None
24475000,0.5907319,-2.2541053e-05,1.0367984,6.3326956e-06,None,None,None,None
24480000,0.5739986,-1.13942315e-05,1.0367984,6.2589615e-06,None,None,None,None
24485000,0.595649,-1.3607523e-05,1.0367984,6.203671e-06,None,None,None,None
24490000,0.561161,-7.89543e-05,1.0367062,6.148375e-06,None,None,None,None
24495000,0.5915888,-7.377788e-05,1.0367062,6.093076e-06,None,None,None,None
24500000,0.53714764,-6.948404e-05,1.0367062,6.037777e-06,None,None,None,None
24505000,0.5632833,-1.0555452e-05,1.0367062,5.969632e-06,25.01863923391149,4981.0,25.018639304907992,0.0
24510000,0.5807492,-9.677565e-05,1.0367062,5.9074573e-06,None,None,None,None
24515000,0.54492986,-3.1973758e-07,1.0367125,5.852161e-06,None,None,None,None
24520000,0.55910724,-1.1183191e-05,1.0367125,5.796871e-06,None,None,None,None
24525000,0.6203724,-2.0003605e-05,1.0367125,5.7231364e-06,None,None,None,None
24530000,0.5575501,-4.7496207e-05,1.0367125,5.6678396e-06,None,None,None,None
24535000,0.565364,-6.564987e-06,1.0367125,5.612549e-06,None,None,None,None
24540000,0.5788891,-1.8811075e-05,1.0366648,5.538824e-06,None,None,None,None
24545000,0.5895082,-7.7578516e-05,1.0366172,5.4835177e-06,None,None,None,None
24550000,0.55754733,-3.6167464e-06,1.0366172,5.428228e-06,None,None,None,None
24555000,0.5779522,-1.8467988e-05,1.0366172,5.3729386e-06,None,None,None,None
24560000,0.5626969,-6.7413246e-05,1.0366172,5.317632e-06,None,None,None,None
24565000,0.5789575,-5.6154964e-05,1.0366172,5.2494943e-06,30.82508237479408,4981.0,30.825082228305593,0.0
24570000,0.5369882,-2.3681021e-05,1.0366231,5.187313e-06,None,None,None,None
24575000,0.6023577,-2.0063767e-06,1.0366231,5.1320235e-06,None,None,None,None
24580000,0.57357246,4.793632e-05,1.0366231,5.076725e-06,None,None,None,None
24585000,0.5383354,2.3259297e-05,1.0366231,5.0029994e-06,None,None,None,None
24590000,0.55886316,-7.573262e-06,1.0366231,4.9477017e-06,None,None,None,None
24595000,0.55341566,-9.0899535e-05,1.0366092,4.892403e-06,None,None,None,None
24600000,0.5934635,-0.000117058655,1.0365952,4.8186785e-06,None,None,None,None
24605000,0.5787816,-7.118014e-05,1.0365952,4.7633803e-06,None,None,None,None
24610000,0.60640925,-0.00010376074,1.0365952,4.708082e-06,None,None,None,None
24615000,0.5584554,-8.818519e-05,1.0365952,4.652785e-06,None,None,None,None
24620000,0.603339,-0.00013207375,1.0365952,4.597495e-06,None,None,None,None
24625000,0.56353015,-8.884454e-05,1.0365767,4.5293464e-06,26.91923457726864,4981.0,26.91923462273553,0.0
24630000,0.5762983,-6.409249e-06,1.0365769,4.467175e-06,None,None,None,None
24635000,0.52751976,-6.980771e-05,1.0365769,4.411868e-06,None,None,None,None
24640000,0.58874834,1.4344532e-05,1.0365769,4.3565788e-06,None,None,None,None
24645000,0.60182434,-4.6650657e-05,1.0365769,4.2828533e-06,None,None,None,None
24650000,0.5986536,5.3606223e-06,1.0365847,4.227564e-06,None,None,None,None
24655000,0.62109643,8.346942e-07,1.0365847,4.1722574e-06,None,None,None,None
24660000,0.56224173,3.3184002e-05,1.0365847,4.1169687e-06,None,None,None,None
24665000,0.56625277,7.444997e-05,1.0365847,4.0616696e-06,None,None,None,None
24670000,0.569451,0.00011408028,1.0365847,3.987936e-06,None,None,None,None
24675000,0.60703206,6.7287336e-05,1.0365847,3.932647e-06,None,None,None,None
24680000,0.5819038,5.4089258e-05,1.0365613,3.877348e-06,None,None,None,None
24685000,0.53792375,5.4330278e-05,1.0365613,3.8092026e-06,29.105612536139688,4981.0,29.105612368924387,0.0
24690000,0.58241725,0.00010779548,1.0365613,3.747029e-06,None,None,None,None
24695000,0.5972787,0.00018402362,1.0365613,3.6917302e-06,None,None,None,None
24700000,0.5520864,5.9965678e-05,1.0365613,3.6364418e-06,None,None,None,None
24705000,0.5730305,6.845131e-05,1.0365198,3.5627072e-06,None,None,None,None
24710000,0.6125713,9.021119e-05,1.0365198,3.5074088e-06,None,None,None,None
24715000,0.58857125,9.445711e-05,1.0365198,3.45212e-06,None,None,None,None
24720000,0.6040393,6.3330976e-05,1.0365198,3.3968133e-06,None,None,None,None
24725000,0.5854843,3.5326273e-05,1.0365198,3.3415242e-06,None,None,None,None
24730000,0.6026893,7.412905e-05,1.0365285,3.2677983e-06,None,None,None,None
24735000,0.5709656,0.00012235317,1.036537,3.2125097e-06,None,None,None,None
24740000,0.5646848,9.3555595e-05,1.036537,3.157203e-06,None,None,None,None
24745000,0.59010863,0.00013163073,1.036537,3.0890656e-06,28.868995195824294,4981.0,28.86899559541295,0.0
24750000,0.5805336,1.8821616e-05,1.036537,3.026883e-06,None,None,None,None
24755000,0.5715295,9.138948e-05,1.036537,2.9715932e-06,None,None,None,None
24760000,0.59561443,9.969338e-06,1.0365552,2.9162952e-06,None,None,None,None
24765000,0.55778116,-5.5737193e-05,1.0365552,2.8425616e-06,None,None,None,None
24770000,0.5237444,1.1145427e-06,1.0365552,2.7872727e-06,None,None,None,None
24775000,0.5904827,6.007468e-06,1.0365552,2.7319736e-06,None,None,None,None
24780000,0.59086686,6.8553614e-05,1.0365552,2.6766759e-06,None,None,None,None
24785000,0.55552745,4.1414285e-05,1.03654,2.6213777e-06,None,None,None,None
24790000,0.53804535,6.3830084e-05,1.0365249,2.5476525e-06,None,None,None,None
24795000,0.5675838,6.242002e-05,1.0365249,2.4923543e-06,None,None,None,None
24800000,0.5822851,0.0001483693,1.0365249,2.4370652e-06,None,None,None,None
24805000,0.5731413,0.000107312466,1.0365249,2.3689101e-06,28.836863526411587,4981.0,28.8368632774412,0.0
24810000,0.5682073,8.170626e-05,1.0365256,2.3067457e-06,None,None,None,None
24815000,0.582496,3.510917e-05,1.0365264,2.2514384e-06,None,None,None,None
24820000,0.6086422,6.40408e-05,1.0365264,2.1961491e-06,None,None,None,None
24825000,0.61817753,2.6612523e-05,1.0365264,2.1224241e-06,None,None,None,None
24830000,0.5494205,0.00010387574,1.0365264,2.0671173e-06,None,None,None,None
24835000,0.5969225,0.00015516124,1.0365264,2.0118277e-06,None,None,None,None
24840000,0.6168787,-1.4100934e-05,1.0365547,1.9565382e-06,None,None,None,None
24845000,0.5781599,4.690032e-05,1.0365547,1.9012405e-06,None,None,None,None
24850000,0.61093223,1.6913937e-05,1.0365547,1.8275061e-06,None,None,None,None
24855000,0.5795634,4.3228065e-05,1.0365547,1.7722176e-06,None,None,None,None
24860000,0.56119186,1.269842e-05,1.0365547,1.7169189e-06,None,None,None,None
24865000,0.63779855,-3.541429e-05,1.0365504,1.6487733e-06,30.28807058379063,4981.0,30.288070683561575,0.0
24870000,0.60286355,-7.840586e-05,1.0365483,1.5865994e-06,None,None,None,None
24875000,0.6309013,-4.1479147e-05,1.0365483,1.5313016e-06,None,None,None,None
24880000,0.57128996,4.651299e-05,1.0365483,1.4760033e-06,None,None,None,None
24885000,0.5926592,-1.1703866e-05,1.0365483,1.4022783e-06,None,None,None,None
24890000,0.6419988,-4.193538e-06,1.0365483,1.34698e-06,None,None,None,None
24895000,0.60918766,-0.00013866337,1.0365449,1.2916908e-06,None,None,None,None
24900000,0.612384,-3.974809e-05,1.0365449,1.2363835e-06,None,None,None,None
24905000,0.61040133,-2.2090875e-05,1.0365449,1.1810944e-06,None,None,None,None
24910000,0.59796,-0.00018408465,1.0365449,1.1073694e-06,None,None,None,None
24915000,0.58770275,-6.628486e-05,1.0365449,1.0520623e-06,None,None,None,None
24920000,0.5762637,-5.052496e-05,1.0365411,9.96773e-07,None,None,None,None
24925000,0.5960767,-2.2664706e-05,1.0365374,9.286243e-07,30.39907747806626,4981.0,30.3990773470141,0.0
24930000,0.6077876,3.3747976e-05,1.0365374,8.664533e-07,None,None,None,None
24935000,0.6198493,3.9902534e-05,1.0365374,8.11164e-07,None,None,None,None
24940000,0.6167816,-6.239736e-05,1.0365374,7.5585695e-07,None,None,None,None
24945000,0.57044446,-0.00011468762,1.0365384,6.821318e-07,None,None,None,None
24950000,0.63089794,-4.5329e-05,1.0365393,6.2684273e-07,None,None,None,None
24955000,0.5766901,-3.1912707e-05,1.0365393,5.7154443e-07,None,None,None,None
24960000,0.5615614,-1.4053073e-05,1.0365393,5.1624636e-07,None,None,None,None
24965000,0.63228357,-2.7418946e-05,1.0365393,4.6094806e-07,None,None,None,None
24970000,0.57909936,-0.00010665571,1.0365393,3.872232e-07,None,None,None,None
24975000,0.5894941,1.42583285e-05,1.036543,3.3192495e-07,None,None,None,None
24980000,0.56912607,-1.47927185e-05,1.036543,2.7662674e-07,None,None,None,None
24985000,0.5349228,2.7619511e-05,1.0365429,2.0848088e-07,28.965346408352502,4981.0,28.965346409473568,0.0
24990000,0.5727788,2.3226961e-05,1.036543,1.463072e-07,None,None,None,None
24995000,0.6265236,-6.0029466e-05,1.036543,9.1009e-08,None,None,None,None
25000000,0.586667,-2.089152e-05,1.036543,3.5719715e-08,None,None,None,None
