Steps,Policy/Extrinsic Value Estimate,Losses/Value Loss,Losses/Policy Loss,Policy/Entropy,Policy/Learning Rate,Environment/Cumulative Reward,Environment/Episode Length,Policy/Extrinsic Reward
50000,0.033409636,0.0005918654,0.008977022,1.4205304,0.00029717266,-8.973279488272965,3014.0,-8.973279297351837
55000,0.05854565,None,None,1.4205304,0.0002968051,None,None,None
60000,0.070173234,None,None,1.4205304,0.00029655936,None,None,None
65000,0.08643217,None,None,1.4205304,0.00029631364,None,None,None
70000,0.06448015,None,None,1.4205304,0.00029594498,None,None,None
75000,0.08351015,None,None,1.4205304,0.00029557626,None,None,None
80000,0.08176427,None,None,1.4205306,0.0002952905,-6.30957184455668,4981.0,-6.309571860296031
85000,0.07236407,None,None,1.4205306,0.00029505396,None,None,None
90000,0.05367874,0.0006449171,0.01208551,1.4209124,0.0002947075,None,None,None
95000,0.040793575,None,None,1.4209124,0.00029446176,None,None,None
100000,0.030861488,None,None,1.4209124,0.00029421604,None,None,None
105000,0.025485564,None,None,1.4209124,0.00029384738,None,None,None
110000,0.039456856,None,None,1.4209124,0.00029347875,None,None,None
115000,0.039133165,None,None,1.4209124,0.000293233,None,None,None
120000,0.03848915,None,None,1.4209124,0.00029298727,None,None,None
125000,0.04442645,None,None,1.4209125,0.00029268936,None,None,None
130000,0.037721734,0.00039712814,0.012928238,1.4211366,0.0002923475,-6.659037730074488,4096.5,-6.659037850797176
135000,0.01645927,None,None,1.421297,0.00029200417,None,None,None
140000,0.014154243,None,None,1.421297,0.0002917556,-9.996249666437507,3763.0,-9.996249616146088
145000,0.022403928,None,None,1.421297,0.00029151267,None,None,None
150000,0.030458752,None,None,1.421297,0.0002911595,None,None,None
155000,0.025887053,None,None,1.4212968,0.00029080774,None,None,None
160000,0.014729778,None,None,1.4212968,0.00029049985,-10.159163447598425,4981.0,-10.159163407444094
165000,0.020890173,None,None,1.421297,0.00029025116,None,None,None
170000,0.019490192,None,None,1.421297,0.0002899066,None,None,None
175000,-0.010704811,0.00074640254,0.011987488,1.42128,0.00028966082,None,None,None
180000,-0.019960558,None,None,1.42128,0.0002894028,None,None,None
185000,-0.0027149026,None,None,1.42128,0.0002890413,None,None,None
190000,-0.005032837,None,None,1.42128,0.00028867778,None,None,None
195000,-0.002010718,None,None,1.42128,0.00028843022,-3.5365210825111717,3861.0,-3.5365210846066475
200000,-0.0061743697,None,None,1.42128,0.00028818625,None,None,None
205000,-2.3849308e-05,None,None,1.42128,0.00028790196,None,None,None
210000,0.0009278868,None,None,1.42128,0.0002875514,-8.811995465075597,4981.0,-8.811995416879654
215000,0.0048887315,0.00047381825,0.009500983,1.4212912,0.00028720323,None,None,None
220000,-0.009957513,None,None,1.4212912,0.00028695544,-7.63205551635474,4981.0,-7.6320555210113525
225000,-0.0036086584,None,None,1.4212912,0.00028670832,-1.7710822958033532,3996.0,-1.771082241088152
230000,0.018821875,None,None,1.4212912,0.0002863646,None,None,None
235000,0.0124847535,None,None,1.4212914,0.00028601574,None,None,None
240000,0.021772677,None,None,1.4212911,0.0002857026,-9.07089685444953,4981.0,-9.07089687557891
245000,-0.023931075,None,None,1.4212914,0.00028544888,None,None,None
250000,-0.022564948,None,None,1.4212912,0.00028510558,None,None,None
255000,-0.03378009,None,None,1.4212912,0.00028485982,None,None,None
260000,-0.057012465,0.0004376865,0.011056409,1.4206046,0.0002845895,None,None,None
265000,-0.054193772,None,None,1.4206045,0.0002842334,None,None,None
270000,-0.052229196,None,None,1.4206046,0.0002838768,None,None,None
275000,-0.045699395,None,None,1.4206046,0.00028362958,-7.767647500149906,4981.0,-7.767647489905357
280000,-0.050791748,None,None,1.4206046,0.00028338525,None,None,None
285000,-0.039870765,None,None,1.4206046,0.0002831023,None,None,None
290000,-0.05448394,None,None,1.4206046,0.0002827495,-14.917769180610776,4981.0,-14.917768895626068
295000,-0.043866046,None,None,1.4206046,0.00028240227,None,None,None
300000,-0.05658976,0.00022826978,0.010284511,1.4206423,0.00028215448,-7.539130988065153,4981.0,-7.53913089632988
305000,-0.0417281,None,None,1.4206423,0.00028190803,-11.289315319620073,4981.0,-11.289315521717072
310000,-0.017037403,None,None,1.4206421,0.00028156367,None,None,None
315000,-0.013750817,None,None,1.420642,0.0002812148,None,None,None
320000,-0.0012402738,None,None,1.4206421,0.00028090167,-9.766568016105643,4981.0,-9.766568027902395
325000,-0.013016445,None,None,1.420642,0.0002806479,None,None,None
330000,-0.012979564,None,None,1.4206423,0.0002803046,None,None,None
335000,-0.01616882,None,None,1.4206423,0.0002800589,None,None,None
340000,-0.027182734,0.00017148389,0.010752013,1.4207239,0.00027978854,None,None,None
345000,-0.021418968,None,None,1.4213239,0.00027943245,None,None,None
350000,-0.0030856023,None,None,1.4213239,0.00027907584,None,None,None
355000,-0.016591003,None,None,1.4213239,0.0002788286,-8.904482368379831,4981.0,-8.904482424259186
360000,-0.0022749829,None,None,1.4213239,0.0002785843,None,None,None
365000,-0.009052016,None,None,1.4213239,0.00027830133,None,None,None
370000,-0.010116607,None,None,1.4213238,0.0002779485,-6.898828853620216,4981.0,-6.898828789591789
375000,-0.0007069845,None,None,1.4213239,0.0002776013,None,None,None
380000,0.0044084275,None,None,1.4213239,0.00027735357,-1.128315623383969,4981.0,-1.1283156014978886
385000,-0.0155658,0.00010886621,0.012533501,1.4213194,0.0002771071,4.3921801168471575,4981.0,4.3921801298856735
390000,-0.025401324,None,None,1.4213191,0.0002767627,None,None,None
395000,-0.010603895,None,None,1.4213191,0.00027641386,None,None,None
400000,-0.00994343,None,None,1.4213192,0.0002761007,-5.41417322899603,4981.0,-5.414173224242404
405000,-0.035802197,None,None,1.4213192,0.00027584698,None,None,None
410000,-0.03509586,None,None,1.4213194,0.00027550364,None,None,None
415000,-0.027315818,None,None,1.4213194,0.00027525795,None,None,None
420000,-0.012499851,None,None,1.4213191,0.0002749876,None,None,None
425000,-0.014198629,0.00010388108,0.012866665,1.4216144,0.0002746315,None,None,None
430000,-0.03664871,None,None,1.4218692,0.0002742749,None,None,None
435000,-0.03537959,None,None,1.421869,0.00027402764,-2.1106791933998466,4981.0,-2.11067917291075
440000,-0.021918884,None,None,1.4218692,0.00027378334,None,None,None
445000,-0.02949821,None,None,1.4218692,0.00027350042,None,None,None
450000,-0.03385353,None,None,1.421869,0.00027314757,-2.1689404733479023,4981.0,-2.168940480798483
455000,-0.024156746,None,None,1.4218692,0.00027280033,None,None,None
460000,-0.03452899,None,None,1.421869,0.0002725526,-3.4407951023895293,4981.0,-3.44079514965415
465000,-0.02496221,None,None,1.421869,0.00027230615,1.2341002952307463,4981.0,1.2341003268957138
470000,-0.04708875,0.0003517232,0.011278921,1.4217166,0.00027196176,None,None,None
475000,-0.030024882,None,None,1.4217167,0.0002716129,None,None,None
480000,-0.032248463,None,None,1.4217166,0.00027129977,-4.244426911071059,4981.0,-4.244426896950851
485000,-0.06991161,None,None,1.4217165,0.00027104598,None,None,None
490000,-0.07597123,None,None,1.4217166,0.00027070273,None,None,None
495000,-0.06201616,None,None,1.4217166,0.000270457,None,None,None
500000,-0.06921105,None,None,1.4217166,0.00027018663,None,None,None
505000,-0.081125855,None,None,1.4217166,0.00026985854,None,None,None
510000,-0.07373522,0.00010216427,0.013133361,1.4214381,0.00026952967,None,None,None
515000,-0.07098439,None,None,1.4213465,0.00026922667,-9.849138691555709,4981.0,-9.849138751626015
520000,-0.057060182,None,None,1.4213465,0.00026898237,None,None,None
525000,-0.063239194,None,None,1.4213465,0.00026869946,None,None,None
530000,-0.062305767,None,None,1.4213465,0.00026834666,-2.023522488074377,4981.0,-2.023522572591901
535000,-0.043571826,None,None,1.4213465,0.00026799942,None,None,None
540000,-0.041959792,None,None,1.4213465,0.00026775163,-8.879318015649915,4981.0,-8.879318118095398
545000,-0.025587285,None,None,1.4213465,0.00026750518,-11.123274450190365,4981.0,-11.123274341225624
550000,-0.015447482,8.2623694e-05,0.0123029,1.4211575,0.0002671608,None,None,None
555000,-0.036360808,None,None,1.4209081,0.00026681193,None,None,None
560000,-0.028720016,None,None,1.420908,0.0002664988,-6.49978649734597,4981.0,-6.499786488420796
565000,-0.06816288,None,None,1.4209079,0.000266245,None,None,None
570000,-0.061983883,None,None,1.420908,0.00026590173,None,None,None
575000,-0.07378805,None,None,1.420908,0.00026565604,None,None,None
580000,-0.080955945,None,None,1.4209079,0.00026538566,None,None,None
585000,-0.08120186,None,None,1.4209081,0.00026505758,None,None,None
590000,-0.058103316,None,None,1.420908,0.00026472867,None,None,None
595000,-0.07568987,7.304175e-05,0.012866929,1.420647,0.00026442576,3.849396244098898,4981.0,3.849396301433444
600000,-0.0804423,None,None,1.4206469,0.0002641814,None,None,None
605000,-0.04524576,None,None,1.420647,0.00026389852,None,None,None
610000,-0.0530515,None,None,1.4206469,0.00026354566,-8.402557315537706,4981.0,-8.402557343244553
615000,-0.027618244,None,None,1.4206469,0.00026319845,None,None,None
620000,-0.029116685,None,None,1.420647,0.00026295066,-4.596888630185276,4981.0,-4.596888668835163
625000,-0.036830746,None,None,1.420647,0.00026270424,-3.741623411187902,4981.0,-3.7416234016418457
630000,-0.023853129,None,None,1.420647,0.00026235983,None,None,None
635000,-0.025827343,5.1572497e-05,0.01201228,1.4200025,0.0002620088,-2.0914555222261697,4788.0,-2.0914555354975164
640000,-0.038491435,None,None,1.4198464,0.00026170906,-5.315690171936612,4981.0,-5.3156901821917435
645000,-0.076831445,None,None,1.4198462,0.00026144634,None,None,None
650000,-0.091097966,None,None,1.4198462,0.00026110082,None,None,None
655000,-0.09040506,None,None,1.4198462,0.00026085507,None,None,None
660000,-0.08738811,None,None,1.4198464,0.00026057314,None,None,None
665000,-0.05515493,None,None,1.4198464,0.0002602478,None,None,None
670000,-0.056468226,None,None,1.4198465,0.00025992683,None,None,None
675000,-0.0711605,None,None,1.419846,0.0002596248,3.2594222291372716,4981.0,3.259422183036804
680000,-0.075776726,0.00027248487,0.011391947,1.4198316,0.00025938055,None,None,None
685000,-0.06384948,None,None,1.4198313,0.00025909653,None,None,None
690000,-0.035395987,None,None,1.4198315,0.00025874152,1.083475112565793,4981.0,1.083475099876523
695000,-0.04566283,None,None,1.4198316,0.00025839746,None,None,None
700000,-0.040235825,None,None,1.4198315,0.00025814972,-4.018001016695052,4981.0,-4.01800099760294
705000,-0.03715527,None,None,1.4198315,0.0002579033,-10.089118593372405,4981.0,-10.089118629693985
710000,-0.027318189,None,None,1.4198315,0.0002575594,None,None,None
715000,-0.011053024,None,None,1.4198313,0.00025720499,-3.832077591214329,4868.0,-3.8320776210166514
720000,0.004843911,0.00022401921,0.010526497,1.4202449,0.00025690853,-3.899971249164082,4970.7,-3.899971260409802
725000,-0.06848341,None,None,1.4202448,0.0002566398,None,None,None
730000,-0.07182284,None,None,1.4202448,0.00025629989,None,None,None
735000,-0.06767418,None,None,1.4202448,0.0002560541,None,None,None
740000,-0.05882733,None,None,1.4202449,0.0002557744,None,None,None
745000,-0.042718414,None,None,1.420245,0.00025545555,None,None,None
750000,-0.050443955,None,None,1.420245,0.0002551324,None,None,None
755000,-0.04614977,None,None,1.4202448,0.0002548238,-4.555383030558005,4981.0,-4.555383056402206
760000,-0.049833197,0.00018464938,0.013334045,1.4202002,0.00025456268,None,None,None
765000,-0.05056138,None,None,1.4198036,0.0002542862,None,None,None
770000,-0.02352527,None,None,1.4198036,0.00025393892,1.1489370621275157,4981.0,1.1489370812196285
775000,-0.039135158,None,None,1.4198036,0.00025359646,None,None,None
780000,-0.040479552,None,None,1.4198036,0.0002533488,0.19080806826241314,4981.0,0.19080806011334062
785000,-0.029315826,None,None,1.4198037,0.00025308316,0.38950975169427693,4981.0,0.38950976729393005
790000,-0.04214408,None,None,1.4198035,0.00025275798,None,None,None
795000,-0.025102383,None,None,1.4198036,0.00025243274,-3.1608019780833274,4981.0,-3.160801874473691
800000,-0.039729975,None,None,1.4198036,0.00025214278,-3.7439055016264318,4981.0,-3.743905495852232
805000,-0.09283788,4.2206455e-05,0.0090136435,1.4196624,0.00025183885,None,None,None
810000,-0.09160245,None,None,1.4196211,0.00025149895,None,None,None
815000,-0.08349806,None,None,1.4196211,0.00025125314,None,None,None
820000,-0.069061235,None,None,1.4196213,0.00025097342,None,None,None
825000,-0.06378378,None,None,1.4196213,0.0002506546,None,None,None
830000,-0.0744084,None,None,1.4196213,0.00025033145,None,None,None
835000,-0.06983883,None,None,1.4196211,0.00025002286,-13.999643108807504,4981.0,-13.999643117189407
840000,-0.048511434,None,None,1.4196215,0.00024976174,None,None,None
845000,-0.053009517,4.9935577e-05,0.011378749,1.4196384,0.00024948528,None,None,None
850000,-0.04207799,None,None,1.4197009,0.00024913796,-2.295915416791104,4515.5,-2.2959154343698174
855000,-0.046345897,None,None,1.4197007,0.00024879555,None,None,None
860000,-0.03449383,None,None,1.4197007,0.0002485434,-3.665333179368948,4192.333333333333,-3.6653332002460957
865000,-0.047355488,None,None,1.4197009,0.00024828466,None,None,None
870000,-0.051057667,None,None,1.4197006,0.0002479474,-3.417111503658816,4370.0,-3.417111534625292
875000,-0.059860736,None,None,1.4197009,0.00024760267,-5.775347969029099,4981.0,-5.775348015129566
880000,-0.04299909,None,None,1.4197009,0.00024729175,-3.2808707680087537,4979.0,-3.2808707770891488
885000,-0.09979593,0.0014129386,0.010735229,1.419693,0.00024704286,-4.385114994365722,3229.0,-4.385114967823029
890000,-0.09499806,None,None,1.419595,0.00024674227,None,None,None
895000,-0.10061602,None,None,1.4195951,0.00024645217,None,None,None
900000,-0.07987565,None,None,1.4195949,0.00024616957,None,None,None
905000,-0.07966496,None,None,1.4195949,0.00024585493,None,None,None
910000,-0.08034227,None,None,1.4195949,0.00024553135,None,None,None
915000,-0.05782201,None,None,1.419595,0.0002452287,None,None,None
920000,-0.05758397,None,None,1.419595,0.00024494677,None,None,None
925000,-0.04082637,None,None,1.419595,0.00024465652,-4.189625684171915,4732.0,-4.189625618048012
930000,-0.053372853,0.00064989633,0.00917143,1.4193556,0.00024435867,-0.7296093231998384,4127.0,-0.7296092994511127
935000,-0.056738608,None,None,1.4192696,0.00024403863,None,None,None
940000,-0.04351576,None,None,1.4192696,0.00024374563,-8.589771757367998,4981.0,-8.589771702885628
945000,-0.05448507,None,None,1.4192696,0.00024346884,None,None,None
950000,-0.047426794,None,None,1.4192696,0.00024315357,-3.473293570103124,4622.5,-3.4732936173677444
955000,-0.058978874,None,None,1.4192696,0.00024284582,-7.978801090270281,4981.0,-7.978801012039185
960000,-0.03670282,None,None,1.4192696,0.00024251873,-4.078516545472667,4981.0,-4.078516505259488
965000,-0.09516019,None,None,1.4192696,0.00024223201,-3.550786037463695,4981.0,-3.5507860388606787
970000,-0.09470246,0.00021723661,0.009966108,1.4191782,0.00024194024,None,None,None
975000,-0.08962848,None,None,1.4191506,0.00024165127,None,None,None
980000,-0.07074588,None,None,1.4191504,0.00024137346,None,None,None
985000,-0.05859791,None,None,1.4191504,0.00024105718,None,None,None
990000,-0.06404788,None,None,1.4191502,0.00024072532,-3.9281849164981395,3958.0,-3.928184926509857
995000,-0.06357886,None,None,1.4191505,0.00024042756,None,None,None
1000000,-0.05447682,None,None,1.4191504,0.00024015158,None,None,None
1005000,-0.05272641,None,None,1.4191502,0.00023985226,-2.3917039132211357,4981.0,-2.391703948844224
1010000,-0.08039539,0.00018698644,0.008882818,1.4192672,0.0002395507,None,None,None
1015000,-0.08628815,None,None,1.4194106,0.00023923685,-2.6418111392995343,4595.0,-2.641811171080917
1020000,-0.08321403,None,None,1.4194106,0.00023893142,-9.228117012884468,4981.0,-9.22811695933342
1025000,-0.07280431,None,None,1.4194106,0.00023865805,None,None,None
1030000,-0.07142102,None,None,1.4194106,0.0002383503,-0.0567827969789505,4981.0,-0.056782812578603625
1035000,-0.059750587,None,None,1.4194106,0.00023802675,0.37614202219992876,4981.0,0.3761420398950577
1040000,-0.0673864,None,None,1.4194106,0.00023769341,-5.817891663139952,4981.0,-5.8178916573524475
1045000,-0.053114943,None,None,1.4194106,0.00023743196,2.1937162945978343,4981.0,2.1937163081020117
1050000,-0.07622651,0.00013490791,0.012791926,1.419354,0.00023713817,None,None,None
1055000,-0.08511787,None,None,1.4191684,0.00023685026,None,None,None
1060000,-0.06572035,None,None,1.4191684,0.00023657114,None,None,None
1065000,-0.054847147,None,None,1.4191684,0.00023625791,None,None,None
1070000,-0.04617799,None,None,1.4191685,0.00023594667,-3.365474497433752,4981.0,-3.365474523976445
1075000,-0.048273534,None,None,1.4191684,0.00023565568,-6.9357037814334035,4335.0,-6.935703799128532
1080000,-0.058450047,None,None,1.4191684,0.00023535937,None,None,None
1085000,-0.030901426,None,None,1.4191684,0.00023507017,-1.7939790998352692,3782.5,-1.7939790803939104
1090000,-0.049775034,None,None,1.4191684,0.00023475625,None,None,None
1095000,-0.051347323,0.00037622955,0.013187511,1.4192563,0.00023443406,-6.492072319611907,4981.0,-6.492072258144617
1100000,-0.068061896,None,None,1.4192562,0.00023413177,-0.14135061926208436,4981.0,-0.14135058969259262
1105000,-0.07187011,None,None,1.4192563,0.00023385702,None,None,None
1110000,-0.076844946,None,None,1.4192563,0.00023356959,-3.5887978612445295,4981.0,-3.588797900825739
1115000,-0.05095728,None,None,1.4192563,0.00023324299,-5.452397678047419,4981.0,-5.452397666871548
1120000,-0.08300919,None,None,1.4192563,0.0002328958,-3.2321056848741136,4981.0,-3.232105671040093
1125000,-0.091769755,None,None,1.4192563,0.00023262821,-12.867263001389802,4981.0,-12.867262840270996
1130000,-0.08014147,None,None,1.4192563,0.00023233691,None,None,None
1135000,-0.10054078,5.8410205e-05,0.010063181,1.4193615,0.00023205354,None,None,None
1140000,-0.1002967,None,None,1.4193647,0.00023175689,-9.66602418385446,3253.0,-9.666024208068848
1145000,-0.08142505,None,None,1.4193647,0.00023144433,None,None,None
1150000,-0.079823226,None,None,1.4193647,0.0002311427,2.480568413506262,4981.0,2.480568390339613
1155000,-0.07468165,None,None,1.4193647,0.00023085094,-4.169922625645995,4981.0,-4.169922602362931
1160000,-0.070269555,None,None,1.4193647,0.00023054969,-1.8136268120724708,4981.0,-1.81362677924335
1165000,-0.05714249,None,None,1.4193647,0.00023026175,-4.4171784943901,2775.0,-4.417178422212601
1170000,-0.039576925,None,None,1.4193648,0.00022995274,None,None,None
1175000,-0.074876405,0.00035346564,0.009058762,1.419004,0.00022963274,-3.363206791691482,4981.0,-3.363206699490547
1180000,-0.08633519,None,None,1.4188195,0.0002293289,-8.028772242832929,4981.0,-8.02877226471901
1185000,-0.09700225,None,None,1.4188195,0.00022905528,-6.269463062752038,4132.0,-6.2694631814956665
1190000,-0.07513465,None,None,1.4188197,0.00022877772,-3.4549265853129327,4981.0,-3.454926572041586
1195000,-0.08632451,None,None,1.4188194,0.00022847038,-5.507030923385173,4981.0,-5.50703089684248
1200000,-0.09679144,None,None,1.4188197,0.00022813241,-8.449010515934788,4981.0,-8.449010450392962
1205000,-0.08293417,None,None,1.4188195,0.0002278262,-0.8178111657034606,4981.0,-0.8178111799061298
1210000,-0.07193927,None,None,1.4188195,0.00022754901,None,None,None
1215000,-0.051223844,0.00022272737,0.00935093,1.4187082,0.00022726483,None,None,None
1220000,-0.056239188,None,None,1.4184043,0.00022695497,0.05015567340888083,4981.0,0.0501556945964694
1225000,-0.07413307,None,None,1.4184045,0.00022664372,None,None,None
1230000,-0.060123604,None,None,1.4184043,0.00022635075,5.088125148322433,4981.0,5.088125124573708
1235000,-0.08628896,None,None,1.4184045,0.00022605606,-2.0827031675726175,4981.0,-2.0827031917870045
1240000,-0.10973179,None,None,1.4184043,0.00022575536,0.3080770418746397,4981.0,None
1245000,-0.07871886,None,None,1.4184045,0.00022546614,-4.481010204181075,4981.0,-2.0864666211418808
1250000,-0.09186039,None,None,1.4184043,0.00022515564,None,None,None
1255000,-0.09650182,5.4473694e-05,0.012636124,1.4183664,0.0002248329,-10.11558889131993,4234.5,-10.115588918328285
1260000,-0.07740618,None,None,1.4182388,0.00022453359,-5.10128836799413,4981.0,-5.101288332603872
1265000,-0.07737532,None,None,1.4182388,0.00022425505,1.3607274706009775,4981.0,1.360727472230792
1270000,-0.090084516,None,None,1.4182388,0.00022396917,-2.6070202151313424,4981.0,-2.6070201974362135
1275000,-0.074188046,None,None,1.4182388,0.00022366479,0.846447414951399,4981.0,0.8464474342763424
1280000,-0.073807664,None,None,1.4182388,0.00022333185,-5.5918922797621535,4981.0,-5.591892263541619
1285000,-0.081332825,None,None,1.4182388,0.00022302507,-4.233123319689184,4981.0,-4.233123291749507
1290000,-0.08740759,None,None,1.4182388,0.00022274777,None,None,None
1295000,-0.07684611,None,None,1.4182388,0.00022246364,None,None,None
1300000,-0.060128998,0.00015622712,0.011154291,1.417675,0.00022215511,-7.084385987371206,4981.0,-7.084386005997658
1305000,-0.096046604,None,None,1.4176227,0.00022184232,None,None,None
1310000,-0.08537746,None,None,1.4176227,0.00022154965,-1.5623115214984864,4981.0,-1.5623115310445428
1315000,-0.072578356,None,None,1.4176227,0.00022125462,-6.119915746618062,4981.0,-6.119915694929659
1320000,-0.073566735,None,None,1.4176228,0.00022095497,-0.19838108960539103,4981.0,-0.19838109612464905
1325000,-0.09465462,None,None,1.4176228,0.00022066392,-4.1439847205765545,4981.0,-4.143984728492796
1330000,-0.10171356,None,None,1.4176227,0.00022035414,None,None,None
1335000,-0.07911159,None,None,1.4176227,0.00022003194,-5.3782428005943075,4981.0,-5.378242826089263
1340000,-0.046445094,7.226622e-05,0.011322653,1.4173,0.00021973265,-8.630964705254883,4981.0,-8.630964607000351
1345000,-0.04398109,None,None,1.4172066,0.00021945409,-2.4141073694918305,4981.0,-2.4141073934733868
1350000,-0.043999832,None,None,1.4172069,0.0002191682,-3.201276534004137,4981.0,-3.2012765845283866
1355000,-0.056102403,None,None,1.4172068,0.00021886382,0.07350775937084109,4981.0,0.07350777927786112
1360000,-0.06267006,None,None,1.4172068,0.00021853088,-3.3892011274583638,4981.0,-3.389201153690616
1365000,-0.0933315,None,None,1.4172068,0.00021822412,-8.766229628585279,4981.0,-8.766229704022408
1370000,-0.080337696,None,None,1.4172069,0.00021794677,None,None,None
1375000,-0.07824149,None,None,1.4172069,0.00021766267,None,None,None
1380000,-0.056961257,5.6779136e-05,0.011382071,1.4171082,0.00021735417,-6.477587614674121,4981.0,-6.477587707340717
1385000,-0.055043366,None,None,1.4169788,0.00021704138,None,None,None
1390000,-0.053054124,None,None,1.4169788,0.00021674865,-6.4217157564125955,4981.0,-6.421715714968741
1395000,-0.028619703,None,None,1.4169788,0.00021645367,-7.998916601296514,4981.0,-7.998916558921337
1400000,-0.018706378,None,None,1.4169788,0.000216154,1.2667847691336647,4981.0,1.2667847853153944
1405000,-0.05295662,None,None,1.4169788,0.00021586298,-2.702402915339917,4981.0,-2.7024029213935137
1410000,-0.071110256,None,None,1.416979,0.00021555318,None,None,None
1415000,-0.04882935,None,None,1.4169787,0.00021523092,1.1623647157490875,4710.0,1.162364709501465
1420000,-0.06750257,0.00020880581,0.011653175,1.4169126,0.00021493091,-3.989820680115372,4981.0,-3.989820761606097
1425000,-0.06624846,None,None,1.4165576,0.00021465267,-7.112277970649302,4981.0,-7.11227785050869
1430000,-0.07432662,None,None,1.4165576,0.00021436828,-1.053290271665901,4981.0,-1.0532902488484979
1435000,-0.046861075,None,None,1.4165576,0.00021406355,-10.855215223040432,4981.0,-10.855215042829514
1440000,-0.05565689,None,None,1.4165576,0.00021375,-1.3904808714675407,4927.666666666667,-1.3904808790733416
1445000,-0.07015075,None,None,1.4165574,0.00021344855,0.8038733308203518,4981.0,0.8038733219727874
1450000,-0.11022149,None,None,1.4165576,0.00021314544,None,None,None
1455000,-0.07986456,None,None,1.4165576,0.00021286179,None,None,None
1460000,-0.10814302,None,None,1.4165574,0.00021255635,-9.31883175112307,4981.0,-9.318831712007523
1465000,-0.0839531,0.000493,0.0116661405,1.4166355,0.00021223802,None,None,None
1470000,-0.068150304,None,None,1.4166355,0.00021194799,1.5179582440759987,4981.0,1.517958268057555
1475000,-0.07320769,None,None,1.4166355,0.0002116524,-8.693667927291244,4981.0,-8.69366803765297
1480000,-0.059727438,None,None,1.4166355,0.0002113493,-7.549562410451472,4981.0,-7.549562513828278
1485000,-0.051331487,None,None,1.4166354,0.0002110565,-1.4337559869454708,4562.0,-1.4337559514679015
1490000,-0.04894721,None,None,1.4166355,0.00021075176,None,None,None
1495000,-0.027017085,None,None,1.4166355,0.00021042678,-3.336942923720926,4566.0,-4.338773978874087
1500000,-0.07382406,None,None,1.4166355,0.00021012723,-0.9212559487204999,4981.0,-1.127268419135362
1505000,-0.07328621,0.00041824364,0.01075536,1.416508,0.00020985206,2.494333817739971,4981.0,2.4943338613957167
1510000,-0.08953518,None,None,1.4164865,0.00020956791,-4.738687075674534,4981.0,-4.738687060773373
1515000,-0.07198813,None,None,1.4164866,0.00020926868,-12.926868319511414,4981.0,-12.926868259906769
1520000,-0.06717052,None,None,1.4164866,0.00020894856,-2.578378224396147,4981.0,-2.578378204954788
1525000,-0.061991,None,None,1.4164866,0.0002086434,-7.6266993512399495,4981.0,-7.626699402928352
1530000,-0.046885736,None,None,1.4164865,0.00020834485,None,None,None
1535000,-0.022494469,None,None,1.4164866,0.0002080466,None,None,None
1540000,-0.031534083,None,None,1.4164866,0.00020774012,-1.3346459246240556,4981.0,-1.334645925089717
1545000,-0.0033529797,3.206621e-05,0.011083788,1.415958,0.00020743792,-0.363679519854486,1332.0,-0.36367952823638916
1550000,-0.029192988,None,None,1.4155807,0.00020714426,2.099512802553363,4615.0,2.099512781947851
1555000,-0.060137548,None,None,1.4155807,0.0002068524,-7.478880249895155,4981.0,-7.478880487382412
1560000,-0.07345518,None,None,1.4155806,0.00020654865,None,None,None
1565000,-0.0663797,None,None,1.4155806,0.00020624798,-2.7422380945645273,4981.0,-2.7422380736097693
1570000,-0.0828376,None,None,1.4155806,0.00020594613,None,None,None
1575000,-0.06741555,None,None,1.4155807,0.00020566146,-3.952158538158983,4981.0,-3.9521584939211607
1580000,-0.056321166,None,None,1.4155807,0.00020535497,-4.025759046548046,4981.0,-4.025758983567357
1585000,-0.04915648,0.00044957118,0.011325296,1.4155678,0.00020503999,0.5604109487030655,4981.0,0.5604109223932028
1590000,-0.06331434,None,None,1.4155303,0.00020475635,-1.1319620511494577,4981.0,-1.1319620651192963
1595000,-0.061957277,None,None,1.4155302,0.000204463,-6.628597349859774,4981.0,-6.628597415983677
1600000,-0.045421682,None,None,1.4155302,0.0002041463,-0.534334237803705,4981.0,-0.5343342223204672
1605000,-0.05787257,None,None,1.4155302,0.00020384304,2.111353940097615,4139.0,2.11135396361351
1610000,-0.08347392,None,None,1.4155303,0.00020353914,None,None,None
1615000,-0.08127874,None,None,1.4155303,0.00020325174,None,None,None
1620000,-0.09042885,None,None,1.4155303,0.00020297461,None,None,None
1625000,-0.0658887,0.00025397915,0.009738678,1.4154798,0.00020264993,-9.813362014479935,4981.0,-9.81336197257042
1630000,-0.06335579,None,None,1.415371,0.00020233315,-2.06858555553481,4981.0,-2.068585528759286
1635000,-0.067443565,None,None,1.415371,0.00020205256,-7.655728690326214,4981.0,-7.65572876483202
1640000,-0.06189831,None,None,1.4153711,0.0002017524,None,None,None
1645000,-0.03923142,None,None,1.415371,0.00020145082,-4.958039691788144,4981.0,-4.958039678633213
1650000,-0.007902889,None,None,1.415371,0.00020114615,None,None,None
1655000,-0.010960867,None,None,1.4153711,0.00020086061,-0.13913012330885977,4981.0,-0.13913014298304915
1660000,-0.042587455,None,None,1.4153708,0.00020056264,-2.4682641715626232,4981.0,-2.468264227733016
1665000,-0.02292738,None,None,1.415371,0.00020025301,-3.288033394375816,4981.0,-3.2880333736538887
1670000,-0.019273072,3.0313588e-05,0.015884886,1.4152776,0.00019995896,-6.739880244247615,4981.0,-6.739880293607712
1675000,-0.01155009,None,None,1.4152726,0.0001996613,0.7591421724646352,3479.5,0.7591421725228429
1680000,-0.03939857,None,None,1.4152726,0.00019934188,-5.910403441404924,4981.0,-5.910403490066528
1685000,-0.04625308,None,None,1.4152725,0.00019903413,-12.101981502957642,4981.0,-12.101981610059738
1690000,-0.036291223,None,None,1.4152726,0.00019874229,None,None,None
1695000,-0.03517396,None,None,1.4152725,0.0001984553,None,None,None
1700000,-0.058553834,None,None,1.4152725,0.00019817223,None,None,None
1705000,-0.014308867,None,None,1.4152726,0.00019785024,3.8789655758300796,4981.0,3.878965590149164
1710000,-0.021592405,0.00022009472,0.014582443,1.4152203,0.0001975319,0.84330007416429,4981.0,0.8433000352233648
1715000,-0.040457018,None,None,1.4151955,0.00019724926,-3.855960695713293,4200.5,-3.8559606838971376
1720000,-0.05565839,None,None,1.4151956,0.00019695109,None,None,None
1725000,-0.03342822,None,None,1.4151955,0.00019664965,-9.313080003019422,4981.0,-9.313079923391342
1730000,-0.04518716,None,None,1.4151956,0.00019634787,None,None,None
1735000,-0.011369369,None,None,1.4151956,0.00019604227,-1.6315291941476364,4410.333333333333,-1.631529163569212
1740000,-0.031418838,None,None,1.4151956,0.0001957462,-1.5358750035520643,4981.0,-1.5358749702572823
1745000,-0.008345937,None,None,1.4151955,0.00019545216,0.022873327834531665,4981.0,0.022873325273394585
1750000,-0.015164743,0.00038361974,0.01362764,1.4149609,0.00019514523,4.513172473059967,4981.0,4.513172537088394
1755000,-0.011653234,None,None,1.4145937,0.00019484734,-3.7558579467004165,4981.0,-3.755857953801751
1760000,0.00035862363,None,None,1.4145938,0.00019456215,-1.2763420974370092,4981.0,-1.2763420762494206
1765000,-0.0109384535,None,None,1.4145937,0.00019425353,-5.912568801082671,4981.0,-5.912568852305412
1770000,0.0028909738,None,None,1.4145937,0.00019394097,None,None,None
1775000,0.00754208,None,None,1.4145937,0.00019365452,None,None,None
1780000,-0.005777073,None,None,1.4145937,0.00019336444,-3.6794845601543784,3331.0,-3.679484497755766
1785000,-0.011352481,None,None,1.4145938,0.00019304256,-0.7471306612715125,4981.0,-0.7471306640654802
1790000,-0.018287063,0.0003655438,0.015818931,1.4145793,0.0001927295,-3.581180859978,4859.0,-3.5811808755000434
1795000,-0.02515014,None,None,1.4144839,0.00019244938,0.07671642350032926,4981.0,0.07671643979847431
1800000,-0.01488578,None,None,1.4144839,0.00019214513,None,None,None
1805000,-0.043485034,None,None,1.4144839,0.00019186192,None,None,None
1810000,-0.01924414,None,None,1.4144839,0.00019155799,None,None,None
1815000,-0.031658035,None,None,1.4144839,0.00019124418,-2.403685440076515,4948.0,-2.403685405229529
1820000,-0.011900032,None,None,1.4144839,0.00019095246,5.506651305477135,4981.0,5.506651289761066
1825000,-0.017029915,None,None,1.414484,0.00019066148,-0.4582239827141166,4981.0,None
1830000,-0.030862877,None,None,1.414484,0.00019034721,-4.113729900680482,4981.0,-2.285976968705654
1835000,-0.029790645,0.00021245943,0.011844772,1.4144171,0.00019003364,1.0808873425703496,4981.0,1.0808873570058495
1840000,-0.048257235,None,None,1.4144107,0.00018974315,2.1407217807136476,4981.0,2.1407218258827925
1845000,-0.06413428,None,None,1.4144107,0.00018944862,-0.5786463362164795,4981.0,-0.5786463362164795
1850000,-0.07401257,None,None,1.4144107,0.0001891427,None,None,None
1855000,-0.06418742,None,None,1.4144107,0.00018884525,5.574149415246211,4326.0,5.5741494707763195
1860000,-0.0732546,None,None,1.4144107,0.00018854777,-9.188867594115436,4981.0,-9.18886749446392
1865000,-0.055061232,None,None,1.4144107,0.00018826898,None,None,None
1870000,-0.07886666,None,None,1.4144107,0.00018796673,-7.371434280338387,4958.333333333333,-7.371434308588505
1875000,-0.07528831,0.00041957435,0.01073555,1.4142292,0.00018765197,-0.05747734382748604,4981.0,-0.05747733963653445
1880000,-0.06358342,None,None,1.4141434,0.00018734978,None,None,None
1885000,-0.03955629,None,None,1.4141436,0.00018706772,None,None,None
1890000,-0.04671975,None,None,1.4141434,0.0001867566,None,None,None
1895000,-0.033876203,None,None,1.4141434,0.00018643905,1.7213409431278706,4981.0,1.7213409518202145
1900000,-0.051085453,None,None,1.4141434,0.0001861466,0.3094697748310864,4981.0,0.3094697715714574
1905000,-0.041594274,None,None,1.4141434,0.00018586205,None,None,None
1910000,-0.05337066,None,None,1.4141434,0.00018553525,-6.437375927809626,4981.0,-6.437375952489674
1915000,-0.061203312,3.1814354e-05,0.011893391,1.4138905,0.00018521855,-6.895221389364451,4981.0,-6.895221505314112
1920000,-0.03427469,None,None,1.4137661,0.0001849434,-0.061307122581638396,2492.0,-0.061307105235755444
1925000,-0.06303793,None,None,1.413766,0.0001846481,-5.183835005853325,4981.0,-5.183834977447987
1930000,-0.072043516,None,None,1.413766,0.00018435858,None,None,None
1935000,-0.06699457,None,None,1.4137661,0.00018405852,-9.187059137504548,4981.0,-9.187059119343758
1940000,-0.024528539,None,None,1.4137661,0.00018374731,-3.358063235413283,4981.0,-3.358063228428364
1945000,-0.013104908,None,None,1.4137661,0.0001834684,None,None,None
1950000,-0.033333637,None,None,1.4137659,0.00018316499,-2.0363297009219727,4981.0,-2.0363297485746443
1955000,-0.04042169,7.930642e-05,0.00945,1.4137108,0.00018284933,4.861276380717754,4981.0,4.8612764328718185
1960000,-0.04950642,None,None,1.4135542,0.00018254673,None,None,None
1965000,-0.024286626,None,None,1.4135541,0.00018226674,None,None,None
1970000,-0.030656006,None,None,1.4135541,0.00018195555,None,None,None
1975000,-0.011781609,None,None,1.4135541,0.00018163804,-3.9540934456357113,4981.0,-3.9540934721007943
1980000,0.01194799,None,None,1.4135541,0.00018134581,0.6161795991938561,4981.0,0.6161796506494284
1985000,-0.0023407806,None,None,1.4135541,0.00018106104,None,None,None
1990000,-0.002164228,None,None,1.413554,0.00018073419,-3.107867418555543,4981.0,-3.10786743927747
1995000,-0.008724176,2.7186294e-05,0.011001849,1.413534,0.00018041758,-5.4935980041045696,4981.0,-5.493598021566868
2000000,-0.004707967,None,None,1.4132509,0.0001801426,-1.7190332307945937,4981.0,-1.7190333157777786
2005000,-0.017570212,None,None,1.413251,0.0001798439,-0.8539744798326865,4198.5,-0.8539744773879647
2010000,-0.022721935,None,None,1.4132512,0.0001795571,None,None,None
2015000,-0.022248838,None,None,1.413251,0.00017926742,5.272712649544701,4981.0,5.2727126479148865
2020000,-0.022979984,None,None,1.413251,0.0001789628,4.7410326562821865,4981.0,4.741032674908638
2025000,-0.015665835,None,None,1.4132509,0.00017867381,None,None,None
2030000,-0.01750959,None,None,1.413251,0.00017836601,-5.258657901198603,4981.0,-5.258657953003421
2035000,-0.0197328,None,None,1.413251,0.00017805092,2.758112364448607,4981.0,2.758112408220768
2040000,-0.027767127,0.00019375126,0.011555816,1.4126352,0.00017774703,None,None,None
2045000,-0.007033075,None,None,1.4125654,0.000177466,None,None,None
2050000,-0.015831139,None,None,1.4125652,0.00017715523,None,None,None
2055000,-0.002298498,None,None,1.4125654,0.00017683745,0.7282571171720823,4981.0,0.728257128658394
2060000,-0.034012895,None,None,1.4125652,0.00017654822,0.17702431045472622,4981.0,0.17702430672943592
2065000,-0.017153297,None,None,1.4125654,0.00017626221,None,None,None
2070000,-0.004010864,None,None,1.4125654,0.00017593394,1.2818354521878064,4981.0,1.2818354861810803
2075000,-0.018658023,None,None,1.4125652,0.00017561685,-2.0988872308516875,4981.0,-2.0988872349262238
2080000,-0.016375225,1.8750505e-05,0.0110197775,1.4123546,0.00017534186,-7.125633038114756,4981.0,-7.125633038580418
2085000,0.011645518,None,None,1.4122944,0.00017504233,-3.477053780690767,4981.0,-3.477053739130497
2090000,0.004058145,None,None,1.4122943,0.00017475615,None,None,None
2095000,0.031293172,None,None,1.4122944,0.00017446645,1.5118572518695146,4981.0,1.511857308447361
2100000,0.012788582,None,None,1.4122943,0.00017416183,2.980849833926186,4981.0,2.980849761515856
2105000,-0.013655265,None,None,1.4122943,0.00017387283,None,None,None
2110000,-0.007888061,None,None,1.4122945,0.00017356506,2.0438804322620854,4981.0,2.0438804365694523
2115000,-0.029414281,None,None,1.4122943,0.00017324997,-7.237026776187122,4981.0,-7.237026706337929
2120000,0.0018295975,2.1075535e-05,0.013130548,1.4123037,0.00017294606,None,None,None
2125000,0.009746194,None,None,1.4123172,0.00017266469,-0.26343463524244726,4092.0,-0.26343466155231
2130000,0.00692242,None,None,1.412317,0.0001723539,-1.5446650213561952,4600.0,-1.5446651447564363
2135000,0.011339848,None,None,1.412317,0.00017204332,2.2716969480970874,4981.0,2.2716969158500433
2140000,-0.032323636,None,None,1.412317,0.00017175524,None,None,None
2145000,-0.039100993,None,None,1.4123172,0.00017146119,None,None,None
2150000,-0.035009988,None,None,1.412317,0.00017115878,-2.023684724001214,4793.333333333333,-2.0236847422396145
2155000,-0.046725392,None,None,1.4123172,0.00017085114,-1.1522231432997312,4413.666666666667,-1.1522231909135978
2160000,-0.02643604,0.0008820279,0.0117591,1.4122789,0.00017055281,None,None,None
2165000,-0.019620895,None,None,1.4120275,0.00017024532,-0.2879034166689962,4981.0,-0.28790340083651245
2170000,-0.027572904,None,None,1.4120276,0.00016993572,None,None,None
2175000,-0.019497339,None,None,1.4120276,0.00016964429,None,None,None
2180000,-0.016204419,None,None,1.4120275,0.00016936021,-0.4969721524976194,4981.0,-0.49697212036699057
2185000,-0.0021038991,None,None,1.4120276,0.00016907549,None,None,None
2190000,-0.016764032,None,None,1.4120275,0.00016875575,-5.182043907348998,4981.0,-5.18204395333305
2195000,-0.015097571,None,None,1.4120275,0.00016843615,-4.109889742452651,4981.0,-4.1098897168412805
2200000,-0.0050342735,1.2113347e-05,0.010404761,1.4120067,0.0001681399,None,None,None
2205000,-0.0059632873,None,None,1.4114499,0.00016785336,3.479909506626427,4981.0,3.4799095317721367
2210000,0.008058024,None,None,1.4114498,0.00016755066,2.5700193017255515,4981.0,2.5700192623771727
2215000,0.00028228984,None,None,1.4114499,0.00016724213,-2.1810097959823906,4981.0,-2.181009801104665
2220000,-0.023622233,None,None,1.4114499,0.00016695439,None,None,None
2225000,-0.009674498,None,None,1.4114499,0.00016666067,None,None,None
2230000,-0.0027478426,None,None,1.4114498,0.00016635776,-0.724540984025225,4981.0,-0.7245409792910019
2235000,-0.014534666,None,None,1.4114498,0.00016604854,0.3786642379127443,4981.0,0.3786642529691259
2240000,-0.010532381,None,None,1.4114498,0.0001657529,None,None,None
2245000,0.0031100193,1.9120205e-05,0.013626463,1.4113821,0.00016544526,-0.44730229943525046,4981.0,-0.4473022921010852
2250000,-0.028784143,None,None,1.4113595,0.00016513786,None,None,None
2255000,-0.0029005967,None,None,1.4113597,0.000164847,None,None,None
2260000,0.0052726837,None,None,1.4113597,0.00016455926,1.2850239698309451,4981.0,1.285023970529437
2265000,0.00050537597,None,None,1.4113595,0.00016427455,None,None,None
2270000,-0.020642633,None,None,1.4113595,0.00016396873,-3.9322077148826793,4941.0,-3.9322077208198607
2275000,0.0025340486,None,None,1.4113597,0.00016365123,-5.732390318065882,4981.0,-5.732390262186527
2280000,0.0022245392,None,None,1.4113595,0.00016333972,None,None,None
2285000,0.021284182,0.00016655697,0.012871157,1.4114318,0.00016305286,3.5077610281296074,4981.0,3.507761023938656
2290000,-0.008121566,None,None,1.4114891,0.00016274895,4.088125099195167,4981.0,4.088125083595514
2295000,-0.008143604,None,None,1.4114891,0.00016244013,-0.13338264601770788,4981.0,-0.13338266592472792
2300000,0.008765961,None,None,1.4114891,0.00016215416,None,None,None
2305000,0.026708255,None,None,1.411489,0.0001618605,None,None,None
2310000,0.0155406,None,None,1.411489,0.0001615577,1.2151156212591256,4981.0,1.2151156297574441
2315000,0.0058392147,None,None,1.4114891,0.00016124838,0.9120478349116942,4981.0,0.9120478356877962
2320000,0.009889096,None,None,1.411489,0.0001609537,None,None,None
2325000,0.008103999,3.209798e-05,0.008022531,1.4114114,0.00016064463,-5.375608338508755,4981.0,-5.37560841627419
2330000,0.009351531,None,None,1.4112921,0.00016033473,None,None,None
2335000,0.022436168,None,None,1.4112921,0.00016004685,None,None,None
2340000,0.029939365,None,None,1.411292,0.00015976292,2.454378127818927,4981.0,2.4543781001120806
2345000,0.014966889,None,None,1.4112921,0.00015946334,-2.964603786356747,3620.0,-2.9646037444472313
2350000,0.025842791,None,None,1.4112921,0.00015916055,2.9889844047138467,4981.0,2.9889844274148345
2355000,0.026073176,None,None,1.4112921,0.00015884952,-0.28012476000003517,4981.0,-0.280124768614769
2360000,0.034106486,None,None,1.411292,0.00015853829,None,None,None
2365000,0.047334146,0.00020644665,0.011477862,1.4113089,0.00015825566,None,None,None
2370000,0.04816248,None,None,1.4114801,0.00015797038,0.13280908996239305,4981.0,0.13280908204615116
2375000,0.049049195,None,None,1.41148,0.00015765482,0.41253418393898755,4981.0,0.41253414284437895
2380000,0.05737471,None,None,1.4114801,0.0001573474,None,None,None
2385000,0.06617343,None,None,1.41148,0.00015705934,-1.9054022668860853,4981.0,None
2390000,0.07645129,None,None,1.4114801,0.00015675646,5.630831761227455,4981.0,3.1187537452206016
2395000,0.03160096,None,None,1.4114802,0.00015645019,1.7829734993477662,4981.0,1.7829735167324543
2400000,-0.0012591131,None,None,1.4114801,0.00015615838,None,None,None
2405000,0.034489993,None,None,1.4114801,0.0001558434,1.6165167588042095,4440.333333333333,1.6165167735889554
2410000,0.01730141,0.0001551805,0.012102112,1.4116296,0.00015553604,None,None,None
2415000,0.021071112,None,None,1.4116297,0.0001552458,None,None,None
2420000,0.044399805,None,None,1.4116294,0.00015496233,-1.6572152841836214,4981.0,-1.6572153680026531
2425000,0.02548356,None,None,1.4116296,0.0001546747,1.1430105313193053,4981.0,1.1430105599574745
2430000,0.044899136,None,None,1.4116297,0.00015436926,3.257224223576486,4981.0,3.257224223576486
2435000,0.049366537,None,None,1.4116296,0.00015405986,1.026211833115667,4981.0,1.026211868505925
2440000,0.046048366,None,None,1.4116296,0.00015375881,-5.47195936460048,2745.0,-5.471959412097931
2445000,0.04573261,None,None,1.4116296,0.00015346361,None,None,None
2450000,0.067086294,0.00020195481,0.0141443955,1.4115709,0.00015314658,3.926204115501605,3170.5,3.9262040816247463
2455000,0.041615814,None,None,1.4115481,0.00015283462,3.1953587906900793,4981.0,3.1953587271273136
2460000,0.04080259,None,None,1.4115481,0.0001525466,None,None,None
2465000,0.059679426,None,None,1.4115483,0.00015225877,None,None,None
2470000,0.050402086,None,None,1.4115483,0.00015195605,-1.8023116171825677,4981.0,-1.802311635731409
2475000,0.04044732,None,None,1.4115481,0.00015164871,3.6842438363237306,4981.0,3.6842438708990812
2480000,0.042984664,None,None,1.4115481,0.0001513487,None,None,None
2485000,0.06733652,None,None,1.4115483,0.00015103663,2.936417206733798,4981.0,2.9364172592759132
2490000,0.051490195,0.00016763543,0.011331856,1.4114683,0.00015073654,None,None,None
2495000,0.042857874,None,None,1.4114168,0.00015044746,None,None,None
2500000,0.057098813,None,None,1.4114168,0.00015015998,3.3198137334547937,4981.0,3.3198137506842613
2505000,0.060356956,None,None,1.4114169,0.00014986232,5.4879912389442325,4981.0,5.487991325557232
2510000,0.02945822,None,None,1.4114168,0.00014956197,None,None,None
2515000,0.030402403,None,None,1.4114169,0.00014925882,1.2484441122505814,4981.0,1.2484441408887506
2520000,0.021517491,None,None,1.4114169,0.00014895776,-1.7063761074095964,4981.0,-1.7063761628232896
2525000,0.04244131,None,None,1.4114168,0.00014866315,None,None,None
2530000,0.03784319,1.7864622e-05,0.011613313,1.4114662,0.0001483446,2.3228941430570558,4981.0,2.3228941606357694
2535000,0.007678926,None,None,1.4115467,0.00014803294,2.2368698803863176,4346.333333333333,2.236869784692923
2540000,0.0074826493,None,None,1.4115467,0.0001477446,None,None,None
2545000,0.00025743322,None,None,1.4115467,0.00014745755,None,None,None
2550000,0.03326805,None,None,1.4115467,0.00014715486,0.1695956247082601,4981.0,0.1695956482241551
2555000,0.00026514177,None,None,1.4115467,0.00014684751,-1.2196641153423116,4981.0,-1.2196640996262431
2560000,0.014126247,None,None,1.4115467,0.00014654757,None,None,None
2565000,0.024786098,None,None,1.4115466,0.00014623889,4.436344160232693,4981.0,4.436344210058451
2570000,-0.011982566,0.00017392605,0.012930651,1.4115345,0.0001459352,None,None,None
2575000,-0.01794719,None,None,1.411475,0.00014564568,None,None,None
2580000,-0.0016879616,None,None,1.411475,0.00014536019,5.679489087546244,4981.0,5.67948916554451
2585000,0.01289445,None,None,1.411475,0.0001450626,-4.853560017887503,4981.0,-4.85356006026268
2590000,-0.0028188224,None,None,1.4114751,0.00014476075,None,None,None
2595000,-0.0023482882,None,None,1.4114751,0.0001444563,2.3486850869376212,4981.0,2.348685064353049
2600000,0.0034091393,None,None,1.411475,0.00014415044,-2.468310810159892,4981.0,-2.468310793861747
2605000,0.010192101,None,None,1.4114751,0.0001438552,-2.1098609764594585,3517.0,-2.1098609352484345
2610000,0.020132445,None,None,1.4114751,0.00014354494,1.0499706353293732,4981.0,1.0499706408008933
2615000,0.008569767,0.0002124378,0.011576591,1.4114199,0.00014323069,0.3864992228336632,4981.0,0.38649926458795864
2620000,-0.0070821457,None,None,1.411412,0.00014294678,None,None,None
2625000,-0.00056882127,None,None,1.411412,0.00014267156,None,None,None
2630000,0.018676247,None,None,1.411412,0.00014236895,2.12850612209877,4981.0,2.1285060942173004
2635000,0.0014213794,None,None,1.411412,0.00014203881,0.05130656098481268,4981.0,0.05130654503591359
2640000,-0.010985683,None,None,1.4114121,0.00014173436,None,None,None
2645000,0.015172956,None,None,1.4114121,0.00014143792,-0.04441660828888416,4981.0,-0.044416650431230664
2650000,-0.01619096,None,None,1.411412,0.00014113399,None,None,None
2655000,-0.0064167394,1.7947861e-05,0.011552798,1.4111971,0.00014084483,None,None,None
2660000,0.0018219298,None,None,1.4110746,0.00014054839,2.4888997582602315,2491.0,2.4888997711241245
2665000,-0.0072724954,None,None,1.4110745,0.00014024832,1.1051588845439255,4981.0,1.105158882215619
2670000,-0.011908182,None,None,1.4110745,0.00013995521,None,None,None
2675000,-0.022370934,None,None,1.4110745,0.00013965456,-2.2025774312205613,4981.0,-2.202577435411513
2680000,-0.01225442,None,None,1.4110746,0.00013935515,2.3521682652644813,4981.0,2.3521682461723685
2685000,-0.0029079355,None,None,1.4110746,0.00013906098,1.3265317771583796,4981.0,1.3265317920595407
2690000,-0.017522922,None,None,1.4110745,0.00013874396,-0.7986365694086999,4981.0,-0.7986365659162402
2695000,-0.03561856,6.813714e-05,0.010455539,1.4107869,0.00013842972,-2.7757968594475337,4981.0,-2.7757968868439398
2700000,-0.0226192,None,None,1.4105549,0.00013814581,None,None,None
2705000,-0.01171819,None,None,1.4105549,0.0001378706,None,None,None
2710000,-0.009018911,None,None,1.410555,0.00013756804,-3.414562478545122,4981.0,-3.4145625233650208
2715000,-0.014819587,None,None,1.410555,0.00013723782,2.7278533808421344,4981.0,2.72785338293761
2720000,-0.013230261,None,None,1.410555,0.0001369334,None,None,None
2725000,0.0030837087,None,None,1.4105549,0.00013663615,-1.8476338314358145,4981.0,-1.8476338153705
2730000,-0.008547767,None,None,1.410555,0.000136332,None,None,None
2735000,-0.017397402,3.102394e-05,0.011737596,1.4104905,0.00013604386,None,None,None
2740000,0.002259754,None,None,1.4099733,0.00013575415,0.7153609634842724,3960.5,0.7153609599918127
2745000,-0.0037875338,None,None,1.4099731,0.00013545765,1.6214990550652146,4981.0,1.6214990229345858
2750000,0.010434651,None,None,1.4099733,0.00013515558,None,None,None
2755000,0.025566781,None,None,1.4099731,0.00013485386,0.6656022625975311,4981.0,0.6656022421084344
2760000,0.03787238,None,None,1.4099731,0.0001345529,4.209186659078114,4981.0,4.209186747670174
2765000,0.012826843,None,None,1.4099731,0.0001342587,-7.817803013604134,4981.0,-7.817803084850311
2770000,0.04288128,None,None,1.4099733,0.000133945,-5.379579868400469,4981.0,-5.379579882603139
2775000,0.052397013,None,None,1.4099733,0.00013362961,0.47404132573865354,4981.0,0.474041348323226
2780000,0.0469299,0.00023457901,0.012077537,1.4096348,0.00013334483,0.7044993843883276,2549.0,0.7044994086027145
2785000,0.054577656,None,None,1.4096236,0.00013306964,None,None,None
2790000,0.05321728,None,None,1.4096237,0.00013276715,1.4909804749768227,4981.0,1.4909804919734597
2795000,0.042736262,None,None,1.4096239,0.00013243764,3.01657553575933,4981.0,3.016575542744249
2800000,0.051798712,None,None,1.4096237,0.00013213354,None,None,None
2805000,0.051579963,None,None,1.4096236,0.0001318352,-2.079672085121274,4981.0,-2.0796720581129193
2810000,0.016819512,None,None,1.4096237,0.00013153107,None,None,None
2815000,0.033519216,None,None,1.4096236,0.00013124291,None,None,None
2820000,0.01862399,0.00023562527,0.011104902,1.4098645,0.00013094745,0.4880060702562332,4981.0,0.4880060735158622
2825000,0.03319217,None,None,1.4099923,0.00013064737,1.6685537253506482,4981.0,1.6685537118464708
2830000,0.0549268,None,None,1.4099923,0.00013035332,None,None,None
2835000,0.042289793,None,None,1.4099923,0.00013005268,3.664346048841253,4981.0,3.66434608399868
2840000,0.052775525,None,None,1.4099922,0.00012975326,3.648946864064783,4981.0,3.6489468589425087
2845000,0.041960984,None,None,1.4099923,0.00012946007,4.947368589229882,4981.0,4.947368623688817
2850000,0.044582494,None,None,1.4099923,0.00012914292,3.2100127483718097,4981.0,3.2100127208977938
2855000,0.048565544,None,None,1.4099923,0.00012882818,1.737953469157219,4981.0,1.7379534342326224
2860000,0.045516677,1.2558523e-05,0.014714299,1.4099066,0.00012854347,6.14851948316209,4981.0,6.148519456386566
2865000,0.01842547,None,None,1.4098244,0.0001282687,None,None,None
2870000,0.009189354,None,None,1.4098245,0.00012796617,0.522947970428504,4981.0,0.5229479987174273
2875000,0.008365502,None,None,1.4098244,0.00012763668,1.2842639181180857,4981.0,1.2842639284208417
2880000,0.026470015,None,None,1.4098245,0.00012733259,None,None,None
2885000,0.048083123,None,None,1.4098245,0.00012703425,0.667921103653498,4981.0,0.6679210853762925
2890000,0.030101974,None,None,1.4098245,0.0001267301,None,None,None
2895000,0.03811232,None,None,1.4098245,0.00012644194,None,None,None
2900000,0.0429537,1.2145201e-05,0.01028915,1.4096392,0.00012614648,-0.628553002839908,4981.0,-0.6285530338063836
2905000,0.0388119,None,None,1.4091889,0.00012584642,-1.8270904473029077,4981.0,-1.8270904459059238
2910000,0.0652349,None,None,1.4091889,0.00012555235,None,None,None
2915000,0.042100757,None,None,1.4091889,0.00012525171,2.451729182386771,4981.0,2.45172916399315
2920000,0.062429946,None,None,1.4091889,0.0001249523,4.539564127102494,4981.0,4.539564106613398
2925000,0.05570044,None,None,1.4091887,0.0001246591,5.736198304221034,4981.0,5.736198291182518
2930000,0.026235308,None,None,1.4091889,0.00012434198,-0.051727532991208136,4981.0,-0.05172750540077686
2935000,0.0074226535,None,None,1.4091889,0.00012402722,0.3021191629813984,4981.0,0.3021191887091845
2940000,0.0033375411,None,None,1.4091889,0.00012374252,-2.562446960248053,4981.0,-2.5624469481408596
2945000,0.005964686,1.1201834e-05,0.016778795,1.4086998,0.00012346773,None,None,None
2950000,0.023420807,None,None,1.4086998,0.00012316521,3.954127387725748,4981.0,3.9541274094954133
2955000,0.009052126,None,None,1.4086999,0.00012283573,2.0550357359461486,4981.0,2.0550357308238745
2960000,0.01138042,None,None,1.4086996,0.00012253164,None,None,None
2965000,0.02243791,None,None,1.4086999,0.0001222333,2.4203706461703405,4981.0,2.4203706509433687
2970000,0.011569005,None,None,1.4086999,0.00012192915,None,None,None
2975000,0.029621715,None,None,1.4086999,0.00012164099,None,None,None
2980000,0.034894947,None,None,1.4086999,0.0001213455,5.833858424797654,4981.0,5.833858385682106
2985000,0.028623035,1.4244271e-05,0.011144372,1.4082786,0.00012104546,1.5510691048111767,4981.0,1.551069088280201
2990000,0.013265837,None,None,1.4082078,0.00012075139,None,None,None
2995000,0.019418139,None,None,1.4082078,0.00012044981,1.6716647329740226,4460.5,1.6716647055000067
3000000,0.02887758,None,None,1.4082078,0.00012015025,-0.5148111016023904,4981.0,-0.5148111060261726
3005000,0.022228964,None,None,1.4082078,0.000119857046,-5.483475825749338,4981.0,-5.483475834131241
3010000,0.019195396,None,None,1.4082078,0.00011954406,0.06026727566495538,4981.0,0.06026724632829428
3015000,0.036389586,None,None,1.4082077,0.000119225406,0.0321790148736909,4981.0,0.03217901382595301
3020000,0.03176856,None,None,1.4082079,0.00011894167,3.7335458749439567,4981.0,3.733545895665884
3025000,0.024667071,0.00016882233,0.012068007,1.408138,0.00011866689,None,None,None
3030000,0.034834303,None,None,1.4080238,0.00011836455,3.0266659134067595,4981.0,3.0266658873297274
3035000,0.032781105,None,None,1.4080238,0.00011804267,0.10759759251959622,4981.0,0.10759763978421688
3040000,0.007311231,None,None,1.4080237,0.00011774049,None,None,None
3045000,0.035859954,None,None,1.4080237,0.00011743264,2.565303557435982,4981.0,2.5653035528957844
3050000,0.01151584,None,None,1.4080238,0.0001171284,None,None,None
3055000,0.005209676,None,None,1.4080238,0.00011684017,None,None,None
3060000,0.015756682,None,None,1.4080238,0.00011655316,4.552662753267214,4981.0,4.552662879228592
3065000,0.0017919398,2.2002445e-05,0.014658024,1.4079618,0.00011625261,-4.149408436380327,4981.0,-4.149408392608166
3070000,0.028144708,None,None,1.4078332,0.00011595067,None,None,None
3075000,0.011666821,None,None,1.4078332,0.0001156516,1.5450231031669925,4517.0,1.545023095794022
3080000,0.026708763,None,None,1.4078332,0.00011535914,1.6310202777385712,4981.0,1.6310202535241842
3085000,0.026787218,None,None,1.4078332,0.000115070354,1.5978652001358569,4981.0,1.597865168005228
3090000,0.029808443,None,None,1.4078332,0.00011476468,-0.9657898456789553,4981.0,-0.9657898563891649
3095000,0.036704056,None,None,1.4078331,0.00011444387,2.955133870942518,4981.0,2.9551338274031878
3100000,0.018400345,None,None,1.4078332,0.000114141425,-3.9456222406588495,4981.0,-3.9456222094595432
3105000,0.031176358,0.00021176744,0.009894109,1.4078277,0.00011386665,None,None,None
3110000,0.03939584,None,None,1.407711,0.00011356356,1.8039801411796361,4981.0,1.8039801437407732
3115000,0.030443396,None,None,1.407711,0.00011324081,0.2913638337049633,4981.0,0.2913638260215521
3120000,0.016408054,None,None,1.4077111,0.00011294056,None,None,None
3125000,0.030699546,None,None,1.4077111,0.00011263329,0.24123683758080006,4981.0,0.2412368031218648
3130000,0.030705998,None,None,1.407711,0.000112349655,None,None,None
3135000,0.051911287,None,None,1.4077111,0.00011207476,None,None,None
3140000,0.056516558,None,None,1.4077111,0.00011176213,3.4741759181488305,4981.0,3.474175887182355
3145000,0.055580527,None,None,1.4077111,0.000111453,1.688977112993598,4981.0,1.6889770971611142
3150000,0.07567702,1.2167585e-05,0.016080225,1.407681,0.000111151014,None,None,None
3155000,0.059553184,None,None,1.4076779,0.000110848036,1.3902302113516878,4981.0,1.390230195907255
3160000,0.062002704,None,None,1.407678,0.00011055807,6.13916506501846,4947.0,6.1391650550067425
3165000,0.0832472,None,None,1.4076779,0.00011026159,3.55743689625524,4981.0,3.5574368913657963
3170000,0.05827521,None,None,1.4076779,0.000109942375,1.3882675454951823,4981.0,1.3882675394415855
3175000,0.06598265,None,None,1.4076779,0.00010962142,-0.959468822227791,4981.0,-0.9594688266515732
3180000,0.07271657,None,None,1.4076778,0.000109335146,-1.596172426827252,4981.0,-1.596172422170639
3185000,0.06543614,None,None,1.4076778,0.000109068635,None,None,None
3190000,0.05639254,0.00016694874,0.01735506,1.4075794,0.00010876527,2.8091887570917606,4981.0,2.809188776416704
3195000,0.059539557,None,None,1.407499,0.00010843911,3.5676105152039477,4105.0,3.5676105382541814
3200000,0.036404323,None,None,1.4074992,0.00010813932,4.500669650733471,4563.0,4.500669538043439
3205000,0.04071174,None,None,1.4074992,0.00010784771,5.109506994951516,4981.0,5.109506994485855
3210000,0.02597392,None,None,1.4074991,0.0001075445,None,None,None
3215000,0.036020067,None,None,1.4074992,0.00010725139,None,None,None
3220000,0.056411028,None,None,1.4074992,0.00010696103,2.7584440372884274,4493.5,2.758444032398984
3225000,0.0150036765,None,None,1.4074991,0.00010665482,2.5686788004046925,3076.0,2.5686787428955236
3230000,-0.0006004579,0.00083109975,0.010277827,1.4074652,0.00010635219,1.3428501631133258,265.0,1.342850148677826
3235000,-0.0064297104,None,None,1.4074193,0.00010604925,1.4229427570244297,4981.0,1.4229427468962967
3240000,0.011389572,None,None,1.4074193,0.00010574489,None,None,None
3245000,0.01679295,None,None,1.4074192,0.00010543648,-1.6704690605401993,4981.0,-1.6704690493643284
3250000,0.015490398,None,None,1.4074192,0.00010513551,3.0377424124162644,4981.0,3.037742404267192
3255000,0.030078286,None,None,1.4074192,0.00010483071,3.0275148199871182,4981.0,3.027514811605215
3260000,0.031109948,None,None,1.4074193,0.00010453792,-0.6451164784375578,4981.0,-0.6451164865866303
3265000,0.017331488,None,None,1.4074193,0.00010425842,None,None,None
3270000,0.035567682,0.00015362768,0.013429845,1.4073873,0.0001039582,0.6010884114075452,4827.5,0.6010884246788919
3275000,0.025398757,None,None,1.4073191,0.000103641796,-1.1653636074624956,4981.0,-1.1653636381961405
3280000,0.031757556,None,None,1.4073191,0.00010333795,0.9027310572564602,4981.0,0.9027310535311699
3285000,0.019018829,None,None,1.4073191,0.00010304604,-1.0903833406046033,4981.0,-1.090383353177458
3290000,0.042419903,None,None,1.407319,0.00010276546,2.639985881280154,1830.0,2.6399858593940735
3295000,0.041333117,None,None,1.4073191,0.00010246164,None,None,None
3300000,0.03560275,None,None,1.4073188,0.000102151454,1.0247253746492788,4981.0,1.0247253589332104
3305000,0.014704284,None,None,1.407319,0.000101847945,0.31865606814001995,4981.0,0.12531346431933343
3310000,0.04455373,0.00031597677,0.01181982,1.4073243,0.000101551785,3.121860269224271,1977.0,1.9136008378118277
3315000,0.035954323,None,None,1.407365,0.000101256715,0.8140532830148004,4981.0,0.8140532341785729
3320000,0.044062227,None,None,1.4073651,0.000100944344,0.8057357256766409,2681.5,0.8057357398793101
3325000,0.0022194195,None,None,1.4073651,0.0001006388,-0.268615698791109,4268.0,-0.2686156276613474
3330000,0.0010772429,None,None,1.407365,0.00010035447,3.281621733913198,3313.5,3.2816217374056578
3335000,0.0068793967,None,None,1.4073651,0.000100047175,3.289099528454244,4981.0,3.2890995163470507
3340000,0.014295843,None,None,1.4073651,9.97332e-05,None,None,None
3345000,0.049284004,None,None,1.407365,9.945077e-05,3.6025712717091665,2597.0,3.6025712434202433
3350000,0.030170511,None,None,1.4073651,9.916202e-05,2.900729348300956,2483.0,2.9007293675094843
3355000,0.025742318,0.0009574245,0.0142344,1.407327,9.8859295e-05,1.4608399353455752,4981.0,1.4608399085700512
3360000,0.004835561,None,None,1.4073238,9.854335e-05,2.3808225349057466,2339.0,2.3808224834501743
3365000,0.027674416,None,None,1.4073238,9.8234144e-05,None,None,None
3370000,0.032989375,None,None,1.4073238,9.79556e-05,2.1210313285700977,4981.0,2.121031266171485
3375000,0.024130518,None,None,1.407324,9.76662e-05,2.3235537494377545,2300.0,2.3235537838190794
3380000,0.025275225,None,None,1.407324,9.7361575e-05,0.03432677057571709,4981.0,0.0343267684802413
3385000,0.03304767,None,None,1.407324,9.7052165e-05,2.7448388568591326,2256.0,2.7448388785123825
3390000,0.020760965,None,None,1.4073241,9.6762684e-05,1.0655977146234363,4945.0,1.065597739070654
3395000,0.00657004,0.0010926133,0.009832576,1.4073391,9.646458e-05,-6.558778086211532,4981.0,-6.558778159786016
3400000,-0.0025194255,None,None,1.4073498,9.614446e-05,1.371245157904923,3564.3333333333335,1.3712451870863636
3405000,-0.013677381,None,None,1.4073496,9.583697e-05,-0.7920233390759677,4981.0,-0.7920233868062496
3410000,-0.0300988,None,None,1.4073497,9.554994e-05,0.0009016906842589378,1783.0,0.0009017512202262878
3415000,-0.021651192,None,None,1.4073496,9.526352e-05,None,None,None
3420000,0.011404524,None,None,1.4073497,9.496092e-05,None,None,None
3425000,0.0068010106,None,None,1.4073497,9.465588e-05,None,None,None
3430000,0.014480862,None,None,1.4073497,9.435288e-05,None,None,None
3435000,-0.0015685189,0.00054495776,0.010560653,1.4073693,9.404875e-05,-0.7225398083683103,4981.0,-0.7225397881120443
3440000,0.0030129596,None,None,1.4073964,9.374407e-05,0.7314974510809407,3812.3333333333335,0.7314974119265875
3445000,0.007143408,None,None,1.4073964,9.34388e-05,3.7862006099894643,2959.0,3.786200627684593
3450000,-0.02141589,None,None,1.4073964,9.315095e-05,-1.5551618012832478,4981.0,-1.555161760887131
3455000,0.017072191,None,None,1.4073963,9.2866314e-05,0.8008242678188253,2648.0,0.8008242778014392
3460000,-0.011162503,None,None,1.4073964,9.2569215e-05,-1.143509327666834,4126.5,-1.1435092771425843
3465000,-0.007411995,None,None,1.4073964,9.225955e-05,-1.6589604471810162,4981.0,-1.658960534259677
3470000,-0.058584236,None,None,1.4073966,9.193708e-05,-5.759088760241866,4981.0,-5.759088732302189
3475000,-0.034742236,0.0011903846,0.011781868,1.4073889,9.164844e-05,None,None,None
3480000,0.020423282,None,None,1.4073609,9.135937e-05,1.693208123673685,4981.0,1.6932081673294306
3485000,0.017861357,None,None,1.4073609,9.104355e-05,0.9409128317298988,3863.3333333333335,0.9409127874920765
3490000,-0.01370621,None,None,1.4073609,9.0731424e-05,1.7241841326467693,3908.5,0.6610644496977329
3495000,-0.03095382,None,None,1.4073609,9.04566e-05,None,None,2.787303864955902
3500000,-0.0060156635,None,None,1.407361,9.015732e-05,None,None,None
3505000,-0.0043396973,None,None,1.4073608,8.985453e-05,None,None,None
3510000,0.020054966,None,None,1.407361,8.954752e-05,None,None,None
3515000,0.016462356,None,None,1.4073609,8.92444e-05,1.866737195989117,3651.5,1.8667371831834316
3520000,-0.010298171,0.00052263227,0.014209645,1.4074346,8.893813e-05,-0.1737282585236244,4538.0,-0.17372827511280775
3525000,-0.036003802,None,None,1.4074346,8.8641245e-05,None,None,None
3530000,0.0199385,None,None,1.4074346,8.834389e-05,0.6436445846920833,2764.5,0.6436445992439985
3535000,-0.021662498,None,None,1.4074346,8.805406e-05,2.8774279258213937,4981.0,2.877427911385894
3540000,-0.018519165,None,None,1.4074346,8.776222e-05,-1.828746375394985,3761.6666666666665,-1.8287463767143588
3545000,-0.02659012,None,None,1.4074346,8.746019e-05,-4.8658360440749675,3220.5,-4.8658361583948135
3550000,0.022923224,None,None,1.4074346,8.715127e-05,2.206331522553228,1659.0,2.2063315585255623
3555000,0.017171597,None,None,1.4074345,8.684503e-05,2.621465841308236,4001.0,2.621465779840946
3560000,0.01714164,0.0011664412,0.010381559,1.4073411,8.653626e-05,2.592924573167693,2804.0,2.592924579977989
3565000,-0.035449523,None,None,1.4073305,8.6237094e-05,-5.3240725349169225,4108.75,-5.324072527466342
3570000,-0.036707666,None,None,1.4073305,8.5942236e-05,None,None,None
3575000,-0.027626386,None,None,1.4073305,8.566457e-05,None,None,None
3580000,-0.017085304,None,None,1.4073305,8.5362175e-05,None,None,None
3585000,0.022561407,None,None,1.4073305,8.503953e-05,3.8852847679518163,3044.0,3.8852848410606384
3590000,0.027120069,None,None,1.4073305,8.4735126e-05,2.8365846970118582,3591.0,2.8365846197120845
3595000,0.004478056,None,None,1.4073305,8.4456784e-05,-7.638109916355461,4981.0,-7.6381099205464125
3600000,0.026911065,0.00076800265,0.010042633,1.4072613,8.417065e-05,0.5401611104607582,4981.0,None
3605000,0.04673491,None,None,1.4071753,8.386416e-05,None,None,0.5401610545814037
3610000,0.054039497,None,None,1.4071752,8.354213e-05,2.911472865846008,3798.0,2.9114729147404432
3615000,0.044065587,None,None,1.4071754,8.3240244e-05,5.428532588179223,4981.0,5.428532602265477
3620000,0.045975696,None,None,1.4071752,8.2965904e-05,1.0715865115635097,2029.0,1.071586450561881
3625000,0.06060502,None,None,1.4071752,8.266091e-05,1.971100825816393,3528.6666666666665,1.97110081029435
3630000,0.040763132,None,None,1.4071753,8.236343e-05,-5.44696811074391,4981.0,None
3635000,0.06778958,None,None,1.4071752,8.205123e-05,0.8992914315167582,3601.75,-0.3699604460038245
3640000,0.032788567,0.00097511796,0.014062055,1.4071617,8.174956e-05,-0.5441682374803349,4018.75,-0.5441682366654277
3645000,-0.011120014,None,None,1.4071428,8.145659e-05,1.946176646510139,4981.0,1.9461766411550343
3650000,0.005182929,None,None,1.4071428,8.11408e-05,None,None,None
3655000,0.022612162,None,None,1.4071428,8.087329e-05,2.7448300211690366,2040.0,2.744829997420311
3660000,0.017894503,None,None,1.4071428,8.057658e-05,-1.5181200951337814,1086.0,-1.5181200578808784
3665000,0.014670079,None,None,1.4071429,8.024489e-05,None,None,None
3670000,0.026988283,None,None,1.4071428,7.991844e-05,None,None,None
3675000,0.03407944,None,None,1.4071428,7.965302e-05,-0.7813268593745306,4981.0,-0.7813268806785345
3680000,0.03241735,0.00054010615,0.009471727,1.4071461,7.9387515e-05,None,None,None
3685000,0.021629613,None,None,1.4072229,7.905034e-05,None,None,None
3690000,0.049444012,None,None,1.4072229,7.870937e-05,2.6214910447597504,4981.0,2.6214910447597504
3695000,0.05320556,None,None,1.4072229,7.8425546e-05,-0.4369962854543701,3711.0,-0.43699631560593843
3700000,0.04817435,None,None,1.4072227,7.8164434e-05,None,None,None
3705000,0.03904433,None,None,1.4072227,7.7866214e-05,1.0237687080865725,4384.4,1.0237687362357974
3710000,0.042117566,None,None,1.4072229,7.756882e-05,0.20620779448654503,4084.0,-1.4653728939592838
3715000,0.046652094,None,None,1.4072229,7.7256715e-05,5.611253685085103,4981.0,3.7445210870355368
3720000,0.07231326,None,None,1.4072229,7.693669e-05,1.3673537106563647,4181.0,1.3673537255575259
3725000,0.023194704,0.0011980026,0.011843486,1.40715,7.663527e-05,-2.813943254412152,4981.0,-2.813943276181817
3730000,0.062391795,None,None,1.4071494,7.63439e-05,None,None,None
3735000,0.05262944,None,None,1.4071493,7.6050135e-05,2.075651422026567,1097.5,2.075651440769434
3740000,0.049832862,None,None,1.4071494,7.5748576e-05,0.6392340212361887,3074.6,0.6392340794205665
3745000,0.022798538,None,None,1.4071494,7.5442586e-05,None,None,None
3750000,0.008298213,None,None,1.4071494,7.514386e-05,None,None,None
3755000,0.051330023,None,None,1.4071494,7.486328e-05,3.1138536276412196,2605.5,3.1138536077924073
3760000,0.009077867,None,None,1.4071493,7.455504e-05,4.138271156698465,4242.0,4.138271218165755
3765000,0.021556629,0.0015026914,0.0126248,1.4070007,7.425046e-05,None,None,None
3770000,0.02092516,None,None,1.4069136,7.3944415e-05,2.582102962769568,1961.0,2.582103069871664
3775000,0.015658421,None,None,1.4069136,7.363943e-05,None,None,None
3780000,0.026888316,None,None,1.4069136,7.335472e-05,-1.2696955220308155,4981.0,None
3785000,0.027570888,None,None,1.4069135,7.307096e-05,3.964117978408467,4981.0,2.2195134752740464
3790000,0.031028006,None,None,1.4069135,7.2746465e-05,-2.109505385160446,3086.0,-2.109505389817059
3795000,0.027112572,None,None,1.4069136,7.242718e-05,2.1595663784925514,2622.6666666666665,2.1595664005726576
3800000,0.012173271,None,None,1.4069135,7.214718e-05,1.7267273170873523,4977.0,1.7267272602766752
3805000,-0.0131983105,0.0010062953,0.011905799,1.4068325,7.185584e-05,None,None,None
3810000,-0.003022746,None,None,1.406705,7.154884e-05,None,None,None
3815000,-0.0074914857,None,None,1.406705,7.123688e-05,0.14841033157426864,3868.6666666666665,-1.0667375512421131
3820000,-0.012836773,None,None,1.4067051,7.094189e-05,-0.45150706653172773,4981.0,0.3060461801942438
3825000,0.0067478195,None,None,1.406705,7.065079e-05,None,None,None
3830000,0.018976606,None,None,1.4067051,7.035816e-05,None,None,None
3835000,0.03263114,None,None,1.4067049,7.006791e-05,0.23538648104295135,4981.0,0.23538650409318507
3840000,0.015249227,None,None,1.406705,6.975709e-05,None,None,None
3845000,0.045727205,0.00016642542,0.01127501,1.4066819,6.944472e-05,None,None,None
3850000,0.041328456,None,None,1.4065993,6.914495e-05,0.9964778292924166,4981.0,0.9964778870344162
3855000,0.040302582,None,None,1.4065992,6.884283e-05,None,None,None
3860000,0.04518246,None,None,1.4065992,6.8537505e-05,3.2544081209925935,4981.0,3.2544081397354603
3865000,0.042255383,None,None,1.4065992,6.8254725e-05,3.0063957286183722,3927.0,3.0063957097008824
3870000,0.013259691,None,None,1.4065993,6.794618e-05,None,None,None
3875000,0.012089161,None,None,1.4065993,6.762239e-05,0.6054030378970007,4981.0,0.6054030209779739
3880000,-0.004815212,None,None,1.4065993,6.733926e-05,-1.5091464975848794,4981.0,-1.5091464964207262
3885000,-0.030201381,0.0001414265,0.012455819,1.4065982,6.705087e-05,None,None,None
3890000,-0.024847472,None,None,1.4065809,6.674628e-05,None,None,None
3895000,0.018855846,None,None,1.4065808,6.643374e-05,-0.3961959538670878,4981.0,-0.3961959301183621
3900000,0.013342979,None,None,1.4065808,6.613754e-05,1.715571284876205,4981.0,1.7155712842941284
3905000,0.023920672,None,None,1.4065808,6.586187e-05,2.4972014045342803,1793.0,2.4972014501690865
3910000,0.03635024,None,None,1.4065808,6.5569526e-05,2.846692655934021,1913.0,2.8466925993561745
3915000,0.04590379,None,None,1.4065808,6.526158e-05,0.4702655344735831,4332.333333333333,0.47026554743448895
3920000,0.024592033,None,None,1.4065809,6.495497e-05,2.9610410244204104,1653.0,2.9610410034656525
3925000,0.023281869,None,None,1.4065809,6.465938e-05,2.7795563094550744,2293.5,2.7795563265681267
3930000,0.020867623,0.0007931985,0.012724774,1.4066036,6.435274e-05,1.5066100229742005,3076.5,1.5066100370604545
3935000,0.03421551,None,None,1.4066108,6.403971e-05,None,None,None
3940000,0.05132555,None,None,1.4066108,6.373614e-05,-1.788192885927856,4981.0,-1.788192864973098
3945000,0.051763713,None,None,1.406611,6.3454674e-05,4.874750296585262,4981.0,4.874750375747681
3950000,0.06503091,None,None,1.406611,6.3141895e-05,1.1115507562935818,3784.5,1.1115507641807199
3955000,0.044313136,None,None,1.4066108,6.282595e-05,-10.038589955307543,4981.0,-10.038589969277382
3960000,0.05230955,None,None,1.4066108,6.25401e-05,0.20855549548286945,2607.0,0.2085554599761963
3965000,0.096844174,None,None,1.4066108,6.225054e-05,3.3086727659683675,2391.0,3.30867275595665
