Steps,Policy/Extrinsic Value Estimate,Policy/Entropy,Policy/Learning Rate,Environment/Cumulative Reward,Environment/Episode Length,Policy/Extrinsic Reward,Losses/Value Loss,Losses/Policy Loss,Losses/Q1 Loss,Losses/Q2 Loss,Policy/Entropy Coeff
90000,8.826551,6.4686275,0.00029999999,-1.976600905880332,618.0,-1.976600855588913,0.024398927,-9.090144,0.008686857,0.008888947,0.32304573
95000,9.353976,6.4631987,0.00029999999,-3.288433824433014,1242.0,-3.2884337212890387,None,None,None,None,None
100000,9.429214,6.456609,0.00029999999,-1.2558951482642442,873.5,-1.255895124282688,0.037947282,-9.519319,0.015289395,0.015394981,0.31305435
105000,9.882368,6.431392,0.0003,-3.9109486578963697,1486.0,-3.9109487533569336,0.026950523,-9.878281,0.010184891,0.010071786,0.30531606
110000,10.562741,6.4491105,0.00029999999,-3.4570877964918814,1614.0,-3.4570878023902574,0.03136161,-10.478678,0.012170846,0.01220103,0.29199478
115000,11.485157,6.4746013,0.00029999999,-5.055083695799112,1913.6666666666667,-5.05508370200793,0.06642133,-11.270663,0.028531035,0.028435439,0.2745864
120000,11.632724,6.4533796,0.00029999996,-5.2776222246466205,2043.5,-1.2121652625501156,0.043132536,-11.730042,0.01871069,0.018728156,0.26455098
125000,11.769775,6.445131,0.00029999999,-2.979870117176324,2245.4,-4.040404937850933,0.1047505,-11.830589,0.048104107,0.048101474,0.26198453
130000,11.876265,6.4621434,0.00029999999,-3.4059183637145907,1023.0,-3.405918352305889,0.118526526,-11.998222,0.05546921,0.055329524,0.2577396
135000,12.066724,6.4620214,0.00029999996,None,None,None,0.17775264,-12.152562,0.08293139,0.08277176,0.25389865
140000,12.283095,6.4824758,0.0003,-4.213140645374854,2430.0,-4.213140656550725,0.08324303,-12.310311,0.036956187,0.036777593,0.24974953
145000,12.522282,6.4796286,0.00029999996,-3.7869679262318336,1876.6666666666667,-3.7869679337988296,0.09227875,-12.501048,0.040493343,0.040520124,0.24510625
150000,12.807861,6.4244633,0.0003,-1.7420106858480722,2340.0,-1.7420107126235962,0.12815738,-12.712755,0.05890978,0.058812,0.24070439
155000,13.105633,6.4471955,0.00029999999,-2.933942154981196,737.3333333333334,-2.9339421689510345,0.13251084,-12.975506,0.056618992,0.05657568,0.2354175
160000,13.3187,6.4405074,0.00029999999,-3.7966259386157617,2555.5,-3.7966259345412254,0.12661178,-13.208363,0.05859545,0.05854589,0.23097515
165000,13.394782,6.441425,0.00029999999,-5.255131449736655,2766.0,-5.255131470784545,0.15229563,-13.434127,0.070661746,0.07050609,0.22661842
170000,13.613938,6.436704,0.00029999999,-3.3498299691127613,1086.75,-3.3498299345374107,0.1030118,-13.632311,0.04750188,0.047310278,0.22267495
175000,13.684363,6.4409437,0.00029999999,None,None,None,0.11636165,-13.799986,0.05475373,0.054697853,0.21867245
180000,13.896163,6.4423347,0.0003,-1.7940571232077975,683.3333333333334,-1.794057125846545,0.126002,-14.099799,0.058134437,0.05799895,0.21086371
185000,14.333307,6.4676437,0.00029999999,-2.1667935894802213,1337.0,-2.166793629527092,0.12590168,-14.476407,0.057893015,0.057745285,0.200558
190000,14.446678,6.4793367,0.00029999999,-3.0589594752527773,2073.0,-3.0589595111086965,0.12702352,-14.67219,0.054477636,0.05445582,0.19440822
195000,14.665316,6.4666076,0.00029999999,-4.90703482599929,3504.5,-4.90703478269279,0.049074914,-14.744271,0.02201494,0.0219318,0.19188796
200000,14.817986,6.4464774,0.00029999996,-3.06601874390617,811.5,-3.0660187900066376,0.12396447,-14.886283,0.05411371,0.054076806,0.1877376
205000,15.0377655,6.461432,0.00029999999,-10.133175656199455,4981.0,-10.133175753057003,0.13541439,-15.067378,0.0621319,0.062335867,0.18276149
210000,15.143753,6.454336,0.00029999999,None,None,None,0.09895389,-15.2093,0.045884293,0.045821104,0.17866749
215000,15.393114,6.4179606,0.00029999999,-6.80217459006235,4308.5,-6.802174582146108,0.06638699,-15.381781,0.030054087,0.030085513,0.17401601
220000,15.64648,6.4473786,0.0003,-3.8822859530337155,1692.5,-3.8822859823703766,0.10289067,-15.583293,0.048710044,0.04875169,0.16849692
225000,15.684455,6.4468455,0.0003,-6.561517025576904,2856.5,-6.561517022550106,0.06875963,-15.750591,0.031628225,0.031925492,0.16402808
230000,15.85703,6.4551044,0.00029999996,-10.673187645617872,4981.0,-10.67318770289421,0.08130264,-15.891057,0.038430564,0.03847536,0.16045266
235000,16.025574,6.4398746,0.00029999999,-3.485279865562916,2787.6666666666665,-2.830451108980924,0.16311614,-16.050304,0.07604479,0.076060735,0.15615672
240000,16.209616,6.4629436,0.00029999999,-3.7928863842971623,1473.0,-4.043399136513472,0.118896626,-16.183184,0.054749794,0.054596063,0.15267822
245000,16.354105,6.470401,0.00029999999,-2.9554300187155604,2535.0,-2.955429975874722,0.08873382,-16.319403,0.041426983,0.04131466,0.14939709
250000,16.48649,6.442447,0.00029999999,-4.004306715292235,2844.3333333333335,-4.004306816185514,0.080483794,-16.455267,0.03715275,0.036960322,0.14559059
255000,16.531544,6.466103,0.00029999999,-2.6202111574821174,771.0,-2.620211124420166,0.048672017,-16.558325,0.02247454,0.022393722,0.1427767
260000,16.621822,6.459534,0.0003,-2.4962245086207986,1932.5,-2.496224543079734,0.1391981,-16.630447,0.06492325,0.064668,0.14052448
265000,16.802635,6.4619193,0.00029999996,-3.722429580753669,1895.0,-3.7224295288324356,0.04303096,-16.724867,0.018789345,0.018690744,0.1379981
270000,16.74255,6.4624395,0.00029999999,-5.805794563435484,2824.0,-6.976167971889178,0.105816156,-16.851915,0.048172016,0.047956992,0.13404566
275000,16.917507,6.458994,0.0003,-3.0988003981183283,2215.25,-2.9379751412197948,0.1653223,-17.020973,0.07683284,0.076861344,0.12779294
280000,17.167992,6.4573584,0.00029999999,-1.784508538141381,656.0,-1.7845085440203547,0.25738677,-17.144558,0.11958747,0.119634084,0.12268841
285000,17.138012,6.461744,0.00029999999,-2.9349521099356934,1276.0,-2.934952089563012,0.19231623,-17.21266,0.08970499,0.08956635,0.119476564
290000,17.277327,6.459702,0.00029999999,-5.933178183622658,2200.0,-5.933178170273702,0.13256489,-17.314535,0.062832244,0.06267209,0.1152578
295000,17.388584,6.4317136,0.00029999996,-1.2835756060667336,602.0,-1.2835756540298462,0.22304757,-17.392061,0.1058552,0.105650425,0.11209704
300000,17.467197,6.457796,0.0003,-4.267613538230459,2338.6666666666665,-4.267613546767582,0.12800299,-17.458876,0.060547303,0.06045088,0.10978802
305000,17.265844,6.4543633,0.00029999999,-2.891710009716917,1747.8,-3.0765673915545144,0.34950617,-17.480827,0.17047781,0.17081052,0.10790707
310000,17.550827,6.441195,0.00029999999,-1.3266825593309477,320.5,-1.2937861879666646,0.19679183,-17.505424,0.09308374,0.09311125,0.10625701
315000,17.5268,6.462488,0.00029999999,-2.607231993926689,1098.0,-2.607231993228197,0.34723493,-17.532274,0.16298333,0.16287853,0.10386219
320000,17.581179,6.4398413,0.00029999999,-2.3266861577673503,739.3333333333334,-2.3266861674686274,0.23391552,-17.567844,0.10217621,0.10257916,0.10219355
325000,17.687727,6.478456,0.00029999996,-1.9788433075882494,1141.5,-1.9844794577608507,0.2490547,-17.61919,0.11886085,0.11880356,0.10008933
330000,17.548855,6.4816914,0.00029999999,-2.0459076160720238,1348.3333333333333,-2.0249143827240914,0.29633507,-17.685003,0.13938959,0.13909489,0.09749625
335000,17.642687,6.481038,0.00029999999,-4.379473017140602,1891.6666666666667,-4.916467696428299,0.35482645,-17.705946,0.16987583,0.16950874,0.09590031
340000,17.714218,6.4144387,0.0003,-1.7866292304825038,848.6666666666666,-2.1663428097963333,0.19379736,-17.752808,0.08953747,0.08932306,0.09434673
345000,17.709547,6.4089785,0.00029999999,-3.6156076308495053,1889.6666666666667,-3.6156075863788524,0.20077837,-17.786913,0.09756772,0.097453654,0.09213833
350000,17.764797,6.4617825,0.00029999999,-4.8721935412613675,2330.0,-4.872193485498428,0.1596597,-17.817335,0.07620249,0.076100245,0.090155594
355000,17.834475,6.4458675,0.00029999996,-1.710265272917847,713.0,-1.7102652465303738,0.13586222,-17.833124,0.06490101,0.06471839,0.088480614
360000,17.58531,6.4205284,0.00029999999,-3.29739669454284,1082.1666666666667,-3.29739668716987,0.29187685,-17.828112,0.13760708,0.13741095,0.08669605
365000,17.889149,6.4399047,0.00029999996,-2.7002946928841993,892.0,-2.7002946957945824,0.2739133,-17.859741,0.1312514,0.13090315,0.08465734
370000,17.940294,6.4696927,0.00029999999,-2.7815037946449594,1252.6,-2.781503790616989,0.40741572,-17.900173,0.19530661,0.19515696,0.082087725
375000,18.075176,6.498436,0.00029999999,-2.244230034062639,1478.5,-2.244230067357421,0.3144904,-17.947748,0.1491716,0.14947885,0.08018756
380000,18.132244,6.430243,0.00029999996,-3.4081712414626963,1507.25,-4.14186130464077,0.13213867,-18.014296,0.06171441,0.0616336,0.07921919
385000,18.034817,6.4488983,0.0003,-2.9086764282546937,1267.5,-2.3414846460024514,0.2938049,-18.052717,0.14170954,0.1415492,0.076747514
390000,17.963882,6.4085326,0.00029999999,-1.0508611261611804,269.5,-1.0508611453697085,0.26282337,-18.10793,0.12649053,0.12641138,0.073304005
395000,18.00155,6.3920784,0.00029999999,-2.364639323670417,1628.5,-2.364639268256724,0.10771305,-18.099277,0.05150292,0.051236756,0.07149815
400000,17.773329,6.4533615,0.0003,-3.5553472728352062,1402.25,-3.5553472847677767,0.1546659,-18.094517,0.07350216,0.07355496,0.070216104
405000,18.043108,6.4210887,0.00029999999,-3.063382552936673,1341.0,-3.0633825063705444,0.19635311,-18.076376,0.09374235,0.09370229,0.068347566
410000,17.990564,6.4267344,0.00029999999,-2.6899796064244583,2085.1666666666665,-2.6899795488764844,0.19284354,-18.07136,0.092164405,0.09201589,0.066520855
415000,18.139572,6.452685,0.00029999999,-4.334597460576333,2456.5,-4.334597433917224,0.24263427,-18.079805,0.11473889,0.11444803,0.06423924
420000,18.020168,6.4458036,0.0003,-2.38505119032925,2103.0,-2.3850511964410543,0.19850878,-18.099115,0.09659209,0.09641875,0.06198493
425000,18.062527,6.419393,0.00029999999,-2.7567546009959187,1229.125,-2.7567545720376074,0.19234292,-18.11373,0.09078762,0.090747595,0.060432345
430000,18.15307,6.4643755,0.00029999999,-2.8672311429788047,1298.0,-2.8672311807361743,0.34939322,-18.10196,0.16805536,0.16801965,0.05850216
435000,17.96971,6.4184103,0.00029999999,-1.5295942990109324,388.0,-1.6131592728197575,0.39360204,-18.088108,0.1887161,0.18882257,0.056548912
440000,18.00833,6.4128733,0.00029999996,-2.3819934711791575,609.3333333333334,-2.085328720510006,0.36624786,-18.062733,0.17275618,0.17300946,0.055234227
445000,18.004513,6.407365,0.00029999999,-2.558592101139948,1127.2,-2.7231103111472397,0.2550457,-18.062588,0.11041335,0.11060544,0.054313906
450000,17.980595,6.4356027,0.00029999999,-1.6289966924814507,335.0,-1.445307155450185,0.40825087,-18.024487,0.20183413,0.2009269,0.053459737
455000,17.825972,6.4772053,0.00029999999,-1.6854440216751148,517.5,-1.6854440172513325,0.4109431,-17.971727,0.1988108,0.1985645,0.05189912
460000,17.903221,6.4377685,0.00029999999,-3.9613503576256335,1668.0,-3.961350291967392,0.4106104,-17.91356,0.19822468,0.19783717,0.04996365
465000,17.844994,6.4355273,0.00029999999,-3.0578277831955347,1745.25,-3.0578278191387653,0.3821699,-17.899439,0.17722505,0.17694058,0.048332524
470000,17.94648,6.4606853,0.00029999999,-2.306925820755876,1114.2222222222222,-2.3069257982489138,0.2794279,-17.876001,0.13490056,0.13510068,0.04706711
475000,17.749733,6.440786,0.00029999999,-2.152947329605619,782.6666666666666,-2.1529473178088665,0.39868736,-17.86166,0.18351711,0.18375841,0.046027638
480000,17.74272,6.348298,0.00029999999,-1.853965074318694,630.9375,-1.8539650657912716,0.3737514,-17.861874,0.18365982,0.18378586,0.044799197
485000,17.72305,6.5641084,0.00029999999,-1.2908733772579581,315.1333333333333,-1.290873361378908,0.6618148,-17.824518,0.3184319,0.3184234,0.043807596
490000,17.654325,6.4349375,0.00029999999,-1.42722118665309,400.8333333333333,-1.4272211973244946,0.8305871,-17.729134,0.40041012,0.39911726,0.041935056
495000,17.618338,6.390546,0.00029999999,-2.368227817118168,937.5,-2.3682277714833617,0.7570348,-17.657438,0.3656574,0.3648539,0.040134482
500000,17.45157,6.3386564,0.0003,-2.3286617822013795,1115.0,-2.328661782667041,0.5748437,-17.60715,0.27931425,0.27882564,0.039187558
505000,17.4419,6.3795075,0.00029999999,-2.56799168830427,957.6666666666666,-2.5679917074739933,0.4806626,-17.53331,0.23465215,0.23422557,0.03772952
510000,17.615547,6.337713,0.00029999999,-1.867307759322492,848.1428571428571,-1.9729068082136412,0.2558276,-17.522034,0.1213721,0.12159316,0.03648655
515000,17.588446,6.3670015,0.00029999996,-2.494750521320384,752.875,-2.35463528169526,0.21895437,-17.499578,0.10701894,0.106978625,0.03572227
520000,17.497498,6.2839313,0.0003,-1.6467666260742893,433.1333333333333,-1.6314982058746474,0.38485518,-17.463217,0.18910316,0.1891544,0.035113785
525000,17.422207,6.324293,0.00029999999,-1.6696040960572038,504.4166666666667,-1.6842902615093267,0.5848308,-17.451063,0.28708988,0.28679267,0.03442363
530000,17.279696,6.2188735,0.00029999999,-1.5170927221456973,432.15384615384613,-1.4929382412228733,0.874427,-17.358074,0.42627326,0.4259154,0.033204757
535000,17.122517,6.0194364,0.00029999999,-1.3032424492485006,233.59375,-1.320603276253678,2.2758434,-17.208706,1.1324321,1.1296582,0.032271788
540000,16.919113,6.3160334,0.00029999999,-1.3744879182428122,343.4,-1.3539731924732525,1.3104508,-17.167793,0.6350071,0.6340751,0.031671863
545000,17.195097,6.304562,0.00029999996,-1.4434954773751087,553.375,-1.443495470797643,1.0710399,-17.099274,0.5152491,0.51504344,0.03087924
550000,17.237516,6.1448936,0.00029999999,-1.6069141342483748,458.6923076923077,-1.655731341180702,0.8713066,-17.102436,0.42695534,0.4261784,0.030408457
555000,17.125744,6.218557,0.00029999999,-1.689532639303555,467.6,-1.6543279024461905,0.73370945,-17.086588,0.3618636,0.361267,0.030016212
560000,17.018476,6.187301,0.00029999999,-1.4194704218457141,246.13333333333333,-1.4275772001128644,0.68735313,-17.041384,0.33684602,0.33649087,0.029060971
565000,16.852446,6.2108397,0.00029999999,-1.77529012208106,443.125,-1.7752901166677475,0.6062434,-16.990498,0.29046264,0.28980234,0.028018955
570000,16.82246,6.114953,0.00029999999,-1.6439591998932883,472.72222222222223,-1.6676481108674233,0.8875798,-16.915281,0.43226328,0.43171924,0.027254496
575000,16.428959,6.079171,0.0003,-1.4425950613592498,253.72727272727272,-1.4056357551704755,1.0624715,-16.778255,0.5167737,0.51565385,0.026361901
580000,16.518532,6.1437097,0.00029999999,-1.6281265910947695,399.35714285714283,-1.6294381896654764,0.83374083,-16.689562,0.40488976,0.40416488,0.025655078
585000,16.524008,6.1155257,0.00029999999,-1.4924381262495776,443.3636363636364,-1.4924381351606413,0.8538854,-16.604443,0.41502467,0.41411123,0.025086276
590000,16.44977,6.070132,0.00029999999,-1.4405514497570147,359.52941176470586,-1.3853749327827245,0.6360164,-16.571657,0.31151336,0.3106874,0.024600213
595000,16.35312,6.0878882,0.00029999999,-1.4703115942915355,282.47058823529414,-1.5068074456032585,0.8616578,-16.509523,0.4268547,0.4263287,0.024130197
600000,16.568628,6.070079,0.00029999999,-1.5282100342737976,395.75,-1.5476252356958058,0.8038358,-16.45971,0.39257744,0.39176503,0.023422085
605000,16.419266,5.986123,0.00029999999,-1.6632832294204631,430.3076923076923,-1.6632832493991232,0.84809184,-16.377598,0.4096132,0.4093411,0.0225894
610000,16.303196,5.9579854,0.00029999999,-1.3933071758975053,292.76190476190476,-1.4041463542729615,0.48326087,-16.352152,0.23706318,0.23672715,0.022078013
615000,16.246603,6.053706,0.00029999996,-1.7272559207525442,381.1818181818182,-1.7084417288953608,0.7372992,-16.26033,0.36030692,0.36049885,0.021561917
620000,16.08182,6.0876293,0.00029999999,-1.3303094176960217,253.08695652173913,-1.3325248726954062,0.875824,-16.20906,0.429138,0.42898035,0.020962486
625000,16.078426,6.0342126,0.00029999996,-1.7640010276809335,363.0,-1.7640010373932975,0.94758344,-16.139399,0.46580052,0.4652455,0.020473
630000,16.176023,6.0747247,0.00029999999,-1.5788636524018578,438.3636363636364,-1.5788636431097984,0.95316833,-16.078457,0.4614728,0.46076763,0.019867094
635000,16.281565,5.901735,0.00029999999,-1.3968488633611493,491.0,-1.3968488614667545,0.7539808,-16.076109,0.36088192,0.3606248,0.019370168
640000,16.24585,5.998079,0.0003,-1.3438880254980177,459.5,-1.3438879698514938,0.7412196,-16.052355,0.3634717,0.36307418,0.018906977
645000,15.770712,5.9654884,0.00029999999,-1.4997688092362995,756.6153846153846,-1.5061103598369907,0.6813455,-16.05895,0.33519804,0.33476073,0.01846981
650000,15.854519,5.851604,0.00029999999,-1.2277705392603262,280.9230769230769,-1.2256476695004563,0.6375334,-16.02225,0.30746084,0.30719823,0.018077724
655000,15.629303,5.8423204,0.00029999999,-1.2390864805906618,162.05263157894737,-1.2510754194110631,1.0554341,-15.904131,0.52032864,0.5197357,0.017646387
660000,15.74317,5.801307,0.0003,-1.3648088677021275,364.42857142857144,-1.3648088586383633,0.7750811,-15.775244,0.3785578,0.37887695,0.017377375
665000,15.821954,5.771038,0.00029999999,-1.349032568128314,308.6,-1.349032536149025,0.6977995,-15.724515,0.3439514,0.34381744,0.017095083
670000,15.595841,5.902136,0.00029999999,-1.2423940917360596,477.5,-1.2423941027373075,0.7479083,-15.683452,0.36536148,0.3646294,0.016801072
675000,15.577147,5.7944417,0.00029999996,-1.4992153720047914,372.57894736842104,-1.517825825760762,0.8657356,-15.605469,0.4188557,0.4180289,0.016498536
680000,15.341781,5.679059,0.00029999999,-1.2825011893620957,224.82608695652175,-1.280402941548306,0.8570225,-15.52188,0.4145672,0.41435513,0.016025351
685000,15.225253,5.8126564,0.0003,-1.235673050185488,220.14285714285714,-1.2346191203052348,0.8488547,-15.411946,0.41809237,0.41763115,0.01550781
690000,15.254916,5.544278,0.00029999999,-1.3501092797194265,279.57894736842104,-1.3604068573978212,0.86033744,-15.325647,0.4233109,0.42323112,0.015216211
695000,15.399532,5.7609406,0.00029999999,-1.24436839903669,161.65384615384616,-1.2438783697210825,1.2943817,-15.234517,0.6384176,0.6381581,0.014938903
700000,14.784526,5.65534,0.00029999999,-1.3301508509410689,213.1153846153846,-1.3265977318470294,1.1885337,-15.133995,0.57799006,0.57626253,0.014443963
705000,15.105966,5.526113,0.00029999999,-1.330501235306396,265.7142857142857,-1.326459488272667,0.92211735,-15.06234,0.45620108,0.4534192,0.01403196
710000,15.174291,5.666502,0.00029999996,-1.4386661038734019,392.3076923076923,-1.4597980690499146,1.5110685,-14.967155,0.7123792,0.7042803,0.013870252
715000,14.6982155,5.5750794,0.00029999999,-1.299530787509866,281.625,-1.2945049447783579,1.1512737,-15.00975,0.5658635,0.5615602,0.013751264
720000,14.778741,5.265425,0.00029999999,-1.228186209127307,188.65,-1.2318774683489686,0.8000809,-14.930361,0.39164424,0.38772506,0.013374475
725000,15.271156,5.34919,0.0003,-1.2686850172633837,272.2857142857143,-1.2686850311500686,0.7434129,-14.972672,0.36147055,0.36132196,0.013028983
730000,14.66137,5.160569,0.00029999996,-1.4305022271233612,347.95,-1.4292125580342192,1.0666444,-14.931861,0.53059703,0.52866405,0.012926067
735000,14.680754,5.2341704,0.00029999999,-1.2079444254557483,136.30769230769232,-1.215438188650669,1.1060507,-14.868338,0.54419476,0.54283786,0.012802646
740000,14.283908,5.164358,0.00029999999,-1.356237977463752,217.33333333333334,-1.3441449590027332,1.0850133,-14.739667,0.5316733,0.53079355,0.012502925
745000,14.8552065,5.147467,0.00029999999,-1.4998304195760284,354.75,-1.4998304331675172,1.0284566,-14.675817,0.50612384,0.50620586,0.012106347
750000,14.767606,5.351906,0.00029999999,-1.3432738257882495,422.0,-1.3432738292548392,1.4939644,-14.538358,0.74025965,0.7352594,0.011919307
755000,14.719692,5.1521525,0.0003,-1.516416211512738,372.2857142857143,-1.5164161920547485,0.71045256,-14.583607,0.3431624,0.3428485,0.01177861
760000,14.663014,5.229302,0.00029999999,-1.6352383917054305,664.0,-1.6448341980576515,0.5511104,-14.653717,0.27040964,0.27089125,0.011549066
765000,14.567172,5.125739,0.00029999999,-1.9243884461207523,624.8888888888889,-1.8839584477245808,0.33944783,-14.672124,0.16594526,0.1662299,0.011375592
770000,14.678498,5.08209,0.00029999996,-1.472121482656803,486.1666666666667,-1.4721214603632689,0.4623231,-14.572086,0.22428386,0.22418824,0.011172094
775000,14.685558,5.1074533,0.00029999999,-1.3728368300944567,845.0,-1.372836872935295,0.32886136,-14.569433,0.15784118,0.15755223,0.010822967
780000,14.805824,5.0366206,0.00029999999,None,None,None,0.2592378,-14.550886,0.1281239,0.1273766,0.010509062
785000,14.862851,5.0034127,0.00029999999,None,None,None,0.16617353,-14.619227,0.08059853,0.08028508,0.010218345
790000,14.657851,5.089165,0.00029999999,-2.2982834046706557,959.0,-2.2982833981513977,0.13364261,-14.6052065,0.06611102,0.06586806,0.010006232
795000,14.602032,5.105025,0.00029999999,-2.6964594021847006,1855.75,-2.6964594572782516,0.10906333,-14.647608,0.052715138,0.052641243,0.009875324
800000,14.605391,5.0075727,0.0003,-0.8245296732056886,654.0,-0.8245297782123089,0.1134364,-14.576201,0.054488182,0.054113645,0.009476308
805000,14.561648,4.954026,0.00029999999,None,None,None,0.019827971,-14.555046,0.009326863,0.009384093,0.009124018
810000,14.704018,4.961816,0.00029999999,None,None,None,0.08371718,-14.511979,0.041191097,0.041140195,0.008979923
815000,14.676636,4.96735,0.00029999999,-4.842045518802479,4277.5,-4.842045519500971,0.07796788,-14.5401745,0.03789483,0.037989363,0.008783312
820000,14.5393505,4.863311,0.00029999999,-2.6237365533597767,4981.0,-2.6237365920096636,0.020751683,-14.547964,0.00940102,0.009443267,0.008549773
825000,14.526169,4.8716784,0.00029999999,-3.9512973830569535,4981.0,-3.9512973465025425,0.00536061,-14.493839,0.0024121762,0.0025027941,0.008310134
830000,14.234477,4.801981,0.00029999996,-4.847474630631041,3910.0,-4.8474746234714985,0.024133172,-14.408466,0.011453472,0.0114491945,0.008032118
835000,14.259668,4.816454,0.00029999999,None,None,None,0.05697552,-14.343746,0.027724596,0.027803525,0.00785379
840000,14.316806,4.92379,0.00029999999,None,None,None,0.036172125,-14.266768,0.017189894,0.017256688,0.0076753576
845000,14.285242,4.84448,0.00029999999,None,None,None,0.029281095,-14.206808,0.014175604,0.014209957,0.007423978
850000,14.172124,4.8736486,0.00029999999,None,None,None,0.00378918,-14.161148,0.0016713521,0.0017048765,0.0072704703
855000,14.23365,4.787282,0.00029999999,-2.194904430245515,4981.0,-2.194904450327158,0.0027254268,-14.137673,0.0011679076,0.0012347144,0.0070960764
860000,14.11877,4.814574,0.00029999999,-3.785136183956638,4981.0,-3.785136202350259,0.0025022905,-14.1016655,0.0010876149,0.0011310583,0.0068939812
865000,14.040749,4.709673,0.00029999996,None,None,None,0.002191801,-14.058784,0.00093343563,0.0009999594,0.0067337966
870000,13.918502,4.7355804,0.00029999999,None,None,None,0.0022219918,-13.992939,0.00095242896,0.0010038166,0.0065478766
875000,13.951619,4.7239385,0.00029999999,-1.7990819749732812,3399.3333333333335,-1.7990819715584319,0.0028670097,-13.961827,0.0012462188,0.0013210097,0.0064307405
880000,13.930122,4.7125545,0.00029999999,-2.1763624098384753,3460.3333333333335,-2.17636235182484,0.0025601562,-13.905762,0.0010985205,0.0011292765,0.0063136793
885000,13.902879,4.7734838,0.0003,-2.237247016552525,4102.0,-2.237247047635416,0.057755344,-13.869221,0.02847569,0.028177544,0.006193119
890000,13.73634,4.6892557,0.00029999999,-3.447978040940749,4214.0,-3.4479780066758394,0.030479247,-13.815775,0.014264396,0.014201792,0.006054183
895000,13.533475,4.547458,0.0003,-2.9352585942639657,1482.3333333333333,-2.935258597135544,0.044161428,-13.74167,0.020759087,0.020772459,0.0058927834
900000,13.456047,4.612522,0.00029999999,-2.2743130968883634,2057.3333333333335,-2.274313154319922,0.04366464,-13.628798,0.020866217,0.020933649,0.0057134638
905000,13.566043,4.642034,0.00029999999,-1.7342895865440369,865.5714285714286,-1.7342896003808295,0.1640764,-13.533067,0.07895893,0.07903339,0.0055410694
910000,13.28129,4.46622,0.00029999999,-2.23253327953474,1092.0,-2.2325332891196012,0.13395314,-13.43003,0.06451359,0.064203,0.005395012
915000,13.05803,4.4828687,0.0003,-2.4649600110715255,1214.5,-2.4649599716067314,0.22583704,-13.300606,0.10567982,0.105548315,0.005222988
920000,12.873956,4.452632,0.00029999999,-1.3284681187942624,326.875,-1.328468102728948,0.27426204,-13.183717,0.13134873,0.13130654,0.0050901687
925000,13.149709,4.6823726,0.00029999999,-1.5951462195565302,375.0,-1.5951462388038635,0.3103127,-13.11443,0.1520564,0.15175994,0.005010092
930000,12.923158,4.4077,0.0003,-2.079706217069179,811.0,-2.0797062277793885,0.3186675,-13.040083,0.15646656,0.15656367,0.0049546096
935000,12.832244,4.3579974,0.00029999996,-1.9965418849422254,714.8947368421053,-2.0289230110744634,0.14984626,-13.013494,0.07120682,0.07131887,0.0048839673
940000,12.665675,4.362175,0.00029999999,-1.428097283664661,408.2307692307692,-1.427067575177976,0.35374174,-12.90486,0.17008346,0.16976957,0.0047635906
945000,12.719551,4.37158,0.00029999999,-1.5440963487781119,392.25,-1.5440963422879577,0.31859955,-12.814602,0.15527897,0.15516238,0.0045876564
950000,12.832797,4.094884,0.00029999999,-1.709239237010479,679.6666666666666,-1.7092391898234685,0.33919168,-12.700729,0.16707677,0.1668456,0.0044531045
955000,12.670069,4.564853,0.00029999996,-1.3064982539234573,336.79411764705884,-1.3116804519386003,0.49966848,-12.652156,0.23874767,0.2398177,0.0043699075
960000,12.380077,3.7194662,0.00029999999,-1.2216420470547207,167.03703703703704,-1.210631531007864,0.6607764,-12.599671,0.31603736,0.3172637,0.0042849747
965000,12.219759,3.6935089,0.00029999999,-1.2720948948788091,204.17391304347825,-1.2858661387277686,0.6750213,-12.49548,0.3285902,0.32874393,0.0042161373
970000,12.4578085,3.9319708,0.00029999999,-1.2853017412824557,225.45,-1.284785297513008,0.9540148,-12.406274,0.47172055,0.47309977,0.0041585043
975000,12.488382,3.9167013,0.0003,-1.3013883383412446,250.57142857142858,-1.2952851032217343,0.70820755,-12.387263,0.3474849,0.34741306,0.004104025
980000,12.209363,3.8372731,0.00029999999,-1.1468990369830863,247.625,-1.1532301105120604,0.8340986,-12.287601,0.40590137,0.4058149,0.00400259
985000,12.156537,3.5878248,0.00029999996,-1.2786381005188796,246.7037037037037,-1.282898910343647,0.65978783,-12.197407,0.32352266,0.32309037,0.0038670853
990000,12.031264,3.4377332,0.00029999999,-1.1246641281827845,143.38235294117646,-1.11893347957555,0.81154275,-12.170724,0.39976737,0.39891106,0.0037662876
995000,11.827457,3.2034645,0.0003,-1.2555339247839332,177.75862068965517,-1.259106099108855,0.8038913,-12.083334,0.3955992,0.395063,0.003707522
1000000,11.66045,3.6021953,0.00029999996,-1.2116935901999981,197.13636363636363,-1.2195174921126593,0.8039328,-11.945971,0.38758057,0.38819623,0.0036440163
1005000,11.837953,3.3362188,0.00029999999,-1.3747944995528087,245.3,-1.3450306098569522,0.6952032,-11.8618555,0.34239423,0.3412981,0.0035919114
1010000,12.252227,3.4671066,0.0003,-1.8664266436050336,865.3333333333334,-1.8664266144235928,0.5688769,-11.857499,0.27626014,0.27662718,0.0035231907
1015000,12.081687,3.1220682,0.00029999996,-0.8364909053281215,644.2857142857143,-0.836490915289947,0.40020218,-11.936247,0.19757986,0.1974023,0.0034689417
1020000,12.019453,3.1820264,0.00029999999,-1.1502431922338225,386.3636363636364,-1.147922324970187,0.35195795,-12.091492,0.17315657,0.1727435,0.0034251728
1025000,11.724528,3.125421,0.00029999999,-1.333135153632611,282.0,-1.3182291554080114,0.33941492,-12.029127,0.16742022,0.16673413,0.0033429328
1030000,12.026734,3.182513,0.0003,-1.4009693767875433,207.0,-1.4009692668914795,0.29051974,-12.036414,0.14082615,0.14051348,0.0032748207
1035000,12.073849,3.1396172,0.00029999999,-0.8857334099011496,1180.0,-0.885733449831605,0.22668865,-12.022088,0.11066573,0.10995778,0.003231567
1040000,11.530263,2.7627008,0.00029999996,-1.2635023817420006,1971.6666666666667,-1.2635023805002372,0.25972584,-11.919897,0.12793057,0.12769343,0.003167924
1045000,11.762991,2.849009,0.0003,-0.9216741814743727,979.25,-0.9216741342097521,0.13209082,-11.838504,0.06451339,0.0644454,0.0030969568
1050000,11.888996,2.8645668,0.00029999999,-2.125732274260372,1447.3333333333333,-2.125732329984506,0.053089023,-11.817548,0.025888657,0.025867203,0.0030006631
1055000,11.823421,2.7270246,0.00029999996,-1.103778994642198,541.0,-1.1037791073322296,0.06207224,-11.759074,0.030212129,0.030173715,0.0029207442
1060000,11.995679,2.6507256,0.00029999999,-1.2789284273749217,1448.0,-1.2789283394813538,0.047407854,-11.731107,0.022930669,0.023055833,0.0028305955
1065000,11.63465,2.4307694,0.0003,-1.3886641312856227,277.0,-1.3886640965938568,0.05336113,-11.704443,0.025881007,0.025984934,0.0027303314
1070000,11.695636,2.339391,0.00029999999,None,None,None,0.054358453,-11.729957,0.02645885,0.026346957,0.0026576198
1075000,11.587704,2.4217432,0.00029999999,None,None,None,0.0034487855,-11.682709,0.0015226057,0.0015692477,0.002593786
1080000,11.496927,2.2320263,0.00029999999,0.47841203163261525,4201.75,0.4784120301483199,0.016631957,-11.608362,0.007952986,0.008017181,0.00251955
1085000,11.4870615,2.2921512,0.00029999999,1.4071166759822518,4981.0,1.4071166990324855,0.011234806,-11.501492,0.0054302067,0.0054892288,0.0024489197
1090000,11.383931,2.337937,0.00029999999,-1.222599555971101,590.5,-1.222599534317851,0.030797351,-11.438048,0.0148655595,0.014925105,0.0023876342
1095000,11.484805,2.4429502,0.00029999999,1.855288024933543,4616.0,1.8552880510687828,0.050142724,-11.389969,0.024098095,0.024120945,0.0023202298
1100000,11.215014,2.474727,0.00029999999,-0.8210354650393128,1968.3,-0.8210354562848806,0.05403382,-11.342539,0.026390845,0.026256436,0.0022651425
1105000,11.323976,2.6349642,0.00029999999,1.0550723740598187,2104.0,1.0550722926855087,0.1175833,-11.28469,0.056544803,0.056124017,0.0022052852
1110000,11.192482,2.5041718,0.00029999999,-1.4333148449271296,817.6666666666666,-1.4333148002624512,0.09668752,-11.238696,0.04618304,0.04601974,0.0021302204
1115000,11.252197,2.5894413,0.00029999999,None,None,None,0.060632415,-11.171942,0.030049503,0.02898218,0.0020527611
1120000,11.022245,2.2054017,0.00029999996,0.5904699786333367,4981.0,0.5904698930680752,0.08076532,-11.099065,0.039561655,0.039014086,0.002000913
1125000,10.934069,1.7834146,0.00029999999,None,None,None,0.05498871,-11.065921,0.026018882,0.026274841,0.0019673794
1130000,10.650329,1.6614907,0.00029999999,-0.7672061317134649,2368.75,-0.767206123098731,0.051019605,-10.938303,0.024332775,0.02439355,0.0019368532
1135000,10.67102,1.5591829,0.00029999999,-1.482451575808227,1199.4,-1.482451593875885,0.026475947,-10.813029,0.012786345,0.0128160305,0.0019096246
1140000,10.767709,1.566993,0.00029999999,None,None,None,0.034555394,-10.727507,0.016464308,0.016441692,0.0018767352
1145000,10.86923,1.7445531,0.00029999999,None,None,None,0.03418903,-10.6723175,0.016320165,0.016317356,0.0018343262
1150000,10.847149,1.9673758,0.00029999996,0.7028248017886654,4981.0,0.7028248235583305,0.03961095,-10.649472,0.019168405,0.019149348,0.0017922566
1155000,10.723333,1.8861201,0.0003,-2.401609281077981,1428.5,-2.4016093760728836,0.06304802,-10.653163,0.029608611,0.029606821,0.0017484106
1160000,10.524985,1.4238275,0.00029999999,-1.2812051319866442,2788.8,-1.2870828004346953,0.027517917,-10.6641655,0.013130105,0.013112413,0.0017205976
1165000,10.307204,1.2580237,0.00029999999,-1.2033195267764054,887.2857142857143,-1.206442863214761,0.06975652,-10.645281,0.033607848,0.033609435,0.001696521
1170000,10.763809,2.6649454,0.00029999996,-1.0866595786064863,583.5,-1.0866596028208733,0.104306065,-10.585106,0.04870258,0.04881822,0.0016718989
1175000,10.856514,2.4433877,0.00029999999,-0.7312186442431994,2268.5,-0.731218695640564,0.09113985,-10.611752,0.044074792,0.044086676,0.0016504936
1180000,10.77735,2.1595266,0.00029999999,None,None,None,0.11925274,-10.637894,0.05765293,0.05761661,0.001623596
1185000,10.972997,1.8348253,0.00029999999,-0.9485873798839748,1902.0,-0.9485874176025391,0.047113568,-10.6934,0.0222196,0.021825358,0.0015999193
1190000,10.698475,1.7074857,0.00029999996,None,None,None,0.033772953,-10.753123,0.01655132,0.016560812,0.001578018
1195000,10.712875,1.4218547,0.00029999999,None,None,None,0.012906093,-10.749191,0.0061837044,0.0061993687,0.0015408028
1200000,10.695065,1.1020237,0.00029999996,None,None,None,0.008550841,-10.693841,0.0041119405,0.0041410704,0.001494309
1205000,10.777696,1.062776,0.00029999999,None,None,None,0.011197136,-10.671649,0.0053820703,0.005404744,0.0014605129
1210000,10.813234,0.7469561,0.00029999999,None,None,None,0.0018752676,-10.642781,0.00087488024,0.00088842656,0.0014224212
1215000,10.824963,0.571311,0.0003,None,None,None,0.0016900905,-10.648203,0.0007686354,0.0007820493,0.0013785932
1220000,10.68304,0.36300376,0.00029999999,-3.531782407517312,4981.0,-3.531782379373908,0.0012440445,-10.678755,0.0005791502,0.00058797555,0.0013376246
1225000,10.489142,0.31025285,0.00029999996,-5.787805708037922,4981.0,-5.78780565969646,0.001155165,-10.61774,0.000538882,0.0005491158,0.0012973498
1230000,10.379341,0.38441584,0.00029999996,-7.662337772315368,4981.0,-7.662337839603424,0.0009643795,-10.544321,0.00045414362,0.0004595392,0.0012691612
1235000,10.1695,0.2951761,0.00029999999,-2.9705401793471538,4981.0,-2.9705401668325067,0.001155113,-10.42477,0.00053869147,0.0005447564,0.0012273315
1240000,10.078123,0.5538121,0.00029999999,None,None,None,0.0012844119,-10.259736,0.00058670226,0.0005941697,0.0011890027
1245000,10.16169,0.3687755,0.00029999999,-6.758266603806987,4981.0,-6.758266642689705,0.0014791776,-10.167667,0.00068111037,0.000676361,0.0011712434
1250000,10.054123,0.28888443,0.00029999996,None,None,None,0.0012907332,-10.062943,0.00059245084,0.00059615023,0.0011386618
1255000,10.143576,0.29622024,0.0003,-1.0800207532010972,3098.0,None,0.0014199561,-10.013983,0.0006658577,0.0006562515,0.0011051579
1260000,10.089114,0.5169482,0.00029999999,-1.1049675153335556,3135.0,-1.0924941878765821,0.01255176,-9.998988,0.005997846,0.00600248,0.0010766906
1265000,9.782343,0.24270523,0.00029999999,-2.672885889420286,1766.2,-2.672885888814926,0.02912977,-9.995782,0.013619876,0.013616493,0.0010475457
1270000,9.696515,0.12987672,0.0003,None,None,None,0.04449587,-9.930186,0.021398272,0.021412995,0.0010256423
1275000,9.541564,1.0834057,0.00029999999,-2.8916342789307237,2146.769230769231,-2.8916342874559073,0.063805,-9.863927,0.03059566,0.03058564,0.0010092226
1280000,9.662534,1.1511216,0.00029999999,-2.275248890533112,901.3,-2.27524888664484,0.095546044,-9.766448,0.045533508,0.04563917,0.0009956103
1285000,9.553061,1.5670882,0.00029999999,-1.219841596180279,309.63157894736844,-1.2277456091509924,0.19623846,-9.68582,0.09574189,0.09527002,0.0009833553
1290000,9.475882,1.0402212,0.00029999996,-1.2393402626621537,299.25,-1.20698601603508,0.27209988,-9.566252,0.13263008,0.13207263,0.00096602656
1295000,9.613073,0.5268597,0.00029999999,None,None,None,0.2861523,-9.555611,0.1394196,0.13883488,0.0009545723
1300000,9.42517,0.7037646,0.00029999999,-1.460525235836394,825.1,-1.4605252463370562,0.1704449,-9.508672,0.08285365,0.0827452,0.00094392296
1305000,9.357066,1.0392472,0.00029999999,-1.4590590750449337,410.25,-1.4590590558946133,0.14350905,-9.451074,0.07036133,0.07019127,0.0009285875
1310000,9.41523,1.7182715,0.00029999999,-1.2741184052164582,588.8181818181819,-1.274118393320929,0.12951127,-9.437986,0.06303061,0.06278296,0.00092272786
1315000,9.425354,1.181748,0.0003,-1.2733816538571514,696.0,-1.2733816509800298,0.1847521,-9.400698,0.08901578,0.088860855,0.00090759876
1320000,9.513925,0.48596776,0.00029999996,-1.047340657367992,191.5,-1.0473406488696735,0.15395494,-9.4012785,0.074548125,0.074221075,0.00089187484
1325000,9.544222,0.3301968,0.00029999999,-1.5558368240017444,818.3333333333334,-1.5558368588487308,0.1237031,-9.426336,0.05976449,0.059683237,0.0008823539
1330000,9.414626,0.6635801,0.00029999996,-1.6812928760191426,1059.0,-1.6812928318977356,0.07382048,-9.459855,0.036233302,0.036083788,0.00087418134
1335000,9.207046,0.4494625,0.00029999999,-1.1592700091740964,1068.2727272727273,-1.1592700637199662,0.1295175,-9.439363,0.06260028,0.06219917,0.0008621839
1340000,9.177108,0.48461995,0.0003,-1.3309474755974056,798.8461538461538,-1.3803098760545254,0.13697985,-9.371697,0.06731012,0.06719406,0.00084514916
1345000,9.074517,0.77528924,0.00029999996,-0.9979607624360748,286.4166666666667,-0.9833589438349009,0.2436287,-9.285385,0.1203563,0.12007041,0.0008301617
1350000,8.731946,0.9217258,0.00029999999,-0.9925062917949011,145.2,-0.9945559526483218,0.3162503,-9.15762,0.15551998,0.15522565,0.0008224538
1355000,8.6368065,0.77290034,0.00029999999,-1.137750571127981,104.82978723404256,-1.1326143050447424,0.42169708,-9.029412,0.2031059,0.20334935,0.00081494125
1360000,8.171056,1.146401,0.00029999999,-1.1166846240544692,79.34,-1.113998596072197,0.67504036,-8.822247,0.31861392,0.31858593,0.00081670785
1365000,8.594617,0.7683909,0.00029999999,-1.196453408776399,293.88235294117646,-1.2062344981564417,0.71880686,-8.707347,0.34609893,0.34644356,0.00082593015
1370000,8.710694,0.5231052,0.00029999999,-1.1893875910900533,162.5,-1.189387579758962,0.6921697,-8.664549,0.33465067,0.33393526,0.00082509924
1375000,8.756837,0.24196504,0.00029999999,-1.6372924053575844,625.0,-1.637292429804802,0.44890898,-8.679481,0.21550627,0.21633783,0.0008251996
1380000,8.622137,0.8364297,0.00029999999,-2.583289284647132,958.7777777777778,-2.5832892987463207,0.2839672,-8.664064,0.13712403,0.13779955,0.0008254227
1385000,8.550508,0.31025034,0.0003,-2.070832706987858,632.3333333333334,-2.0708327119549117,0.1349125,-8.688561,0.0658631,0.06582093,0.0008225549
1390000,8.73611,0.46158445,0.00029999999,-1.5575520416411262,384.6666666666667,-1.5575520197550456,0.08893282,-8.671336,0.043607358,0.043841038,0.0008160562
1395000,8.674379,0.12369573,0.00029999999,-1.3241203237324952,724.4,-1.3241202503442764,0.096214786,-8.640228,0.047267284,0.04740085,0.00080009573
1400000,8.533103,-0.40492243,0.00029999996,-1.449710029992275,269.0,-1.4497100263834,0.09004536,-8.593341,0.04407202,0.044328414,0.0007774815
1405000,8.569362,-0.7772789,0.00029999999,-2.153948996332474,872.5,-2.1539490073919296,0.039974064,-8.598988,0.019119868,0.019258562,0.000762489
1410000,8.437573,-1.0210669,0.00029999996,-3.5413997942232527,1512.75,-3.5413998253643513,0.055397082,-8.543714,0.027053006,0.027040128,0.00075173
1415000,8.398674,-1.186431,0.0003,-1.123572033829987,242.5,-1.1235720114782453,0.06465897,-8.475379,0.03147633,0.031496514,0.0007365256
1420000,8.298289,-0.88953763,0.00029999999,-3.8584901223657653,1700.8333333333333,-3.858490139245987,0.048398465,-8.379471,0.023338985,0.023370959,0.0007128936
1425000,8.10721,-0.5643371,0.00029999996,-4.241195621958468,1382.125,-4.241195598617196,0.061581198,-8.289847,0.029761966,0.02971143,0.0006894722
1430000,8.118146,0.020561922,0.00029999999,-1.305769813581719,282.0625,-1.3165708382924397,0.1265876,-8.183163,0.06266684,0.06257287,0.0006730199
1435000,8.032686,0.42601874,0.00029999999,-1.7330378136597573,454.9142857142857,-1.7296610766755682,0.15060686,-8.137792,0.07421289,0.07401734,0.0006683706
1440000,7.844461,0.09217316,0.00029999999,-1.2124487264204378,184.47368421052633,-1.2149232989177108,0.26718405,-8.047474,0.12874915,0.12846774,0.0006679622
1445000,7.860442,-0.11477179,0.00029999996,-1.4221529875704575,267.2857142857143,-1.4083293625153601,0.295028,-7.9974823,0.1430742,0.14333889,0.00066520984
1450000,7.8644567,0.33131486,0.0003,-1.3376879413228702,285.1764705882353,-1.3577400182063382,0.27942812,-7.98023,0.1357155,0.13536109,0.0006622907
1455000,7.8535886,0.16675511,0.00029999999,-1.1492497350616184,278.05263157894734,-1.1492497371999841,0.28410685,-7.924194,0.1372013,0.13690013,0.00066771085
1460000,7.466312,0.493139,0.00029999996,-1.1665826125163585,199.56,-1.15908361847202,0.31401828,-7.8797665,0.15082105,0.14989716,0.0006914923
1465000,7.6246867,-0.11762881,0.0003,-1.128334750552945,219.91304347826087,-1.1374274082481861,0.2859652,-7.808809,0.14025179,0.14028707,0.0007038394
1470000,7.732769,-0.06084527,0.00029999999,-0.9788669985098143,309.0,-1.045399248600006,0.22845526,-7.780779,0.110151775,0.110398285,0.00070819317
1475000,7.114967,-0.2394159,0.00029999999,-1.1510560262138911,223.42857142857142,-1.1008905693888664,0.24156319,-7.740706,0.118465595,0.119015746,0.00071588444
1480000,7.4693575,0.080720946,0.0003,-1.3128386362863238,262.45,-1.3186188485277326,0.24023373,-7.7008967,0.11544406,0.11580973,0.00072465546
1485000,7.5271955,0.7431935,0.00029999999,-1.2645125732191704,316.64285714285717,-1.2524917157632964,0.16947134,-7.7224445,0.08250869,0.08259166,0.00073862245
1490000,7.39853,0.50633144,0.00029999999,-1.2464552710522325,238.03846153846155,-1.251079412246192,0.18611988,-7.6822557,0.09091916,0.09085179,0.0007486288
1495000,7.1246204,0.8182823,0.00029999999,-1.2166588106953826,196.46153846153845,-1.2231351244449615,0.18338306,-7.660094,0.08769078,0.08809123,0.00075635355
1500000,7.1046963,0.55075324,0.00029999999,-1.1180781691451558,184.0,-1.1150625687802123,0.21144493,-7.592663,0.10260034,0.103207104,0.00077099033
1505000,7.1924515,0.33457565,0.0003,-1.061502446726081,257.0,-1.0461462868944458,0.20659518,-7.5080223,0.09798215,0.098261006,0.00078815187
1510000,7.08087,0.42132425,0.00029999999,-1.1428875969839283,245.65,-1.1558307721501304,0.17830883,-7.431505,0.08547578,0.08560406,0.0007910458
1515000,6.9152017,0.17432313,0.00029999996,-1.274905945777639,219.22727272727272,-1.274905945767056,0.2184978,-7.3482127,0.10453739,0.104482114,0.0007930914
1520000,7.0135345,0.42211503,0.0003,-1.296709769574756,208.72727272727272,-1.2967097688127647,0.20019615,-7.3200145,0.09680654,0.0969728,0.00079936004
1525000,6.582866,0.24735709,0.00029999996,-1.2033436435234288,247.04347826086956,-1.2033436406889688,0.14769231,-7.302575,0.07109895,0.07083055,0.00081291934
1530000,6.940821,0.38274813,0.00029999996,-1.1513284051447714,229.10526315789474,-1.1601407704874873,0.18938285,-7.2541933,0.09272197,0.092629574,0.00081885216
1535000,7.0103316,0.427788,0.0003,-1.2162032506312244,231.9,-1.2055604990039552,0.17161213,-7.2338266,0.08038835,0.08031335,0.0008269681
1540000,6.5886197,0.11640772,0.00029999999,-1.208618799744941,241.7058823529412,-1.2086188100716646,0.14450668,-7.1699805,0.068308495,0.068217546,0.0008319607
1545000,7.1550875,-0.44615242,0.00029999999,-1.570918180514127,493.6666666666667,-1.5709181713561218,0.13129759,-7.1338115,0.063238695,0.06311466,0.00083014247
1550000,7.158992,-0.23104501,0.00029999999,-1.4089715489244554,581.375,-1.4089715275913477,0.12434391,-7.10336,0.05999357,0.0602749,0.00081731944
1555000,6.9931,-0.3229757,0.00029999999,-1.2844317670445888,497.0,-1.2844317350536585,0.096111454,-7.0973344,0.046332702,0.046585027,0.00079877285
1560000,6.916723,-0.28108913,0.00029999999,-1.6520949075493263,911.125,-1.6520948661491275,0.08124844,-7.070428,0.03929461,0.0395859,0.0007805476
1565000,6.6563582,-0.34624034,0.00029999999,-1.2382716405725873,286.5882352941176,-1.238271671182969,0.054480817,-7.063663,0.026535386,0.02651007,0.0007659754
1570000,6.8757215,-1.0664514,0.0003,-1.355734772759024,422.9,-1.389824292725987,0.078267835,-7.028725,0.03801478,0.03828256,0.00075536995
1575000,6.868692,-1.5883399,0.00029999999,-1.3756989342426615,361.2857142857143,-1.33485270710662,0.09159028,-6.9545584,0.044682197,0.04402262,0.000743389
1580000,6.888556,-0.83669287,0.00029999999,-1.6607046473848943,472.3333333333333,-1.6607046369463205,0.10474718,-6.8733053,0.050209254,0.04978725,0.00072818133
1585000,6.7914495,-1.4838291,0.00029999999,-1.4624094947357662,614.0,-1.4624095084145665,0.09563488,-6.85946,0.045965143,0.04572153,0.00071580056
1590000,6.4560356,-1.707808,0.0003,-1.349667695176322,628.0,-1.3496676981449127,0.06529947,-6.7798066,0.030697102,0.03079777,0.00070904556
1595000,6.516911,-1.6453322,0.00029999996,-3.1965919068315998,1335.0,-3.196592029184103,0.041766204,-6.688722,0.01977617,0.019728683,0.0007059772
1600000,6.4880304,-1.7498487,0.00029999999,None,None,None,0.040149424,-6.642362,0.018665645,0.018445993,0.0007045298
1605000,6.595754,-1.7698301,0.00029999999,None,None,None,0.015394374,-6.574338,0.0067630014,0.006787072,0.0007017982
1610000,6.497135,-1.6416471,0.00029999999,None,None,None,0.010742789,-6.4851475,0.0044373074,0.004349058,0.0006989286
1615000,6.6072083,-1.7249622,0.00029999999,None,None,None,0.005795773,-6.500162,0.0025140843,0.0025077227,0.0006929966
1620000,6.424478,-1.5376348,0.00029999996,None,None,None,0.0035772903,-6.4967356,0.0015527925,0.0015286596,0.00068813626
1625000,6.5979195,-1.4977213,0.00029999999,-8.044742252328433,4981.0,-8.044742154888809,0.002797959,-6.470127,0.0012998029,0.0012727788,0.0006851238
1630000,6.4287124,-1.5087432,0.00029999999,-6.105507592379581,4981.0,-6.105507672764361,0.0034358117,-6.4747605,0.0016004104,0.0016115983,0.00067894364
1635000,6.526847,-1.2503527,0.00029999999,-2.7579391672625206,1434.5,-2.7579391710460186,0.0030283828,-6.4583483,0.0013871109,0.0014236808,0.0006725704
1640000,6.4439073,-0.8675094,0.00029999999,-3.863149327575229,2666.5,-6.659926429390907,0.012046552,-6.4212255,0.0058145877,0.005840706,0.00066786795
1645000,6.5654144,-0.4012464,0.0003,-4.6790179671105845,2780.0,-4.377964128429691,0.018311467,-6.4093437,0.008725229,0.008749748,0.00065834715
1650000,5.907866,-1.0152104,0.00029999999,-1.5064926892227959,587.25,-1.5064927078783512,0.0439286,-6.3752823,0.02113075,0.021137878,0.00065086246
1655000,6.146624,-1.244804,0.00029999996,-1.9947573745674971,627.0,-1.9947573741277058,0.05365492,-6.339892,0.025894845,0.025930746,0.0006619825
1660000,5.760247,-0.93056226,0.00029999999,-1.404889520424019,284.14285714285717,-1.404889506953103,0.055027764,-6.29962,0.026425363,0.026591174,0.0006758088
1665000,5.7779922,-0.97773683,0.00029999999,-2.062158454688923,742.8235294117648,-2.111931435763836,0.06302803,-6.2735486,0.028673729,0.028711367,0.00069337175
1670000,5.77037,-0.53839386,0.00029999996,-1.6773521362338215,418.0,-1.6399374983527444,0.06388716,-6.1608086,0.028092392,0.02826295,0.0007157731
1675000,5.885764,-0.6173852,0.00029999996,-1.5241091689612303,359.22222222222223,-1.524109164873759,0.06294746,-6.1072845,0.029060775,0.029033393,0.0007255601
1680000,5.682961,-0.96316993,0.0003,-1.7676293030381203,475.1,-1.7676293127238751,0.08973619,-6.083078,0.039646503,0.039830774,0.00073163677
1685000,6.2918916,-0.7784684,0.00029999999,-1.1305084175962423,238.85714285714286,-1.1747494811813037,0.09354512,-6.0689387,0.042309865,0.04154489,0.0007394463
1690000,6.4184904,-1.0097177,0.0003,-1.9200568929081783,615.5,-1.5683919390042622,0.0630602,-6.1053624,0.029464412,0.029264582,0.0007578163
1695000,6.367111,-1.4478978,0.00029999996,-1.6400801044655964,602.5,-1.6400800570845604,0.051605713,-6.216604,0.022390993,0.022136318,0.0007722313
1700000,6.2019176,-0.9699169,0.00029999999,-1.4000993299608429,493.1111111111111,-1.4000993288225598,0.05528911,-6.280467,0.02646744,0.02652254,0.0007599277
1705000,6.0816345,-1.3649548,0.00029999999,-2.1223358982242644,1222.5,-2.1223359256982803,0.05312545,-6.298353,0.025756376,0.025797643,0.00073091267
1710000,5.730766,-1.3580731,0.00029999999,-2.729839393932542,1315.4545454545455,-2.729839400134303,0.0549583,-6.2415247,0.02629549,0.02622124,0.00070429035
1715000,6.046094,-1.6965364,0.0003,-1.7046539430506527,680.0,-1.568606048822403,0.052189335,-6.150671,0.02467655,0.024667507,0.00068465155
1720000,5.728913,-1.1970358,0.00029999999,-1.4036891381588898,553.2857142857143,-1.5093336757272482,0.058156297,-6.042041,0.027051657,0.026988622,0.00067772495
1725000,5.9783826,-1.735963,0.00029999999,-1.7019552174955606,572.2,-1.7019552156329154,0.06333942,-6.0146976,0.029551504,0.02965763,0.0006712475
1730000,5.6927037,-1.4963169,0.0003,-1.7956998930797756,715.5,-1.795699870834748,0.054295063,-5.908991,0.025581475,0.02565754,0.00066594925
1735000,5.7578316,-1.2734607,0.00029999999,-1.5470925096422434,502.0,-1.5470924735069276,0.057416163,-5.881469,0.027155055,0.027175622,0.0006643599
1740000,5.797007,-1.321715,0.00029999999,-2.000028330308851,808.0,-2.0000283177942038,0.10712077,-5.7870746,0.051472876,0.05097111,0.0006659446
1745000,5.742579,-1.5211589,0.00029999999,-1.8441134651139792,591.2222222222222,-1.9226217847317457,0.06984816,-5.756685,0.033908103,0.032530047,0.00067338644
1750000,5.623465,-1.5112545,0.00029999999,-1.6968376226723194,589.6,-1.7019916772842407,0.0716175,-5.6898823,0.033909846,0.032773845,0.00068512704
1755000,5.625034,-1.124514,0.00029999999,-2.2498769846570212,1004.375,-1.9091480690985918,0.054365914,-5.652637,0.025583087,0.025594765,0.0006956297
1760000,5.4679794,-1.5467931,0.00029999996,-1.9010799972650905,545.0,-2.8204037845134735,0.052917816,-5.6334767,0.024745403,0.024622906,0.000698243
1765000,5.485607,-1.5876169,0.00029999996,-1.6799073413945735,618.6,-1.5929455508788426,0.06489752,-5.572072,0.029638305,0.029527329,0.0006953206
1770000,5.453329,-1.2433376,0.00029999999,-1.9308801889031504,838.6666666666666,-1.9308801752825577,0.04443889,-5.5018215,0.020504016,0.02046476,0.00069338013
1775000,5.53646,-1.0262554,0.00029999999,-0.6861074173357338,466.0,-0.6861074566841125,0.05558477,-5.4678454,0.026421783,0.026363699,0.0006948276
1780000,5.4525104,-1.8909807,0.00029999999,None,None,None,0.029295819,-5.450834,0.013375741,0.0134112155,0.00069661014
1785000,5.6420217,-1.9410836,0.00029999999,None,None,None,0.02501414,-5.4984584,0.011674419,0.0115749845,0.000690314
1790000,5.412214,-2.3542578,0.00029999999,-6.3868586188182235,3558.3333333333335,-6.386858695497115,0.01858199,-5.477077,0.0088027045,0.008754529,0.0006768608
1795000,5.088988,-2.2501323,0.00029999999,-3.6609384422888978,1632.3,-3.6609384236857294,0.036294937,-5.424633,0.018021548,0.017945532,0.0006676608
1800000,5.433768,-1.57045,0.0003,-1.5432337186872387,559.0,-1.5432337207289843,0.03586756,-5.392406,0.017162437,0.017191023,0.00065830274
1805000,5.545475,-1.580482,0.00029999999,-2.297644596563519,903.7142857142857,-2.2976446045296535,0.046043847,-5.4196935,0.022196535,0.022283414,0.00064006494
1810000,5.4109845,-1.500606,0.00029999999,-1.3214303967331282,423.8181818181818,-1.3214303817261348,0.04447245,-5.402091,0.021533253,0.021595987,0.00062073744
1815000,5.5519805,-2.0229347,0.00029999999,-1.0789695472922176,333.0,-1.078969594091177,0.055715457,-5.4412713,0.026808562,0.026848935,0.00061368296
1820000,5.3353777,-3.0301967,0.0003,-2.2584264252800494,787.5,-2.258426398038864,0.053211,-5.4538865,0.025971942,0.026044037,0.0006087216
1825000,5.125491,-2.8396103,0.00029999999,None,None,None,0.039328147,-5.3553147,0.019286945,0.019294966,0.00060860784
1830000,4.903229,-1.9660784,0.00029999996,-2.9463983920092383,1289.3333333333333,-2.9463983749349913,0.043784108,-5.2499604,0.020578919,0.020563545,0.0006100408
1835000,4.9405065,-2.0979125,0.0003,-2.853273659275146,1144.125,-2.8532736403867602,0.03940424,-5.143543,0.018929286,0.019035699,0.00061340694
1840000,5.2140326,-2.5955448,0.00029999996,-1.1363011908251792,208.5,-1.1363011598587036,0.02764875,-5.041382,0.013002656,0.012900931,0.00061594264
1845000,5.0154004,-1.8301638,0.00029999999,-3.4300256723284046,1468.8181818181818,-3.396520485728979,0.035702176,-5.0186906,0.017149763,0.017179023,0.00062635815
1850000,5.076614,-1.5433459,0.00029999999,-1.7773526234280628,543.3333333333334,-1.9302545251468053,0.03360217,-5.0226636,0.01611883,0.016111672,0.00064063555
1855000,5.104363,-1.8925353,0.0003,-1.5191428597318009,440.375,-1.5191428307443857,0.04149621,-5.098392,0.019469984,0.019365061,0.0006464318
1860000,5.2267156,-1.4584537,0.00029999999,-1.3615503899830703,478.0,-1.339769545942545,0.067739256,-5.142826,0.03240938,0.032218855,0.0006488821
1865000,5.1233296,-1.1908967,0.00029999999,-1.2667550785117783,428.875,-1.3413916726130992,0.048737,-5.1458716,0.023069061,0.023074657,0.00065214594
1870000,5.0498896,-1.4594901,0.00029999999,-1.22119519719854,211.5,-1.1488124877214432,0.059176445,-5.165417,0.02879263,0.028800795,0.0006682109
1875000,5.06652,-1.2662158,0.00029999999,None,None,None,0.05146752,-5.1013794,0.025066651,0.02518369,0.0006881978
1880000,5.0184336,-1.0135041,0.00029999996,None,None,None,0.034097146,-5.0747004,0.016134147,0.01615503,0.0007231811
1885000,4.9970627,-0.7661729,0.0003,None,None,None,0.013916979,-5.0049806,0.006412112,0.0064348043,0.000758517
1890000,5.103305,-1.1174675,0.00029999999,None,None,None,0.014575622,-4.987187,0.006988505,0.007062287,0.00078627584
1895000,5.1129985,-1.0827817,0.00029999999,None,None,None,0.00422815,-5.006147,0.0020146726,0.0020026257,0.00079688925
1900000,5.1152205,-1.425916,0.00029999999,None,None,None,0.0034508142,-5.0257254,0.0016498368,0.0016496463,0.0007885311
1905000,5.104223,-1.5003531,0.00029999999,None,None,None,0.0030391603,-5.024468,0.0014529355,0.0014619792,0.0007633271
1910000,5.084012,-1.6791316,0.00029999999,-8.938994153169915,4981.0,-8.938994232565165,0.0018133393,-5.042444,0.000869437,0.00088020746,0.00073035987
1915000,5.0109353,-1.732576,0.00029999999,None,None,None,0.0016138293,-5.0431495,0.0007701913,0.00077374035,0.00070103316
1920000,4.850356,-1.4700418,0.00029999999,-5.361156205134466,3035.8,-4.9989109337329865,0.0022615495,-5.0041676,0.0010528372,0.0010499428,0.00066327257
1925000,4.777696,-1.4660745,0.00029999999,-6.891004577948479,4395.125,-6.882019289665752,0.006483349,-4.93069,0.0030846535,0.003080156,0.00063114485
1930000,4.5928845,-1.5251654,0.00029999999,-2.2733865197604666,805.3846153846154,-1.7537695057690144,0.017879702,-4.8221025,0.008088918,0.008025961,0.00061769877
1935000,4.7007966,-1.099802,0.00029999996,-1.4824471375646278,347.6666666666667,-2.1850815102458,0.032957155,-4.7336426,0.015419154,0.015130826,0.0006135784
1940000,4.699979,-1.0701628,0.00029999999,-1.503049849846866,354.55,-1.5173818455322792,0.055953443,-4.690265,0.025390426,0.025264114,0.00061938283
1945000,4.670836,-1.3532715,0.00029999999,-1.2351405892598752,254.5,-1.2345121673175268,0.09197174,-4.6341734,0.044684175,0.04443536,0.0006294566
1950000,4.5264072,-1.1587197,0.00029999996,-1.3356281603628304,239.875,-1.3356281612068415,0.05802898,-4.619747,0.027146617,0.0268976,0.0006405019
1955000,4.482274,-0.7823188,0.00029999999,-2.0297407413729363,595.2222222222222,-2.029740744994746,0.061563198,-4.5881615,0.029274764,0.029222196,0.0006605922
1960000,4.532202,-1.2995508,0.00029999999,-1.0722732151126755,145.21428571428572,-1.0722732203347343,0.08050798,-4.567701,0.03888007,0.038393892,0.0006708959
1965000,4.4025526,-0.5903678,0.00029999999,-1.5853574707289226,427.6666666666667,-1.615460331467065,0.09417454,-4.5254416,0.04512135,0.045822404,0.00067607325
1970000,4.354555,-0.2066915,0.00029999999,-1.2869747573975474,225.6,-1.29573041058722,0.085826,-4.5013084,0.040074635,0.040109653,0.0006888049
1975000,4.205159,-0.4516414,0.00029999996,-1.4084908170524337,244.91304347826087,-1.3930373893429835,0.094385825,-4.4229,0.045413308,0.04517775,0.00072050263
1980000,4.220855,-0.771858,0.00029999996,-1.3290388178701202,240.93333333333334,-1.3290388084948064,0.09298254,-4.386838,0.044964254,0.043809596,0.00075150025
1985000,4.3824134,-0.8019107,0.0003,-1.4351350819561048,301.25,-1.4402893722057342,0.0942841,-4.325258,0.045773912,0.045493912,0.00078432914
1990000,3.9230072,0.13483371,0.00029999996,-1.5262819888097618,333.2352941176471,-1.5169230202833812,0.12811755,-4.295963,0.06392245,0.062116392,0.0008099496
1995000,4.1710415,-0.4192373,0.00029999999,-1.3430363326398138,251.11111111111111,-1.353317358476274,0.082559794,-4.284634,0.039342683,0.03855679,0.00082616764
2000000,4.193366,-1.0677212,0.00029999999,-1.3927867705087094,230.0,-1.3740761031707127,0.10389402,-4.2942944,0.050688732,0.050342113,0.00083978975
2005000,4.334738,-1.5511574,0.0003,-2.0980143814813346,654.5,-2.098014384508133,0.07002478,-4.291825,0.034038447,0.033875674,0.0008486339
2010000,4.2831874,-2.0960238,0.00029999999,None,None,None,0.046860434,-4.2625523,0.022359487,0.02233373,0.00084475416
2015000,4.1825843,-1.8633622,0.00029999996,-2.2088981264581284,848.6666666666666,-2.208898146947225,0.040519025,-4.2602615,0.019702727,0.019703293,0.0008369448
2020000,4.1286297,-1.6985661,0.0003,-1.8286045617423952,515.0,-1.8286045690377553,0.025340766,-4.227562,0.012196124,0.012200436,0.0008088161
2025000,4.2896748,-1.4705484,0.00029999996,None,None,None,0.004815186,-4.2166133,0.0023108341,0.002276886,0.00076667714
2030000,4.3021007,-1.8798873,0.00029999999,None,None,None,0.0024678465,-4.2144394,0.001211584,0.0011426987,0.00073723047
2035000,4.277386,-1.724095,0.00029999999,None,None,None,0.0011533815,-4.2105293,0.00054430496,0.0005566165,0.0007201557
2040000,4.2707043,-2.0377374,0.00029999999,None,None,None,0.006442759,-4.222483,0.0033780332,0.0029648708,0.0007087511
2045000,4.272737,-1.8532318,0.0003,-6.595673229545355,4981.0,-6.595673233270645,0.0015364037,-4.2349606,0.0007030014,0.0007253361,0.00068940624
2050000,4.2060084,-1.9029831,0.00029999996,None,None,None,0.0005204365,-4.234763,0.0002473031,0.00025157936,0.000662831
2055000,4.215925,-1.9971339,0.00029999999,-8.448295263961578,4981.0,-8.44829527537028,0.00065246184,-4.201002,0.0003117315,0.0003189219,0.00063008384
2060000,4.2120266,-1.506193,0.00029999996,-9.085938616655767,4981.0,-8.974880378693342,0.00067129073,-4.184322,0.00031753906,0.00033025976,0.0006095059
2065000,4.192822,-2.0309465,0.00029999999,None,None,-9.53017172217369,0.0007288716,-4.1876535,0.00032238197,0.00036321834,0.00060411525
2070000,4.171449,-2.454126,0.00029999999,None,None,None,0.0005709723,-4.18171,0.000266207,0.00027978374,0.0005979961
2075000,4.17129,-1.8669428,0.00029999996,-8.957718621240929,4981.0,-8.957718558609486,0.00036881334,-4.157693,0.00016906302,0.00017597401,0.00058294984
2080000,4.134799,-2.4975605,0.0003,-7.314855247270316,4981.0,-7.314855232834816,0.00039917126,-4.1296234,0.00018248697,0.00019074902,0.00056075596
2085000,4.113002,-1.8366637,0.00029999996,None,None,None,0.00032537253,-4.109873,0.00015132385,0.00015712884,0.00054354215
2090000,4.102046,-2.3372235,0.00029999999,None,None,None,0.00028974703,-4.0887356,0.0001329669,0.00013690989,0.0005284654
2095000,4.086117,-2.4094112,0.00029999999,None,None,None,0.00026979743,-4.0777674,0.00012532457,0.00012726335,0.00051805074
2100000,4.066824,-2.5802457,0.00029999999,None,None,None,0.000235623,-4.0655856,0.00011002289,0.000111343004,0.0005072101
2105000,4.0401406,-2.3627977,0.0003,-7.090700910426676,3749.0,-7.090700939297676,0.0002145988,-4.0459847,0.00010014224,0.00010197677,0.00049366587
2110000,4.045394,-2.087846,0.00029999999,-5.258739664684981,2704.0,-5.258739709854126,0.0014023534,-4.0284815,0.0006827815,0.00068334356,0.00048091312
2115000,3.9763296,-2.112145,0.00029999999,-5.136575375683606,2875.875,-5.136575408279896,0.004190952,-4.003831,0.002037549,0.002032998,0.00046698892
2120000,3.9442713,-2.5703917,0.00029999996,-7.104428262868896,4100.2,-7.1044282734394075,0.014925375,-3.9684756,0.00729152,0.0072839083,0.00045526522
2125000,3.922238,-1.4311256,0.00029999999,-2.606651035935751,984.1428571428571,-2.606651042188917,0.015412997,-3.9457273,0.007598599,0.0075917942,0.00044877108
2130000,3.9796302,-1.3641683,0.00029999996,-1.896287377574481,688.5,-1.8962873369455338,0.022662891,-3.931058,0.0110443225,0.011037697,0.00044641463
2135000,3.7918384,-1.565882,0.00029999999,-1.4467301261611283,352.5,-1.4467301100492478,0.024352657,-3.9121852,0.012017269,0.011983258,0.00044837553
2140000,3.666661,-1.9963937,0.00029999996,-1.5624059009365738,421.6666666666667,-1.3638035414310603,0.027562581,-3.8807921,0.012997254,0.013051188,0.00045738503
2145000,3.7009988,-2.0309248,0.00029999999,-1.7416630042134784,535.5,-2.112215757369995,0.03198603,-3.8192453,0.015028728,0.01502155,0.00048173396
2150000,3.6866496,-1.8266249,0.00029999996,-2.0686561570619233,850.5,-2.2028928399086,0.043139864,-3.7641675,0.019332811,0.019329706,0.00050436344
2155000,3.5782895,-2.018602,0.00029999999,-2.346049201092683,1059.0,-2.2088392674922943,0.027139219,-3.679968,0.012867065,0.012887051,0.00051459664
2160000,3.6110902,-1.5007178,0.00029999996,-2.282774754636921,886.5,-2.2827747389674187,0.027408516,-3.62044,0.012723198,0.0126979,0.0005284147
2165000,3.441755,-2.0882218,0.00029999999,-1.5367855588556267,309.75,-1.5367855206131935,0.013906386,-3.5632706,0.006234347,0.006285235,0.0005344213
2170000,3.2550085,-2.0821495,0.00029999999,-2.3395463119726627,726.8,-2.339546340703964,0.01858057,-3.5186088,0.008782373,0.008757545,0.00054027076
2175000,3.4640288,-1.067555,0.00029999999,-2.4434932927501256,828.5714285714286,-2.4434932872120823,0.02787957,-3.445182,0.013205759,0.013282649,0.000561255
2180000,3.0035756,-0.977016,0.00029999999,-1.4545641413941566,335.77777777777777,-1.4545641425583098,0.032934662,-3.4330628,0.015486737,0.015502324,0.000583919
2185000,3.3847048,-0.43119323,0.00029999999,-3.60863940208219,1340.0,-3.8599019604069844,0.030631928,-3.3868349,0.013656842,0.013984285,0.00061312475
2190000,3.4666917,-0.16073965,0.00029999999,-1.3724237814402351,291.53846153846155,-1.4065221888678414,0.03520712,-3.3807254,0.016294323,0.016368385,0.00063870143
2195000,3.4694679,-0.45955172,0.00029999999,-2.681082816212438,1085.0,-2.681082785129547,0.03549099,-3.4537566,0.016233128,0.016345883,0.00064270326
2200000,3.3545127,-0.48273644,0.00029999996,-1.7143909223377705,406.5,-1.714390903711319,0.021898266,-3.4291484,0.0103634065,0.010447894,0.00064736267
2205000,3.250905,-0.011212041,0.00029999999,-1.9634829846168445,593.6363636363636,-1.9634829800237308,0.022562552,-3.4311018,0.010635145,0.010655817,0.0006577437
2210000,3.5397055,-0.15696628,0.00029999999,-1.2139517257455736,214.25,-1.2139516919851303,0.019394048,-3.437486,0.009154281,0.00920229,0.00067041465
2215000,3.4595351,-0.3809583,0.00029999999,-2.8455360243484997,989.6666666666666,-2.845536013444265,0.015722759,-3.437131,0.0073587657,0.00736852,0.00068218977
2220000,3.3214254,-0.06405877,0.00029999999,-3.0204025903716682,1065.4,-3.0204025983810423,0.019073853,-3.4076405,0.009033164,0.009094303,0.0006921816
2225000,3.405452,-0.51133406,0.0003,-1.9095246150391176,535.3333333333334,-1.9095246146122615,0.02179105,-3.4178047,0.010429741,0.010498265,0.00069936615
2230000,3.2634683,-1.1916469,0.00029999999,-1.9486456624581479,523.75,-1.948645681142807,0.021300385,-3.4012058,0.010148187,0.0102210855,0.0007027046
2235000,3.311128,-1.2614709,0.00029999999,-6.239974662195891,2646.5,-6.23997475206852,0.020921165,-3.3385823,0.010090402,0.010092321,0.00069991115
2240000,3.2351587,-0.8960225,0.00029999999,-2.0635465513914824,622.25,-2.063546545803547,0.014543431,-3.2848203,0.0068112165,0.006817584,0.0006945376
2245000,3.2960231,-0.5285344,0.00029999999,-3.7186097138328478,1451.75,-3.718609720468521,0.015183975,-3.2676253,0.00714875,0.0071747885,0.0006897202
2250000,3.010097,-0.38821208,0.0003,-2.1543929788084433,615.6428571428571,-2.154392985360963,0.019547503,-3.2446518,0.0093661,0.009360826,0.00068823626
2255000,3.123092,-0.30808407,0.00029999999,-2.280835021031089,647.2,-2.2808350056409834,0.04648122,-3.2066815,0.022569608,0.022604367,0.000689493
2260000,3.1359658,-0.29204863,0.00029999999,-1.7188381087500602,489.5,-1.653911507791943,0.025597334,-3.2181172,0.01243657,0.012468831,0.00069606444
2265000,3.1581686,0.04691318,0.00029999999,-1.3345251247131575,328.1666666666667,-1.472904045666967,0.027148211,-3.2005868,0.012724563,0.012767156,0.0007144583
2270000,2.9481437,-0.7519604,0.00029999999,-1.6501704830152448,476.625,-1.650170486420393,0.030686831,-3.1430717,0.014381535,0.014513369,0.0007241267
2275000,2.6679688,0.79390436,0.00029999999,-1.8820054639973456,500.2857142857143,-1.90411429554224,0.030383429,-3.1038399,0.014459638,0.014496235,0.0007364523
2280000,3.0651426,1.2390982,0.0003,-1.305118640798711,219.1304347826087,-1.310731574272116,0.03965398,-3.0879447,0.018870784,0.018412571,0.00074912875
2285000,3.1077092,1.3194479,0.00029999999,-1.2118007931043393,197.4,-1.2118008196353913,0.052906018,-3.0842159,0.024892645,0.024702549,0.00076298724
2290000,3.0579455,0.32635728,0.0003,-1.4081697909006228,291.2,-1.408169800043106,0.045795783,-3.081582,0.021240242,0.021214722,0.00078637636
2295000,3.0130937,1.077955,0.00029999996,-1.5491543382561455,308.8666666666667,-1.5491543332735698,0.043720543,-3.0919633,0.02062714,0.020445697,0.0008227143
2300000,2.87899,1.3425008,0.00029999999,-1.3611937266541645,320.3888888888889,-1.3611937363942463,0.043513022,-3.0879672,0.020556148,0.02028107,0.00085383456
2305000,3.0094674,1.6109891,0.0003,-1.2778816981350674,268.0,-1.277881696820259,0.036435865,-3.0652916,0.017411465,0.01710654,0.00087188487
2310000,2.9595053,1.3681778,0.00029999996,-1.3532268560666125,323.0,-1.3532268460839987,0.03695745,-3.0438602,0.017384693,0.017363798,0.0008920762
2315000,2.9472084,1.2650278,0.00029999999,-1.4333617497536846,323.47058823529414,-1.3237464260309935,0.03977722,-3.0112383,0.018656623,0.018798925,0.0009224159
2320000,2.8902316,2.1855695,0.00029999999,-1.3366874786888194,295.47058823529414,-1.463888455839718,0.04029538,-2.995731,0.019268733,0.019541088,0.0009423987
2325000,2.993281,1.7205935,0.00029999999,-1.251567214052193,262.9,-1.240768272961889,0.04746884,-3.0190349,0.02228617,0.022444826,0.00095610094
2330000,2.7889118,1.2288407,0.00029999999,-1.3897370624888157,303.7857142857143,-1.389737063220569,0.035163928,-3.0233057,0.016477803,0.016576713,0.0009872185
2335000,2.7634816,1.6774057,0.00029999996,-1.4069732198113343,318.9375,-1.4069732278585434,0.029686159,-3.0301652,0.014327877,0.014338961,0.0010122479
2340000,2.8844688,1.6708323,0.00029999999,-1.1421254742336238,245.61904761904762,-1.1336673319339752,0.028226893,-3.044418,0.013512432,0.01353536,0.0010346108
2345000,2.7511199,1.5604908,0.0003,-1.2860517351800809,290.3125,-1.2758207898586988,0.03256245,-3.0203393,0.015731845,0.015652154,0.0010509973
2350000,2.874971,0.91788346,0.00029999999,-1.2267656991956755,330.1,-1.2751942530274392,0.03768222,-2.9851155,0.018336011,0.018377375,0.0010581971
2355000,2.625683,0.72543,0.00029999999,-1.5057779131069158,378.8888888888889,-1.457882629500495,0.026966065,-2.975501,0.011860428,0.011675524,0.0010635698
2360000,2.6554909,1.6340443,0.0003,-1.327972613317384,229.04545454545453,-1.3507917419723843,0.028839586,-2.9454591,0.013760879,0.0137130385,0.0010728313
2365000,2.7170155,1.0632836,0.00029999996,-1.4590734611128402,314.1764705882353,-1.4394129980355501,0.03198596,-2.8970032,0.014913642,0.01493841,0.0010895876
2370000,2.6858144,1.1743625,0.00029999996,-1.3551341014448552,309.06666666666666,-1.3812908045947552,0.026464796,-2.8700826,0.012324746,0.012343338,0.0011074794
2375000,2.8169081,1.4378996,0.00029999999,-1.425225244506317,294.4117647058824,-1.4233072511851788,0.029532354,-2.8952956,0.013764208,0.013731547,0.0011139989
2380000,2.3146427,1.0608997,0.00029999999,-1.304240667560537,225.14285714285714,-1.3131588598092396,0.024866318,-2.8848104,0.011306289,0.011336089,0.0011176828
2385000,2.270254,1.8690144,0.00029999999,-1.4594149455750505,337.53846153846155,-1.4457875138946943,0.030041277,-2.8652477,0.013791928,0.014227321,0.0011240082
2390000,2.6057339,0.90866137,0.00029999999,-1.5074456392820659,392.57142857142856,-1.5074456525700433,0.019973844,-2.87821,0.009477728,0.009386885,0.0011237256
2395000,2.5620973,1.2620451,0.00029999999,-1.3292293929698644,248.375,-1.3292293958365917,0.02343161,-2.826033,0.010275026,0.010445451,0.0011225429
2400000,2.6542244,1.2802944,0.00029999996,-1.5139722619083171,339.2105263157895,-1.5330615548623934,0.018240461,-2.8087819,0.008107015,0.008161601,0.0011170484
2405000,2.6477435,1.6030167,0.00029999999,-1.3395313788205385,296.70588235294116,-1.3590996633557713,0.020411203,-2.7755868,0.009389593,0.009352666,0.00111288
2410000,2.610791,1.6353716,0.00029999999,-1.4146145522916833,294.3076923076923,-1.373406633734703,0.02040519,-2.744496,0.009394736,0.009439348,0.0011121938
2415000,2.4706404,1.6174828,0.00029999999,-1.389322103891412,283.70588235294116,-1.3893220819094603,0.01792707,-2.745814,0.008266909,0.008240897,0.0011157235
2420000,2.423742,1.4636414,0.00029999999,-1.334422692609951,275.73333333333335,-1.3344226936499277,0.020333825,-2.754755,0.009195942,0.009110459,0.0011116059
2425000,2.5248568,1.1315247,0.00029999996,-1.535866167504407,482.42857142857144,-1.5358661700572287,0.022775466,-2.7103753,0.010090539,0.010132453,0.0011038864
2430000,2.5488842,1.5105116,0.00029999999,-1.571408237115695,396.7692307692308,-1.490723152955373,0.018370934,-2.6733112,0.008374996,0.008450664,0.0011050488
2435000,2.4265745,1.8360982,0.00029999999,-1.4941555862751557,299.0,-1.5556540445369833,0.020079201,-2.669139,0.009564313,0.009583065,0.0011068527
2440000,2.4939067,1.478615,0.00029999999,-1.251821063720854,342.1666666666667,-1.1938153911720624,0.021468937,-2.6446264,0.009863744,0.010100728,0.0011169564
2445000,2.3252013,1.680379,0.00029999999,-1.5510316226032697,414.42857142857144,-1.5736217319965362,0.01902458,-2.6079564,0.008613628,0.0088793235,0.0011381868
2450000,2.4329839,1.9688706,0.0003,-1.5586443935753778,329.35714285714283,-1.5586444033043725,0.017156618,-2.591065,0.0076817493,0.007767909,0.0011557373
2455000,2.5335712,1.6558368,0.00029999999,-1.5177594547276385,484.375,-1.5177594497799873,0.016913712,-2.5792372,0.007758346,0.007737608,0.0011485416
2460000,2.4416554,1.1614959,0.0003,-1.1707370165386237,481.75,-1.1707370057702065,0.013994363,-2.5453162,0.006379429,0.0064288676,0.0011425407
2465000,2.2455497,1.2117618,0.0003,-2.9649001169018447,1037.5,-2.9649001210927963,0.012345258,-2.5132527,0.0054786047,0.005504052,0.001127531
2470000,2.3813055,1.2742685,0.00029999999,-3.2857562182471156,1352.0,-3.285756210486094,0.012421525,-2.47547,0.0057023834,0.0057103056,0.001105804
2475000,2.42037,1.277362,0.0003,None,None,None,0.01080387,-2.4390864,0.005117623,0.0050180494,0.0010924004
2480000,2.3503652,1.2884554,0.00029999999,-4.933756951242685,2356.0,-4.933756977319717,0.009966527,-2.4043896,0.00482312,0.0048028994,0.0010803794
2485000,2.3092012,1.5074252,0.0003,-1.9721054714173079,657.5,-1.9721054434776306,0.008727322,-2.3754783,0.0040796967,0.004069374,0.001065314
2490000,2.4043787,1.3599548,0.00029999999,None,None,None,0.008843021,-2.371137,0.0041733677,0.004195772,0.001039252
2495000,2.1859076,1.2655054,0.00029999999,-6.378937763472398,2891.3333333333335,-6.378937716285388,0.008447929,-2.343588,0.004011089,0.0039864187,0.0010120712
2500000,2.3272777,1.2036139,0.00029999999,-4.444767196779139,1943.75,-3.614657868941625,0.0095884595,-2.3281693,0.0044995993,0.0045131007,0.0009759899
2505000,2.144262,1.4485397,0.00029999999,-3.293831978445976,1446.2222222222222,-3.6579583272337914,0.011344073,-2.295368,0.0052373926,0.005269416,0.0009539749
2510000,2.201971,1.3082998,0.00029999999,-1.66618066621013,407.7,-1.6661806300282478,0.012355102,-2.2952566,0.005711889,0.0057762824,0.0009456307
2515000,2.2298825,1.4415857,0.0003,-2.03773098232341,656.125,-2.037730948999524,0.016780132,-2.2910287,0.007914465,0.007957108,0.00093789195
2520000,2.1300526,1.1176413,0.00029999996,-1.8486049930631583,455.0,-1.8486050154481615,0.018558985,-2.2739646,0.008629796,0.008688519,0.0009340468
2525000,2.3152516,1.5018194,0.00029999999,-2.0914258146076463,699.5,-2.091425783932209,0.018964252,-2.260826,0.008525777,0.008589253,0.0009446471
2530000,2.1517596,1.0832222,0.00029999999,-2.7155019158031792,1066.0,-2.7155019342899323,0.0122799305,-2.2596965,0.0055634324,0.0056114434,0.0009658022
2535000,2.0346148,0.87604356,0.00029999999,-2.1470570949992784,768.0,-2.147057145833969,0.012005383,-2.213497,0.005449817,0.0054578884,0.0009704007
2540000,2.0735843,1.4511293,0.00029999999,-2.3239375218852527,731.6666666666666,-2.3239375253518424,0.0137495175,-2.1723835,0.006208832,0.0062805726,0.00097201485
2545000,2.002672,1.4758035,0.0003,-2.3873472955892794,725.375,-2.435846111178398,0.013190979,-2.161914,0.005720864,0.0059239287,0.0009760713
2550000,2.091089,1.7318966,0.0003,-1.5717804704506237,356.84615384615387,-1.578072258404323,0.017094085,-2.1657276,0.007961867,0.0081020305,0.0009808149
2555000,2.0333405,1.6380686,0.00029999999,-1.451826444012113,314.0,-1.4518264414121707,0.014522156,-2.167222,0.006431113,0.0065524424,0.0009836796
2560000,2.0926743,1.3189946,0.00029999999,-1.545261141827463,437.7857142857143,-1.545261127608163,0.017711153,-2.2036133,0.008111419,0.0082497075,0.0009820056
2565000,2.1474338,1.4939821,0.00029999996,-1.5658916736402633,410.8181818181818,-1.5449787616729735,0.020309474,-2.2299318,0.0091857985,0.00938604,0.0009775745
2570000,2.008939,1.5956537,0.00029999999,-1.549053224734962,368.92857142857144,-1.5641177495320637,0.018601507,-2.2269187,0.008845469,0.008895066,0.00097206805
2575000,2.1925921,1.5066627,0.00029999999,-1.7180543751067792,539.5,-1.7180543492237728,0.019694367,-2.201169,0.009090941,0.009210182,0.00097092555
2580000,1.967611,1.1852715,0.00029999999,-1.5241977256839163,585.8,-1.5241977542638778,0.01760462,-2.167375,0.008358898,0.008463099,0.0009876175
2585000,1.9905404,1.0085953,0.00029999999,-1.8818369143021603,562.1666666666666,-1.8818369557460148,0.0147122955,-2.129948,0.006851397,0.006895671,0.000999562
2590000,2.03772,0.8524051,0.00029999999,-2.2088673954463696,706.0,-2.2088674008846283,0.01520547,-2.10316,0.007111812,0.007158714,0.0010041156
2595000,2.0630856,0.90301126,0.00029999996,-2.627463490702212,748.0,-2.627463400363922,0.011714761,-2.06556,0.0053883283,0.005500066,0.0009965874
2600000,1.9304245,0.85164523,0.0003,None,None,None,0.010365997,-2.004029,0.004737685,0.004833129,0.0009857625
2605000,1.9137999,1.2697061,0.00029999999,-3.9583557848236524,1392.875,-3.9583558216691017,0.009562609,-1.99739,0.0044107144,0.0044964016,0.000973565
2610000,1.9087036,1.2910323,0.00029999999,-2.195857385452837,601.2,-2.19585739672184,0.0075200535,-1.9962023,0.0033572624,0.0035695722,0.00092151394
2615000,2.0916135,1.2035661,0.00029999999,-4.098033822281286,1487.6,-4.098033827543259,0.0062045627,-2.0144682,0.0028226916,0.0029428953,0.0008668582
2620000,2.011514,1.0808934,0.00029999999,-2.3946819555213943,780.0,-2.394681943314416,0.005999124,-2.0320833,0.0027620005,0.0028673601,0.0008268681
2625000,1.970428,1.0920146,0.00029999999,-2.3981351820596806,854.1111111111111,-2.398135162062115,0.007108718,-2.0513744,0.0031578087,0.003182483,0.0007889365
2630000,1.871583,1.2058327,0.00029999999,-1.827711611520499,512.8333333333334,-1.8277116095026333,0.006526796,-2.0746534,0.0029581268,0.003161887,0.0007647761
2635000,1.681407,0.88917965,0.00029999996,-1.4944374610356095,292.7826086956522,-1.509051038460298,0.011228026,-2.0401149,0.005017006,0.0053792507,0.0007379105
2640000,2.0190184,0.76872265,0.00029999999,-1.2267923669682608,191.44444444444446,-1.2214069977402686,0.016770078,-2.0094998,0.007490236,0.007846807,0.0007121388
2645000,2.0943286,0.4668114,0.0003,-1.2846705291885883,103.5,-1.2846704721450806,0.022270054,-1.9873147,0.0102778105,0.010640262,0.00070045836
2650000,2.0163593,0.021730043,0.0003,-1.8226554698776454,579.0,-1.8226554691791534,0.011653877,-2.0183434,0.0052801515,0.005515345,0.0006877925
2655000,1.8709278,-0.41281343,0.00029999999,None,None,None,0.008019206,-1.9905652,0.0037064431,0.0038400278,0.00066050136
2660000,1.9575433,-0.24066465,0.00029999999,None,None,None,0.008089296,-1.9828535,0.0038305651,0.003925812,0.00062694616
2665000,2.118919,-0.027321026,0.00029999999,None,None,None,0.0032270546,-1.991681,0.0015443949,0.0015537782,0.00059411157
2670000,2.0812051,-0.1190417,0.00029999999,-3.3115006505977362,1325.0,-3.3115006387233734,0.0018187086,-1.9911299,0.0008832459,0.00089234405,0.0005737685
2675000,2.16209,-0.2955821,0.0003,-0.8346381359733641,252.0,-0.8346381187438965,0.0024020963,-2.0296047,0.001181635,0.0011776165,0.00055089174
2680000,1.636949,0.5719947,0.0003,-5.266098981923682,2188.0,-5.506508181200308,0.0015611456,-2.0567973,0.00072475243,0.0007701805,0.0005289246
2685000,1.816144,0.46564198,0.00029999996,-1.5085656311130151,231.66666666666666,-1.4832253249791951,0.0048558433,-2.0530562,0.002216307,0.002264859,0.0005203975
2690000,1.8342365,0.4058783,0.00029999999,-1.6710099119726303,417.2142857142857,-1.6710099023101586,0.007999014,-2.0126765,0.0038085515,0.0038714434,0.00051532185
2695000,1.7551156,0.17061242,0.00029999996,-1.705297148663222,360.7647058823529,-1.6753585496917367,0.013419806,-1.9756982,0.006017163,0.0061055655,0.0005111656
2700000,1.8995044,0.60975766,0.00029999999,-1.5231560513077835,317.64285714285717,-1.5818690822592802,0.010504442,-1.9234174,0.004846285,0.0048639383,0.0005071788
2705000,1.8905617,0.32514513,0.00029999996,-1.8366949560845063,449.1111111111111,-1.7892586916685105,0.01322682,-1.9280034,0.00612529,0.0061718225,0.0005038992
2710000,1.5644047,-0.2518823,0.00029999999,-1.8102901083882899,486.3,-1.8102901250123977,0.011694364,-1.9411317,0.005274242,0.0053837956,0.0005023684
2715000,1.6351575,0.0040740166,0.00029999999,-1.5867233479420018,309.2631578947368,-1.5867233574390411,0.020223841,-1.9210232,0.00901052,0.009112567,0.0005004598
2720000,1.774551,0.054709654,0.00029999999,-1.912251052679494,412.6,-1.9122510254383087,0.012437534,-1.9160004,0.0052328305,0.0052030142,0.00049726584
2725000,1.7535187,-0.70271116,0.00029999999,-1.8581720039558907,377.6666666666667,-1.8581719746192296,0.0126862675,-1.9117354,0.0058702244,0.005936332,0.00048668226
2730000,1.8412958,-1.0496812,0.00029999999,-1.8548611444886773,523.4,-1.8548611372709274,0.011518459,-1.8943453,0.0053461445,0.005365302,0.00047716376
2735000,1.6223679,-0.2940357,0.00029999999,-2.741958258800547,904.7272727272727,-2.741958279501308,0.009329385,-1.8695136,0.0043437798,0.0044116103,0.00046796672
2740000,1.4361863,0.24131204,0.00029999996,-1.5756674841426215,341.4736842105263,-1.5786603920989566,0.0069862483,-1.8586019,0.003126462,0.0031424111,0.00046092249
2745000,1.5191904,0.2765462,0.0003,-1.4999270155611966,264.1666666666667,-1.5010779711760973,0.00961282,-1.8092804,0.004207724,0.0041944566,0.00045527707
2750000,1.5994813,0.17383574,0.00029999999,-1.4587529406300745,297.75,-1.4544184505939484,0.011523655,-1.77089,0.005044059,0.005073623,0.00045150967
2755000,1.5343602,-0.021933982,0.00029999999,-1.3876956063788384,182.06666666666666,-1.3587162792682648,0.012340959,-1.7295142,0.005780593,0.005763748,0.00045135224
2760000,1.3785945,-0.27282748,0.00029999999,-1.713108090897246,428.1666666666667,-1.7333150354142373,0.016404064,-1.720078,0.0075620776,0.00755883,0.000455969
2765000,1.5682932,-0.077847384,0.00029999999,-1.5907540865215088,372.29411764705884,-1.5988731728866696,0.014325517,-1.6903738,0.006465974,0.0064721187,0.00046536652
2770000,1.3836304,0.10448164,0.00029999999,-1.611607380085983,351.7692307692308,-1.600838883646897,0.015034315,-1.6736684,0.007011991,0.006967498,0.0004805752
2775000,1.6292313,0.0461822,0.0003,-1.4745933197638286,357.14285714285717,-1.4745933264493942,0.012144243,-1.6787986,0.0053674527,0.0053910934,0.0004937671
2780000,1.3286409,-0.40283063,0.00029999996,-1.5620897550354986,347.2352941176471,-1.562089766649639,0.010126426,-1.6810821,0.004378513,0.004365323,0.00050315895
2785000,1.6358571,-0.30772278,0.00029999999,-1.5033902610157384,260.25,-1.486913057168325,0.012401895,-1.6598316,0.005775966,0.005803707,0.00051428
2790000,1.4856535,-0.36471248,0.00029999999,-1.529495052746771,324.05882352941177,-1.5417757992529206,0.011397222,-1.6372155,0.0052939784,0.0053115906,0.0005252528
2795000,1.3083293,-0.018157236,0.00029999999,-1.4526214458746836,261.8888888888889,-1.452621467411518,0.010933026,-1.6286445,0.0050323955,0.005063169,0.00053376256
2800000,1.4546827,0.35048184,0.00029999999,-1.3741569990757854,272.2,-1.382866802968477,0.018017285,-1.6060877,0.008448603,0.008632606,0.00053673005
2805000,1.4060025,-0.18465966,0.00029999999,-1.4213773641450744,261.3888888888889,-1.4169297003083758,0.013307189,-1.6424052,0.006033354,0.0061311885,0.0005378456
2810000,1.5633043,-0.03165521,0.00029999999,-1.480538361487561,305.0,-1.4592261877324846,0.012365315,-1.6306548,0.0054800035,0.005484438,0.0005411609
2815000,1.2536827,-0.26539502,0.00029999999,-1.6311262240439344,376.4166666666667,-1.6311262473464012,0.008952201,-1.636128,0.0040667527,0.0041222153,0.000543729
2820000,1.3397002,0.06748037,0.00029999999,-1.6753204593949609,385.8421052631579,-1.6961922173698742,0.012257804,-1.5941919,0.0050221067,0.0050717327,0.00054577045
2825000,1.331623,0.3004078,0.00029999999,-1.4477553549222648,300.46666666666664,-1.4384974353015423,0.010693907,-1.56977,0.0045339665,0.0046744044,0.0005510607
2830000,1.368473,-0.2624955,0.00029999999,-1.7467254959379457,459.57142857142856,-1.673986716912343,0.010853967,-1.5512545,0.0048298086,0.0049587814,0.00055584236
2835000,1.3420275,0.27050546,0.00029999996,-1.6733342605229053,423.55555555555554,-1.8144320944945018,0.012270898,-1.5091503,0.005540073,0.0056171543,0.00056241115
2840000,1.507889,0.4414876,0.0003,-1.4303587346534745,380.0,-1.4669711142778397,0.0083941715,-1.5569086,0.003964026,0.0039432263,0.0005674643
2845000,1.3750076,0.20074664,0.00029999999,-1.3608277307025023,390.2857142857143,-1.3332051326831182,0.009550636,-1.5549794,0.0043917433,0.004415876,0.00056793354
2850000,1.495668,0.05483595,0.00029999999,-1.7904907867778093,466.0,-1.7904907763004303,0.00825314,-1.5470761,0.0039350227,0.0039420626,0.0005680518
2855000,1.3305944,-0.1849273,0.0003,-1.7425120995612815,883.0,-1.742512047290802,0.005702387,-1.5491306,0.0027316783,0.0027495099,0.00056783366
2860000,1.350879,-0.18585286,0.00029999999,-3.070261532906443,1157.0,-3.070261538028717,0.0067165415,-1.5094129,0.003203847,0.00321294,0.0005682788
2865000,1.1835979,-0.17943935,0.00029999999,-3.725006343331188,1540.0,-3.7250063717365265,0.0068832743,-1.41744,0.0030625202,0.0030655114,0.0005779173
2870000,1.2022249,-0.15681106,0.00029999999,-4.508291179547086,1770.5,-4.508291199803352,0.0047747125,-1.3277196,0.0022369542,0.002257611,0.0005991932
2875000,1.040132,0.2009218,0.00029999999,-4.345540499314666,1581.1818181818182,-4.345540488308126,0.00527638,-1.274353,0.0024189719,0.0024402116,0.0006150326
2880000,1.5742323,0.39545432,0.00029999999,None,None,None,0.006357089,-1.2723815,0.0029384878,0.0029955723,0.00062169624
2885000,1.5020615,0.15989551,0.00029999999,None,None,None,0.0057709366,-1.3061284,0.002699581,0.0027064863,0.00062531064
2890000,1.5345285,0.14492829,0.00029999999,None,None,None,0.004794082,-1.3390244,0.0022495463,0.0022192416,0.00062364776
2895000,1.5648891,0.15611444,0.00029999999,None,None,None,0.004227753,-1.4237747,0.00207743,0.0019465653,0.0006126354
2900000,1.5384853,0.26261258,0.00029999999,None,None,None,0.0028783327,-1.4825605,0.0013563377,0.0013574997,0.0005882705
2905000,1.5039415,0.01931208,0.0003,-9.762697516707703,3728.0,-9.762697532773018,0.0016016717,-1.5130212,0.0007734237,0.0007730717,0.00055033213
2910000,1.5397599,-0.10657345,0.00029999999,None,None,None,0.0012796582,-1.5072179,0.0006189071,0.0006174875,0.0005139798
2915000,1.605463,-0.3042212,0.00029999999,None,None,None,0.0010385463,-1.5226882,0.00048398893,0.00048654163,0.0004903888
2920000,1.5656579,-0.40018654,0.0003,None,None,None,0.0009126651,-1.5322125,0.0004423333,0.0004419639,0.0004741808
2925000,1.5558131,-0.44566664,0.00029999999,None,None,None,0.0009431932,-1.5291861,0.00044519646,0.00044404028,0.00044928922
2930000,1.5527917,-0.41248733,0.00029999996,-10.569535115268081,4981.0,-10.56953513622284,0.00043608662,-1.5440657,0.00021472889,0.00021264103,0.00043026445
2935000,1.5793376,-0.0029123724,0.00029999996,-11.38036458652156,4981.0,-11.380364576975504,5.0547358e-05,-1.5566605,2.0308426e-05,2.1569907e-05,0.00042289452
2940000,1.5453297,-0.5568869,0.00029999999,None,None,None,0.000110587556,-1.5451484,4.7374826e-05,5.159944e-05,0.00040610164
2945000,1.5699232,-0.719754,0.00029999999,None,None,None,0.00010382529,-1.5456835,4.6107434e-05,4.6639507e-05,0.00039149838
2950000,1.5710726,-0.8046242,0.00029999999,None,None,None,0.00010709791,-1.5501447,4.9925096e-05,4.943311e-05,0.00038487153
2955000,1.5606639,-0.86480814,0.0003,None,None,None,8.610165e-05,-1.5484189,3.859709e-05,4.0202132e-05,0.00037271332
2960000,1.5555567,-0.8822964,0.00029999999,None,None,None,6.8479356e-05,-1.544013,3.141e-05,3.119747e-05,0.00036090222
2965000,1.5558012,-0.9131576,0.0003,-9.725033914553933,4981.0,-9.725034102797508,3.0639156e-05,-1.548841,1.4223306e-05,1.3807547e-05,0.00035264977
2970000,1.5421808,-1.0589765,0.00029999999,None,None,None,3.1892178e-05,-1.5459082,1.4594872e-05,1.4834806e-05,0.00034620662
2975000,1.539977,-1.1199218,0.00029999999,None,None,None,2.6418298e-05,-1.5405854,1.2467173e-05,1.2009278e-05,0.00033899
2980000,1.5318816,-1.1861211,0.0003,None,None,None,2.5300384e-05,-1.5304837,1.1733715e-05,1.171267e-05,0.00032583514
2985000,1.521361,-1.2957083,0.00029999999,None,None,None,2.7955404e-05,-1.5218141,1.2237463e-05,1.2845476e-05,0.00031682328
2990000,1.5196593,-1.2704759,0.00029999996,-9.691670266911387,4981.0,-9.691670358181,2.396849e-05,-1.5170026,1.1185381e-05,1.1486803e-05,0.00031101366
2995000,1.5053676,-0.9205158,0.00029999996,-9.43875566784603,4981.0,-9.438755652970737,3.131132e-05,-1.5090674,1.4191258e-05,1.3895856e-05,0.00030311692
3000000,1.4904841,-1.2382599,0.00029999999,None,None,None,8.944772e-05,-1.4997152,3.688127e-05,4.1957435e-05,0.0002973492
3005000,1.490798,-1.2547562,0.00029999999,None,None,None,0.00010418042,-1.4954747,4.673411e-05,4.5252695e-05,0.00029379773
3010000,1.4845866,-1.2890195,0.00029999999,None,None,None,0.00011112893,-1.4840957,4.8046455e-05,5.1271563e-05,0.0002867557
3015000,1.4762974,-1.3248562,0.0003,None,None,None,0.00011495271,-1.4740206,5.248611e-05,5.4941633e-05,0.000278796
3020000,1.4715574,-1.2542626,0.00029999999,None,None,None,0.00010712841,-1.4701601,4.755401e-05,4.8962607e-05,0.0002757597
3025000,1.4732687,-1.3231815,0.0003,-8.288249799981713,4981.0,-8.288249745965004,2.0657699e-05,-1.4649701,9.215106e-06,9.194101e-06,0.00026992592
3030000,1.4439751,-1.3533078,0.00029999999,None,None,None,2.2338223e-05,-1.4575664,1.0285736e-05,9.946962e-06,0.00026279647
3035000,1.4357059,-1.3662484,0.00029999999,None,None,None,6.981136e-05,-1.4483763,3.297145e-05,3.2984568e-05,0.0002572706
3040000,1.4268693,-1.2605002,0.0003,None,None,None,0.00018684067,-1.4381752,8.6752414e-05,8.682176e-05,0.0002511043
3045000,1.4361264,-1.276839,0.00029999999,None,None,None,0.0004070114,-1.4286612,0.0001888641,0.00019123079,0.00024693596
3050000,1.4393141,-1.4350878,0.00029999996,-9.474265208467841,4981.0,-9.47426524758339,0.00062603154,-1.4200324,0.00029534448,0.0003002328,0.00024271283
3055000,1.421414,-0.8829006,0.00029999996,-8.851591543946416,4492.2,-9.695649839109844,0.00051825354,-1.4168156,0.00024255266,0.0002433169,0.00023728875
3060000,1.4037918,-0.8110904,0.00029999999,-1.2602942257653922,128.5,-1.258551796277364,0.000233936,-1.4153993,9.695217e-05,0.00010809084,0.0002344771
3065000,1.3738654,-1.3701481,0.00029999996,-1.1834984528832138,386.0,-1.1834983825683594,0.0012014841,-1.4089152,0.00055808475,0.00059363764,0.00023312458
3070000,1.3629762,-1.8096417,0.00029999999,-3.8444488430395722,1387.0,-3.8444488644599915,0.0015006209,-1.4017226,0.0007052753,0.0007147709,0.00023121988
3075000,1.1331799,-1.4808873,0.0003,None,None,None,0.0029225808,-1.3660725,0.0013084268,0.0013302203,0.00022940336
3080000,1.3637774,-1.9364748,0.00029999999,None,None,None,0.0063751624,-1.3157885,0.0028119194,0.0027996292,0.0002289453
3085000,1.3413452,-1.8340018,0.00029999999,-6.837688553379849,3358.0,-6.837688525517781,0.0031694428,-1.3141285,0.0014456363,0.0014570223,0.00022964845
3090000,1.366893,-1.9711051,0.00029999996,None,None,None,0.0041325265,-1.3068604,0.0019373671,0.0019421381,0.000230519
3095000,1.3970112,-1.844451,0.00029999999,None,None,None,0.0029249513,-1.3037301,0.001325738,0.0013353254,0.00023260394
3100000,1.3857483,-1.8731343,0.0003,None,None,None,0.0007478021,-1.3468977,0.00034948916,0.000348388,0.00023310076
3105000,1.3861917,-1.750889,0.00029999999,None,None,None,0.00043914636,-1.3615121,0.00019778253,0.00020058492,0.00023164588
3110000,1.3792758,-2.0208833,0.00029999999,-4.92795346386265,2517.0,-4.927953451871872,4.229309e-05,-1.3648486,1.9036883e-05,1.8708413e-05,0.00022687574
3115000,1.3607763,-1.7037932,0.00029999999,-7.196040746406652,3759.125,-7.196040710434318,0.0010227088,-1.3664572,0.0005035683,0.0005072265,0.00022083538
3120000,1.3712822,-2.1171823,0.00029999999,-9.838001978117973,4981.0,-9.838001891970634,0.0007436744,-1.3615491,0.00035440942,0.00035589584,0.00021549698
3125000,1.3651264,-1.9703375,0.00029999999,-9.827050329186022,4981.0,-9.827050268650055,0.000738482,-1.3586193,0.00035755313,0.00035844208,0.00021048891
3130000,1.3567584,-1.7951603,0.00029999999,-8.6304293256253,4981.0,-8.630429357290268,0.0002965695,-1.3547757,0.0001401534,0.00014372927,0.00020626753
3135000,1.3632196,-1.9821945,0.00029999996,None,None,None,0.00021303649,-1.348844,0.000101459846,0.00010458789,0.00020144506
3140000,1.3582159,-1.8864483,0.00029999999,None,None,None,6.348222e-05,-1.350867,2.8197626e-05,2.8280205e-05,0.00019788834
3145000,1.3532418,-2.1259782,0.00029999999,-9.102465288480744,4981.0,-9.102465182542801,7.337962e-05,-1.3473636,3.4748835e-05,3.4841647e-05,0.00019348209
3150000,1.3335546,-1.9727753,0.00029999999,None,None,None,7.3080075e-05,-1.3401455,3.5092664e-05,3.478318e-05,0.00018787645
3155000,1.3324809,-2.1935568,0.00029999999,None,None,None,9.195756e-05,-1.3357878,4.275951e-05,4.4553904e-05,0.00018440795
3160000,1.3303089,-2.3645537,0.00029999999,None,None,None,0.00010069757,-1.3275983,4.6089594e-05,4.642148e-05,0.00018027943
3165000,1.3361502,-2.3257494,0.00029999999,None,None,None,7.280529e-05,-1.3217359,3.458916e-05,3.5073648e-05,0.00017575585
3170000,1.3257519,-2.425782,0.00029999999,None,None,None,6.691872e-05,-1.3171648,3.1806143e-05,3.2145792e-05,0.00017248132
3175000,1.2933835,-1.7795382,0.00029999996,-6.181795104919002,3517.8,-5.714397172133128,9.170668e-05,-1.3126082,3.353202e-05,3.4129913e-05,0.00016919273
3180000,1.2763908,-1.8654252,0.00029999999,-4.309980190126225,2638.0,-6.33611232539018,0.00083696324,-1.3035187,0.0003468182,0.0003715481,0.00016600949
3185000,1.2737058,-1.8173054,0.00029999999,-4.282970765372738,2211.75,-4.282970763742924,0.0014809548,-1.2957977,0.00060860574,0.0006416652,0.00016322397
3190000,1.2531677,-1.7352868,0.00029999999,-5.165977835888043,2808.5,-5.165977820754051,0.0012884815,-1.2782142,0.00058489875,0.0005859305,0.00016004666
3195000,1.2924489,-2.2449324,0.00029999996,None,None,None,0.0022250277,-1.2675178,0.001004114,0.0010302513,0.00015887487
3200000,1.3016001,-2.087496,0.0003,None,None,None,0.0013543253,-1.2649105,0.000597008,0.0006110121,0.0001586292
3205000,1.2979438,-1.942018,0.00029999999,-7.234414053615183,4981.0,-7.234414130449295,0.00066087424,-1.274575,0.00028396433,0.00028325556,0.00015771865
3210000,1.2794726,-2.0873542,0.00029999996,None,None,None,0.00021029371,-1.2774941,9.7586715e-05,9.7313154e-05,0.00015576024
3215000,1.2820274,-2.169121,0.0003,None,None,None,9.28123e-05,-1.2799411,4.3828248e-05,4.3887467e-05,0.00015399314
3220000,1.2810577,-2.159265,0.00029999999,None,None,None,2.1400967e-05,-1.2786721,9.972214e-06,9.984749e-06,0.00014937058
3225000,1.277446,-2.1729665,0.00029999999,None,None,None,2.2193739e-05,-1.271674,1.0382584e-05,1.0244234e-05,0.00014347873
3230000,1.2710441,-2.0975657,0.00029999999,None,None,None,1.9697589e-05,-1.2661151,9.498209e-06,9.49123e-06,0.00013932603
3235000,1.2646947,-2.0379684,0.00029999999,-8.14937348314561,4981.0,-7.966640122234821,1.3500696e-05,-1.2649462,6.1156156e-06,6.2533004e-06,0.00013603232
3240000,1.2441097,-1.9463292,0.00029999999,-7.352409908315167,4981.0,-7.771702667077382,2.1099804e-05,-1.2567568,9.179675e-06,9.028605e-06,0.00013116375
3245000,1.2402518,-2.1238906,0.00029999996,-3.361205896246247,2570.0,-4.781613479057948,0.00018171692,-1.2453084,8.716466e-05,8.744093e-05,0.00012649178
3250000,1.1968194,-2.4004686,0.00029999999,-5.6777807439987855,3416.0,-5.677780742446582,6.0929357e-05,-1.2360032,2.5463733e-05,2.6969614e-05,0.0001243331
3255000,1.187628,-2.4242823,0.00029999996,-1.2422334728762507,97.0,-1.2422335147857666,0.00050290104,-1.2178093,0.00021556401,0.0002373717,0.00012350404
3260000,1.1829388,-2.6617408,0.00029999999,None,None,None,0.0014371618,-1.2046036,0.00069398707,0.0007050321,0.00012301563
3265000,1.1597384,-1.9424146,0.00029999996,-3.6491668637376278,1907.6,-4.224234156310558,0.0002720593,-1.1941257,8.1872924e-05,9.0091686e-05,0.00012285622
3270000,1.1413311,-1.3821344,0.00029999999,-2.371375568715545,976.3333333333334,-2.225307304944311,0.0020003533,-1.1753988,0.0009261095,0.00093414803,0.00012238676
3275000,1.1000742,-2.0444875,0.00029999999,-2.0638356785057113,496.0,-2.063835695385933,0.0022503682,-1.1534467,0.0010142778,0.0010167324,0.0001244925
3280000,1.1258225,-3.0023677,0.00029999999,None,None,None,0.0023338965,-1.1253787,0.0010656307,0.001072896,0.00012777833
3285000,1.0830468,-2.965843,0.00029999999,None,None,None,0.002900294,-1.11431,0.0013147282,0.0013309625,0.00013141092
3290000,1.0750761,-2.9812489,0.00029999999,None,None,None,0.0014292467,-1.0887685,0.0006399561,0.00063783035,0.0001345928
3295000,1.1074897,-2.985609,0.00029999999,-8.822134533314966,4981.0,-8.822134613990784,0.00048127346,-1.0874856,0.00017870576,0.00018778387,0.0001361312
3300000,1.1048893,-2.6009257,0.0003,-7.827075766050257,4981.0,-7.827075764536858,0.00013511558,-1.0859207,6.254455e-05,6.3570296e-05,0.0001356699
3305000,1.1001447,-3.0892015,0.00029999999,None,None,None,0.00014666094,-1.079945,6.785123e-05,6.7753404e-05,0.0001344508
3310000,1.0748937,-2.827032,0.00029999999,-4.822049652633723,2543.75,-4.822049648035318,0.00027358462,-1.0779892,0.000114482056,0.00011568839,0.00013338709
3315000,1.033041,-2.5681994,0.00029999999,-5.967111988614003,2926.0,-5.96711199482282,0.00057411275,-1.0778257,0.00026127274,0.00026787957,0.00013283406
3320000,1.0323898,-3.0209637,0.00029999999,-3.4863234751392156,1969.5,-3.4863235354423523,0.0011199651,-1.0614511,0.00044557903,0.000449622,0.00013245127
3325000,1.0345099,-2.8463287,0.00029999999,None,None,None,0.000834216,-1.0452261,0.00036038712,0.00036316118,0.00013153737
3330000,0.83904237,-2.645835,0.00029999999,-5.4405045134248216,2732.4,-5.003010660409927,0.0018240585,-1.0113684,0.0007661139,0.00078562775,0.0001314664
3335000,0.8996728,-2.39543,0.00029999999,-1.9793523381730276,667.5714285714286,-2.568634376994201,0.0031403834,-0.98480576,0.0013055127,0.0013212698,0.00013334135
3340000,0.7933838,-2.69198,0.00029999999,-1.4386408512613602,318.85714285714283,-1.399810817092657,0.0045051076,-0.950982,0.0019984108,0.0020003577,0.00013723428
3345000,0.86791027,-1.6799922,0.00029999999,-1.6508329905605374,337.7307692307692,-1.684829739232858,0.002776505,-0.94613606,0.0011476424,0.0011628807,0.00013897996
3350000,0.81897277,-2.431528,0.00029999999,-1.3641261652194183,219.23529411764707,-1.3513625828843367,0.011252926,-0.90096307,0.004857761,0.004869364,0.00014210414
3355000,0.8074311,-2.101912,0.00029999996,-1.4018141696229578,244.5,-1.401814191043377,0.010351277,-0.8918361,0.0044235536,0.0045119533,0.00014824861
3360000,0.83577895,-0.9181625,0.00029999999,-1.3398281966480587,207.17241379310346,-1.346830930028643,0.008928098,-0.89350945,0.003623032,0.003689806,0.0001525564
3365000,0.89618546,-1.9746761,0.00029999999,-1.1665202192186068,213.44444444444446,-1.1642433375120163,0.011334473,-0.8681571,0.0051508495,0.0051090512,0.0001632197
3370000,0.8688852,-3.0344846,0.00029999996,-1.4112609731964767,290.29411764705884,-1.4260652284137905,0.007967673,-0.87391657,0.0035244732,0.003442041,0.0001730817
3375000,0.8644999,-2.651429,0.0003,-1.3244112382392184,206.69230769230768,-1.3199752844296968,0.0062579233,-0.8866607,0.0029314656,0.0029667956,0.00017563692
