Steps,Policy/Entropy,Policy/Learning Rate,Environment/Cumulative Reward,Environment/Episode Length,Policy/Extrinsic Value Estimate,Policy/Extrinsic Reward
10000,1.4189384,0.00029970743,-1.008633884793412,53.65573770491803,-0.051477883,-1.0086196791994704
20000,1.4188981,0.00029909954,-1.008776702180179,53.66120218579235,-0.2813519,-1.0087601128823118
30000,1.418566,0.0002984979,-1.0085186289580121,53.86338797814208,-0.3725104,-1.0085441590658302
40000,1.4182217,0.00029789904,-1.0085710112560193,53.47540983606557,-0.46142513,-1.0085725868985953
50000,1.4182514,0.0002972979,-1.0087439536026472,54.63333333333333,-0.52807474,-1.0087671730253431
60000,1.418272,0.0002966997,-1.0089449643355133,55.089385474860336,-0.565729,-1.0089229907882347
70000,1.4182884,0.00029610228,-1.008893866341995,55.85795454545455,-0.6223035,-1.0088594296557756
80000,1.4180902,0.00029550085,-1.0090859712759401,56.97674418604651,-0.67979556,-1.0091237827788953
90000,1.4178334,0.00029490062,-1.008899906339296,56.7514450867052,-0.71004516,-1.0088968779999397
100000,1.4177223,0.00029429974,-1.0091387767650641,57.27906976744186,-0.72572327,-1.0091295782909837
110000,1.4177943,0.00029370014,-1.0088986702467924,56.54913294797688,-0.73728436,-1.008880926694484
120000,1.4177593,0.0002931008,-1.0091871166238835,57.923529411764704,-0.73940307,-1.0091980190838084
130000,1.4177951,0.00029250482,-1.010025444616622,61.5125,-0.7296653,-1.0100454457104207
140000,1.4176267,0.00029190516,-1.0094051947928078,58.44642857142857,-0.74187225,-1.0094208199353445
150000,1.4173975,0.00029130108,-1.0093582383054027,59.144578313253014,-0.7346372,-1.009343242070761
160000,1.417329,0.00029070207,-1.0098927949474734,60.96913580246913,-0.73241246,-1.0098810144412664
170000,1.4171942,0.0002901054,-1.0097693354423147,60.69135802469136,-0.7320232,-1.0097903712296192
180000,1.4168738,0.00028950363,-1.010240387003268,64.04516129032258,-0.7304515,-1.0102249647115733
190000,1.4168189,0.00028889923,-1.0102553309733049,65.11333333333333,-0.72636986,-1.0102851430311899
200000,1.4172531,0.00028830138,-1.0106119145750871,67.25342465753425,-0.7304389,-1.010567360544858
210000,1.4175957,0.0002877031,-1.01069860342814,67.0,-0.74132466,-1.0106850862503052
220000,1.4175043,0.00028710146,-1.011378841109719,70.09219858156028,-0.7259941,-1.011397195200548
230000,1.4172552,0.00028649758,-1.010553870257628,67.58219178082192,-0.74447674,-1.0105436917853683
240000,1.416968,0.00028589604,-1.0116480180590566,73.44776119402985,-0.7118044,-1.0116379696931412
250000,1.4168328,0.00028529967,-1.0121201503152406,77.21875,-0.6892688,-1.012140430510044
260000,1.4169879,0.00028469754,-1.0130123697395903,82.875,-0.6820937,-1.0130021035671235
270000,1.416914,0.00028409698,-1.01350602649332,86.55263157894737,-0.67958033,-1.0134965662370647
280000,1.4162202,0.00028350062,-1.014044520163831,91.36111111111111,-0.6735638,-1.0140520245940596
290000,1.4156806,0.0002828964,-1.0144947990428101,94.8173076923077,-0.666894,-1.0144406247597475
300000,1.4153904,0.00028229321,-1.015888873598063,103.98958333333333,-0.6546357,-1.01584750538071
310000,1.415107,0.0002816992,-1.0170800241609212,115.54651162790698,-0.6374513,-1.017108396042225
320000,1.414877,0.00028109815,-1.0171304315656677,112.01136363636364,-0.6665619,-1.017175562002442
330000,1.4147205,0.0002804981,-1.0202225214591853,139.90140845070422,-0.6141909,-1.020229888633943
340000,1.4144343,0.00027990504,-1.0220737769213883,154.9375,-0.5985785,-1.0219875946640968
350000,1.4142408,0.00027929997,-1.0255278878438843,177.9298245614035,-0.5885405,-1.0252990997804885
360000,1.4142021,0.00027869007,-0.9702729786084475,256.7631578947368,-0.44687748,-0.9705057816677972
370000,1.414061,0.00027809973,-1.0278106692534568,201.10204081632654,-0.44943216,-1.0277553083375097
380000,1.4138693,0.00027751943,-1.0310143311717819,232.30232558139534,-0.4123921,-1.0310211525343003
390000,1.4137777,0.00027691392,-1.0383038868227124,277.94117647058823,-0.31413895,-1.0380874230393342
400000,1.4137337,0.0002763033,-1.0434242672413614,286.20588235294116,-0.27087936,-1.043424259268624
410000,1.4135312,0.0002757062,-1.0370263700671785,254.025,-0.35717303,-1.0370263697113842
420000,1.4133896,0.00027509776,-1.038395810794444,279.05405405405406,-0.35139406,-1.0384280224744644
430000,1.4134715,0.00027450174,-0.9484661934140604,286.6333333333333,-0.30207363,-0.9513297450518415
440000,1.4135016,0.00027389338,-1.049635278979622,338.125,-0.22565077,-1.0496352748014033
450000,1.4135586,0.00027328846,-1.0564716501427869,386.0,-0.24042034,-1.0570411912351847
460000,1.4136544,0.00027268127,-1.0561309632267457,340.81481481481484,-0.22027795,-1.055634604900011
470000,1.4137664,0.00027207503,-1.058293733966601,378.2413793103448,-0.19628336,-1.0582937330392927
480000,1.4135545,0.00027150687,-1.0575047894750382,353.88461538461536,-0.17690928,-1.0580700910836458
490000,1.4131833,0.00027090748,-1.053795223317242,314.37142857142857,-0.2091429,-1.0535468701805388
500000,1.4129025,0.00027029126,-1.04994627857355,287.1212121212121,-0.25473243,-1.0505429279397835
510000,1.4127127,0.0002696878,-1.0546146811878618,322.3333333333333,-0.2807567,-1.0541559782500067
520000,1.4124029,0.0002690843,-1.0581611032636526,351.0,-0.33067444,-1.0577732060224778
530000,1.412057,0.0002684828,-1.0554757210442662,343.7857142857143,-0.22465675,-1.0554757215348738
540000,1.4117607,0.0002678982,-1.064046497112334,397.5416666666667,-0.34828332,-1.064046489385267
550000,1.4115119,0.00026730009,-1.0578089556695582,342.6,-0.26335344,-1.0572373810513267
560000,1.4113841,0.00026670034,-1.0601538272759203,331.6896551724138,-0.29650015,-1.0606281969075402
570000,1.4113106,0.00026610988,-1.0593813626303394,355.55172413793105,-0.25965074,-1.0587919625187558
580000,1.4110136,0.00026551404,-1.0565589303916096,354.22222222222223,-0.19014807,-1.057249135969739
590000,1.4107419,0.00026489756,-1.022149053961934,367.5,-0.28641865,-1.0221490402204485
600000,1.4106426,0.000264296,-1.0621708572481294,376.96,-0.2799892,-1.0621708711981774
610000,1.4105753,0.0002637021,-1.062764747943408,378.2413793103448,-0.3470326,-1.062764741287663
620000,1.4108013,0.00026309708,-1.049411046907254,286.27777777777777,-0.28488192,-1.0494110550110538
630000,1.4109969,0.00026249755,-1.049195320028553,289.94444444444446,-0.31108707,-1.04946311882564
640000,1.4109938,0.0002618905,-1.0454150759615004,295.35483870967744,-0.36853126,-1.0452403104281984
650000,1.4111158,0.00026129928,-1.050849196046681,316.48387096774195,-0.38207,-1.0509204025069872
660000,1.4110049,0.00026069945,-1.0507094827110202,325.8787878787879,-0.31711674,-1.0502445044165307
670000,1.4107269,0.00026009616,-1.0463680243154876,288.1212121212121,-0.20864923,-1.046888304326464
680000,1.4106443,0.00025949712,-1.0551435497001311,332.9655172413793,-0.24271788,-1.0552075669568564
690000,1.4104578,0.0002589081,-1.0434197210723402,284.14285714285717,-0.2805695,-1.0436955876648426
700000,1.4102212,0.0002583056,-0.9463093823598077,325.1666666666667,-0.31182197,-0.9463093850761652
710000,1.4098488,0.00025769428,-0.9429511859858134,356.42857142857144,-0.28072628,-0.942951177845576
720000,1.4096301,0.0002571007,-1.0449482508140198,331.62068965517244,-0.27156687,-1.044948230722341
730000,1.4094921,0.00025649642,-1.055293405345529,388.22222222222223,-0.3060892,-1.0552934104645695
740000,1.4095142,0.00025589723,-1.0664005334789788,378.25,-0.19954552,-1.066400539983685
750000,1.409481,0.00025529513,-1.0556457866248,337.4193548387097,-0.19627318,-1.0556457767923992
760000,1.4091239,0.00025468747,-1.0665030975673848,380.96153846153845,-0.2284864,-1.0665030965151696
770000,1.4087473,0.0002541016,-1.0617735025963546,358.42857142857144,-0.2320483,-1.0617734914911645
780000,1.4084492,0.0002535055,-1.0689163090253715,462.85,-0.23140731,-1.0689163052476942
790000,1.4081643,0.0002529066,-1.067795858596978,458.5652173913044,-0.23864716,-1.0677958575441786
800000,1.407929,0.00025231502,-1.0588513781204474,371.5925925925926,-0.29801488,-1.0588513756929725
810000,1.4077849,0.00025170183,-1.0571311132710737,412.4166666666667,-0.24815448,-1.0571311120099078
820000,1.4075646,0.0002511038,-1.0567036579746787,371.4074074074074,-0.25391835,-1.0561418208078697
830000,1.4073637,0.0002505124,-1.0539308887507235,368.9642857142857,-0.28357217,-1.0545302120133722
840000,1.4071716,0.0002498949,-1.0577358663722407,401.64,-0.31582588,-1.0577358589693904
850000,1.4067818,0.0002492859,-1.053166439346872,382.2083333333333,-0.29645455,-1.0529548290145139
860000,1.4065655,0.00024870696,-1.061667999170216,423.875,-0.3795855,-1.0615226201713086
870000,1.4067562,0.00024811827,-1.0740290677741817,423.8695652173913,-0.22439636,-1.0740290766824847
880000,1.4069332,0.0002475089,-0.9519721605566979,466.7391304347826,-0.24908642,-0.9486773732033643
890000,1.407013,0.00024691096,-1.0681846151637728,453.7,-0.2600747,-1.0661023840130794
900000,1.4071056,0.00024631858,-1.0582233775001861,393.53846153846155,-0.27463192,-1.0582233751909091
910000,1.4071842,0.00024569462,-1.0649793327756925,396.8333333333333,-0.29663566,-1.064979325591897
920000,1.4072148,0.00024508373,-0.9384421900793677,408.76,-0.23453596,-0.9384421919286251
930000,1.4071372,0.00024450393,-1.0413668385040689,286.8333333333333,-0.1828788,-1.0413668266911473
940000,1.4073001,0.00024390427,-1.0450992160336243,312.51724137931035,-0.2672568,-1.0450992173804292
950000,1.4071522,0.00024329677,-1.0567279663832427,429.65384615384613,-0.26233715,-1.0567052263021468
960000,1.4067668,0.00024270079,-1.0437918432968825,352.5925925925926,-0.26699045,-1.0442741571792535
970000,1.4065895,0.0002421031,-1.02286017015845,378.84615384615387,-0.24178275,-1.0228601678346212
980000,1.4063623,0.00024150658,-1.0544903761711557,365.7037037037037,-0.3096509,-1.0558054577559233
990000,1.4060048,0.00024091084,-0.9616644686087966,393.72,-0.2878021,-0.963919616304338
1000000,1.4057552,0.00024031388,-1.0443924549206927,302.5,-0.25795358,-1.0443924526848338
1010000,1.4055141,0.00023972303,-1.0461500176907672,315.1666666666667,-0.2728436,-1.0460778162011812
1020000,1.4053718,0.00023912564,-1.0488178058763995,330.5483870967742,-0.28384584,-1.0487998810131103
1030000,1.4053981,0.0002385104,-1.0527884915626298,339.4,-0.3054262,-1.0527884885668755
1040000,1.4054326,0.0002378907,-1.0469383412907036,310.11764705882354,-0.3773402,-1.046938345877125
1050000,1.4052446,0.0002372992,-1.053015044553904,361.68,-0.31722894,-1.053015053346753
1060000,1.405301,0.00023670719,-1.0564590053220924,369.7692307692308,-0.31343114,-1.0564590271992178
1070000,1.4055451,0.00023609791,-1.0685176388535182,459.5,-0.2678747,-1.0700222728283781
1080000,1.4057713,0.00023549573,-1.0692167002104085,425.0,-0.22153814,-1.0681707470544748
1090000,1.4060408,0.00023489886,-0.9786850953156924,425.4166666666667,-0.19644739,-0.9786851025031259
1100000,1.4062693,0.00023429611,-1.0517575612384826,382.08,-0.26461273,-1.0529651027948905
1110000,1.4064406,0.00023369797,-1.066290309501214,450.0,-0.25829092,-1.0650986254384571
1120000,1.4066806,0.0002330963,-1.052503155541042,376.0,-0.29182547,-1.052406310533675
1130000,1.4068103,0.00023250033,-1.0484753304418908,358.85714285714283,-0.26598266,-1.0485800435959265
1140000,1.406675,0.00023189282,-0.9798481193278787,350.8965517241379,-0.26176733,-0.9798481172785677
1150000,1.4065309,0.00023128735,-1.0712823171551977,453.9130434782609,-0.25934044,-1.0703036702153357
1160000,1.4065543,0.00023070339,-1.0641916205230784,415.22727272727275,-0.14865486,-1.0651962910355492
1170000,1.4066504,0.00023011208,-1.065281635634601,398.72,-0.20510457,-1.0654904245613859
1180000,1.4067165,0.00022951046,-1.0678533538699744,437.5,-0.22071706,-1.067622931940215
1190000,1.4067473,0.00022890426,-1.0597255482650574,422.22727272727275,-0.18102364,-1.060289306971042
1200000,1.4068108,0.00022830043,-1.0603588101607433,425.9230769230769,-0.26570302,-1.060104877948761
1210000,1.4066832,0.00022771393,-1.0601494969239205,406.40909090909093,-0.25449216,-1.0603158000687307
1220000,1.4067913,0.00022710845,-1.069252741687587,458.60869565217394,-0.29213542,-1.0689942631870508
1230000,1.406884,0.00022650475,-1.0686858120073641,423.5833333333333,-0.22381008,-1.0699704116129356
1240000,1.4066006,0.00022590716,-1.0554186767325378,374.7692307692308,-0.16482693,-1.0548157549152772
1250000,1.4066536,0.00022530166,-1.0594779469578623,354.7241379310345,-0.21545526,-1.0594779399448429
1260000,1.4068872,0.00022469646,-1.0581967278708224,325.6969696969697,-0.24600805,-1.058196721598506
1270000,1.4067831,0.00022409641,-1.052983726093155,310.35483870967744,-0.23662896,-1.0529471434652806
1280000,1.4063817,0.00022349363,-1.0512069845863152,285.05555555555554,-0.3329312,-1.0512846713331905
1290000,1.4063058,0.00022290618,-1.0496766594958238,271.969696969697,-0.33080631,-1.0496766604483128
1300000,1.4064347,0.00022231115,-1.0518718904821907,283.5135135135135,-0.37929252,-1.051871904247516
1310000,1.406178,0.00022170474,-1.0529898519514862,300.09090909090907,-0.34218913,-1.052690354292281
1320000,1.4058956,0.00022109965,-1.0551439851885387,311.52941176470586,-0.3680923,-1.055823717321105
1330000,1.4055568,0.00022050635,-1.0515508956784658,322.44444444444446,-0.26811484,-1.0511191828575517
1340000,1.4053948,0.00021991335,-1.0487231643857888,292.18918918918916,-0.3813633,-1.048761874747773
1350000,1.4055034,0.00021930468,-1.048187039894842,294.8484848484849,-0.38679355,-1.0481618214398623
1360000,1.4056216,0.00021869976,-1.053299254841066,329.19354838709677,-0.29507545,-1.053217800334096
1370000,1.4056407,0.00021809425,-1.054934071229162,355.7307692307692,-0.27225113,-1.0545962552229564
1380000,1.405567,0.00021749921,-1.0149449052946042,432.0952380952381,-0.21434383,-1.0171359450641004
1390000,1.405416,0.0002169069,-1.0526741916824982,431.04347826086956,-0.23303267,-1.052674200385809
1400000,1.4052491,0.00021629139,-1.069213573499424,459.5,-0.2662732,-1.0692135674286296
1410000,1.4052093,0.00021569325,-1.0652682816119825,439.2083333333333,-0.2584915,-1.0652682782383636
1420000,1.4052032,0.00021511319,-1.0661682220003665,393.5416666666667,-0.17903654,-1.0661682118661702
1430000,1.405087,0.0002145034,-1.0671644913589782,381.9642857142857,-0.20063601,-1.0671644993126392
1440000,1.4048977,0.00021389365,-1.0625276359915734,363.32,-0.22381906,-1.0625276360660791
1450000,1.4048153,0.00021329822,-1.0819139718549282,487.0,-0.28957254,-1.0819139730717455
1460000,1.4050543,0.00021268989,-1.074342665667443,446.60869565217394,-0.2293902,-1.0743426631164292
1470000,1.405387,0.00021209742,-1.076918978166456,451.3333333333333,-0.22198574,-1.076918972478736
1480000,1.4055007,0.00021149928,-1.065219320074123,376.4642857142857,-0.2079477,-1.0662637453664232
1490000,1.405315,0.00021090676,-1.079553288890405,491.88235294117646,-0.2060236,-1.0771903158682916
1500000,1.4050997,0.00021029607,-1.0652186874486507,462.28,-0.24128811,-1.0617666326773663
1510000,1.4050059,0.00020968288,-1.0681107110576704,473.8095238095238,-0.27621603,-1.0717451138929888
1520000,1.4048694,0.0002090986,-1.075125195230256,449.7391304347826,-0.23383711,-1.07642362088981
1530000,1.404781,0.00020850799,-1.0621562419037218,377.125,-0.23920281,-1.0615323862433435
1540000,1.4046204,0.00020790397,-1.0580657214741223,398.7037037037037,-0.28902134,-1.0580657325960972
1550000,1.4045919,0.00020730944,-1.0151872382266447,420.6818181818182,-0.26133725,-1.0151872390203855
1560000,1.4047872,0.00020670654,-1.0408294395587983,481.5238095238095,-0.25208858,-1.0408294365874358
1570000,1.4049777,0.00020609054,-1.0700970373873133,462.65,-0.25629434,-1.0700970488600432
1580000,1.405103,0.00020548147,-1.088600287141855,527.3333333333334,-0.24046756,-1.0893263982608914
1590000,1.4048977,0.00020488125,-1.0647834448178333,380.3333333333333,-0.17659709,-1.0651153906115465
1600000,1.4044734,0.00020430521,-1.0254545734676954,400.5238095238095,-0.1858362,-1.0254545711158287
1610000,1.4043396,0.00020371922,-1.0833752471555367,531.0526315789474,-0.24324346,-1.0833752356273563
1620000,1.4044042,0.00020310434,-1.0753724219310763,534.7142857142857,-0.3052975,-1.07537241785654
1630000,1.4045137,0.00020249278,-1.0647865890578427,433.9130434782609,-0.21320154,-1.0624414198947223
1640000,1.4044158,0.00020189442,-1.0592792802757078,395.0833333333333,-0.20275275,-1.061306763983642
1650000,1.4043298,0.00020129191,-1.0530293901633583,371.2068965517241,-0.20542453,-1.053463254445072
1660000,1.4044061,0.00020068942,-1.0400840745229896,311.48148148148147,-0.1982253,-1.04062173269423
1670000,1.4045271,0.00020010382,-1.0690932106602606,457.0416666666667,-0.28907615,-1.0697020564390265
1680000,1.4045801,0.0001995064,-0.9585038673936982,373.1363636363636,-0.17406054,-0.962703252049244
1690000,1.4045223,0.00019889447,-1.069996978440031,486.6666666666667,-0.2276676,-1.069996985179993
1700000,1.4044787,0.00019830975,-1.0805543769246844,546.1176470588235,-0.24029896,-1.0805543726857971
1710000,1.4043881,0.00019771575,-1.0711166039708426,512.8235294117648,-0.1580875,-1.0711166025961147
1720000,1.4041063,0.00019709973,-1.0704754956835962,482.69565217391306,-0.22569466,-1.0704754760245914
1730000,1.403756,0.00019650196,-1.0639433492365893,470.6190476190476,-0.20674086,-1.0639433470510302
1740000,1.4036254,0.00019590929,-1.0616565583290398,471.0,-0.21073177,-1.0616565598618417
1750000,1.4036874,0.00019530156,-1.0654994258601662,484.6190476190476,-0.24441086,-1.0654994330945469
1760000,1.4036993,0.0001946961,-1.0702914595665214,475.57894736842104,-0.21339777,-1.0702980336629682
1770000,1.4035554,0.00019410026,-1.0737318848632276,415.36,-0.17479299,-1.0758663850526016
1780000,1.4032699,0.0001934913,-1.062948216505228,389.4074074074074,-0.19040123,-1.0618027160907615
1790000,1.4030495,0.00019289533,-1.065134431346616,465.95454545454544,-0.2616766,-1.0651344485919585
1800000,1.4029872,0.00019231068,-0.9572823430862627,376.6666666666667,-0.3057111,-0.9572823527269065
1810000,1.4030956,0.00019170031,-1.0632569892636226,475.3636363636364,-0.23580666,-1.0632570009170608
1820000,1.4030851,0.00019108497,-1.0707329280153823,528.1666666666666,-0.23661895,-1.0707329183609948
1830000,1.4030674,0.00019048671,-1.073051677570523,529.4444444444445,-0.200208,-1.0730516812246707
1840000,1.4030123,0.0001898836,-1.076047559991275,552.05,-0.22882006,-1.0760475513525307
1850000,1.4029735,0.00018929556,-1.0757472203367797,553.0,-0.19879937,-1.0757472117547877
1860000,1.4027386,0.00018871471,-1.0889398027502466,589.4705882352941,-0.25642902,-1.0889397932983496
1870000,1.4023093,0.00018810372,-1.0752742092212428,516.2,-0.2003622,-1.0752742091193794
1880000,1.4021441,0.00018750016,-1.0759838950697385,498.3888888888889,-0.17073487,-1.075983875638081
1890000,1.4021366,0.00018689275,-1.0340584682389384,476.6666666666667,-0.16348112,-1.0340584805235267
1900000,1.4022796,0.0001862989,-1.0941077090301405,677.875,-0.20207494,-1.0956426233674088
1910000,1.4023246,0.00018572174,-1.0796230186282296,512.6363636363636,-0.21663317,-1.076072739013894
1920000,1.4022171,0.00018511861,-1.070298877931611,433.05882352941177,-0.21288109,-1.074681722972956
1930000,1.402049,0.00018450836,-1.0906066327131287,668.2142857142857,-0.22979662,-1.0906066210674388
1940000,1.4020163,0.00018391208,-1.0711524588465073,608.7058823529412,-0.19112839,-1.0711524478872032
1950000,1.4020272,0.00018331374,-1.0905201402039144,644.5294117647059,-0.1914678,-1.0932698630494997
1960000,1.4020095,0.00018270267,-1.0920130574926992,626.1111111111111,-0.23508772,-1.0896189113294608
1970000,1.4019929,0.00018209453,-1.0743058469549094,535.1333333333333,-0.21017069,-1.074305851260821
1980000,1.4020133,0.00018148746,-1.0906046856398461,629.7142857142857,-0.17350827,-1.090604700547244
1990000,1.4020152,0.00018089253,-0.9280982098902718,609.6111111111111,-0.20840947,-0.9280982008203864
2000000,1.4019322,0.00018030386,-1.0493242946839019,594.25,-0.24659331,-1.0488767831243182
2010000,1.4017897,0.00017969243,-1.0652916744553582,521.3684210526316,-0.2368551,-1.0649184217210859
2020000,1.4016292,0.00017909138,-1.0832889713312719,548.4117647058823,-0.22433585,-1.082663842360489
2030000,1.4014899,0.0001785044,-1.1098765091815344,702.2666666666667,-0.1937221,-1.1088399047148414
2040000,1.401382,0.00017789863,-1.0892811941739637,619.2857142857143,-0.1799059,-1.0892812061522688
2050000,1.4011722,0.00017729108,-1.0931191974120926,607.1176470588235,-0.19084279,-1.093119177419473
2060000,1.4009224,0.00017669745,-1.0736737589088634,476.8695652173913,-0.19989054,-1.0713881950148127
2070000,1.4008331,0.00017610747,-0.8839435847003188,536.5,-0.21472439,-0.8980619766037253
2080000,1.4007171,0.00017550349,-1.0823244129638432,556.3157894736842,-0.25355673,-1.0823244037792872
2090000,1.4005982,0.00017489349,-1.0666710085394395,416.3333333333333,-0.19757973,-1.0662705490527593
2100000,1.4006782,0.00017428858,-1.0809672660654455,505.57142857142856,-0.2520903,-1.0807361006736755
2110000,1.4009161,0.00017369761,-1.0648646771897683,426.3478260869565,-0.23352204,-1.0648646666465893
2120000,1.4009454,0.00017310181,-1.0693810148929646,467.3333333333333,-0.22809052,-1.069381011117782
2130000,1.4010578,0.00017249263,-1.0507336720360112,516.8947368421053,-0.24355002,-1.0469592809677124
2140000,1.4011762,0.00017190429,-1.0713306172674493,589.1875,-0.22904153,-1.0760509241954423
2150000,1.4010646,0.00017130071,-1.0656468079514092,493.57142857142856,-0.2853783,-1.064624124121937
2160000,1.4009521,0.00017069842,-1.0711984706244297,502.76190476190476,-0.29614323,-1.0726627516560256
2170000,1.4008664,0.00017010952,-1.0711878323381825,557.875,-0.23428944,-1.0694657575119944
2180000,1.4007258,0.00016950225,-0.9078396280790912,541.65,-0.26066253,-0.9078396351076663
2190000,1.4007543,0.00016891201,-0.9290610908550055,478.05555555555554,-0.23161705,-0.9290610846235521
2200000,1.4008522,0.00016831908,-1.0803276333008398,652.375,-0.2694024,-1.0803276326041669
2210000,1.4009464,0.00016770397,-1.1163428087747889,725.9166666666666,-0.20648444,-1.1163428192958236
2220000,1.4009787,0.00016710223,-1.0943934306107823,646.1111111111111,-0.24382399,-1.0943934427988198
2230000,1.400914,0.0001665005,-1.0909148167203446,558.4285714285714,-0.1422574,-1.0909148365525263
2240000,1.4007454,0.00016588537,-1.050226085189206,601.2,-0.19359562,-1.0502260872162879
2250000,1.4006525,0.00016529296,-1.084208124442739,581.1875,-0.18973644,-1.0813624246666829
2260000,1.4006152,0.00016469014,-1.090589757509406,647.375,-0.18059704,-1.0924770348938182
2270000,1.4006141,0.00016409419,-0.9412619233752291,633.8,-0.197684,-0.9430725148568551
2280000,1.4005703,0.0001635023,-1.0843700542318402,663.5833333333334,-0.16897726,-1.0832291113642545
2290000,1.4003955,0.00016289737,-1.0933204371182141,833.0769230769231,-0.16961923,-1.0933204316892302
2300000,1.4001505,0.00016230249,-1.1017328569778329,710.8125,-0.17423615,-1.1017328535672277
2310000,1.3999903,0.00016170742,-1.1285963238439185,865.7272727272727,-0.12315973,-1.1200291079469025
2320000,1.3999664,0.00016109516,-1.076025540426296,572.1666666666666,-0.14054209,-1.0833014803693484
2330000,1.3999832,0.00016050332,-1.0626360288355499,516.4,-0.15630133,-1.0626360514201223
2340000,1.3999659,0.0001599045,-1.026136204105569,594.5625,-0.20811017,-1.0261362048331648
2350000,1.3999158,0.00015928794,-0.9028762605908254,538.7368421052631,-0.19719844,-0.9028762559357443
2360000,1.3999478,0.00015869427,-1.0831596490043012,634.625,-0.21655035,-1.0831596575444564
2370000,1.3999634,0.00015810362,-1.0886598065505193,635.3333333333334,-0.15719405,-1.0886597976398964
2380000,1.399834,0.00015749504,-0.9584359968228253,675.9444444444445,-0.17812489,-0.9584359944177171
2390000,1.3995836,0.00015689929,-0.943281050844962,501.65,-0.18530217,-0.9432810477912426
2400000,1.3992509,0.00015630502,-0.957324838890186,510.3181818181818,-0.22557127,-0.952893866669564
2410000,1.3991456,0.00015569823,-1.065359126731945,452.5882352941176,-0.20419553,-1.0645266767177317
2420000,1.3990812,0.00015509599,-1.047213577137154,618.9,-0.25542718,-1.0472135776653886
2430000,1.3990375,0.00015449211,-0.7316764032856251,522.3333333333334,-0.16465184,-0.7316763988385598
2440000,1.399092,0.000153896,-1.0793095705264837,572.3684210526316,-0.16258453,-1.0793095693776482
2450000,1.3990897,0.00015329856,-1.0905036991150285,626.8571428571429,-0.18259321,-1.0905036922943379
2460000,1.3988999,0.00015269344,-1.0934293362273213,780.0,-0.16736609,-1.0934293513419107
2470000,1.398806,0.0001520971,-0.9054006650248387,713.3333333333334,-0.14315286,-0.905400670816501
2480000,1.3985833,0.00015150076,-1.0691545430858644,516.9444444444445,-0.14316233,-1.0691545496746484
2490000,1.398402,0.00015090128,-1.0346523744180256,587.8888888888889,-0.114940554,-1.0345570732127218
2500000,1.3983015,0.0001502926,-1.0996674596078395,691.2857142857143,-0.14145884,-1.0954411110530298
2510000,1.3982702,0.00014970443,-1.122440487701589,802.6923076923077,-0.15766259,-1.1224404970327249
2520000,1.3981985,0.00014911595,-1.0959981456592989,571.8,-0.15936995,-1.095998145143191
2530000,1.3981142,0.00014850868,-0.9632819016173017,720.6,-0.1370658,-0.9557988516587231
2540000,1.3979564,0.00014790361,-1.0764861653912634,708.5384615384615,-0.15332654,-1.0758832188855325
2550000,1.3978757,0.00014731027,-1.0372268113528011,793.3571428571429,-0.14911261,-1.0372268103861384
2560000,1.3979262,0.00014670836,-1.0434315657611781,638.8,-0.1535473,-1.0259744103199668
2570000,1.39797,0.00014611056,-1.1051314303497617,659.2142857142857,-0.12566932,-1.117311469838023
2580000,1.397983,0.00014551681,-1.111183119296374,780.5384615384615,-0.100479506,-1.1111831191497354
2590000,1.3979912,0.00014491701,-1.0702316670358414,808.4615384615385,-0.1365739,-1.0702316514574564
2600000,1.3978776,0.00014430462,-1.0777113861578982,684.3333333333334,-0.14965838,-1.0777113609015943
2610000,1.3976173,0.00014369197,-1.0885885558705013,622.9375,-0.1298922,-1.088588555692695
2620000,1.3974472,0.000143101,-1.0321464288591717,626.1333333333333,-0.13236444,-1.0321464243034522
2630000,1.3974634,0.00014251682,-1.0319616841860504,613.2666666666667,-0.14331819,-1.031961686660846
2640000,1.3975991,0.00014190056,-1.1118979370609547,727.7333333333333,-0.15391076,-1.1165487081078547
2650000,1.3977807,0.00014128798,-1.1019934885968854,697.3571428571429,-0.16847442,-1.0983130528281133
2660000,1.3978829,0.00014069426,-0.9752273040671403,805.1538461538462,-0.1898895,-0.9649087355161706
2670000,1.3979698,0.00014010897,-1.0789959789181012,778.25,-0.18162753,-1.0744353587118287
2680000,1.3979701,0.00013950981,-1.081178263790207,633.25,-0.23142909,-1.0854488160899456
2690000,1.3978845,0.00013888565,-0.9772489036452802,521.2857142857143,-0.19272588,-0.9772489002595345
2700000,1.3977674,0.00013828494,-1.0684857404481398,531.9473684210526,-0.2278624,-1.0684857405722141
2710000,1.3975855,0.00013769406,-1.0615942966846474,472.27272727272725,-0.22346747,-1.0631070940622263
2720000,1.3975065,0.00013709757,-1.0754886247295266,525.2666666666667,-0.2283551,-1.0726346806623042
2730000,1.3976011,0.0001365014,-1.0688591118281086,479.1904761904762,-0.21596986,-1.0688591102759044
2740000,1.3975772,0.0001359071,-1.0770771194505,506.8695652173913,-0.18431516,-1.0770771191657886
2750000,1.3976295,0.00013530263,-1.0818545666054553,530.8947368421053,-0.18368092,-1.0818545581086685
2760000,1.39763,0.0001347005,-0.9163264752874966,474.4,-0.15627828,-0.91632647709921
2770000,1.3973963,0.00013409086,-1.0671431317720195,490.4736842105263,-0.19454414,-1.066071281209588
2780000,1.3972783,0.00013349441,-1.0767017200445193,550.1052631578947,-0.22970009,-1.07718848134391
2790000,1.3973082,0.00013289915,-0.8876310813826017,563.8333333333334,-0.21919279,-0.8772094139610144
2800000,1.3973131,0.00013230919,-1.0925070350252402,649.9333333333333,-0.21522099,-1.0910715711613497
2810000,1.3972911,0.00013170957,-1.0765740511732904,507.2631578947368,-0.21765666,-1.0770618903450668
2820000,1.3972785,0.00013110168,-1.1349486316648836,921.3333333333334,-0.24158911,-1.1349486072237294
2830000,1.3972739,0.00013050465,-1.0809990127493316,573.3333333333334,-0.20725957,-1.0809990078210832
2840000,1.3972163,0.00012989309,-1.0735515143813765,629.1428571428571,-0.16788764,-1.0735515019457256
2850000,1.39706,0.00012929276,-1.0983261879365374,697.5,-0.22528067,-1.1016171323683333
2860000,1.3969417,0.00012870225,-1.0968931680181413,583.8333333333334,-0.11815769,-1.0926998674582977
2870000,1.3969,0.00012808798,-1.1220981014193967,945.3636363636364,-0.13496773,-1.1220980942757293
2880000,1.3968524,0.00012748133,-1.1098943111561919,809.4166666666666,-0.1412446,-1.1098942944469552
2890000,1.3968514,0.00012690053,-0.8171347351760089,661.3684210526316,-0.16131897,-0.817134737625326
2900000,1.3968395,0.0001263065,-1.0346587249781198,489.6666666666667,-0.20559369,-1.0346587346866727
2910000,1.3967685,0.00012571058,-1.0683037854149007,540.9,-0.24127288,-1.068303788267076
2920000,1.3966883,0.00012512994,-1.068629214216748,504.22222222222223,-0.2130134,-1.068629214540124
2930000,1.3967576,0.00012451154,-0.9678205039663761,647.0,-0.2078793,-0.9678205073098926
2940000,1.3966821,0.00012388892,-1.075894119309461,628.1428571428571,-0.18469474,-1.0758941587326782
2950000,1.3964981,0.00012330114,-1.0954368718375918,722.5833333333334,-0.1390041,-1.095436856422263
2960000,1.3962758,0.0001227103,-1.03833248577377,854.8181818181819,-0.070448175,-1.0383324760266326
2970000,1.3962682,0.00012210337,-0.9071185669374906,709.0909090909091,-0.093189456,-0.907118569212881
2980000,1.3964119,0.0001215112,-1.0981941568079492,840.75,-0.106770284,-1.0981941657373682
2990000,1.3965379,0.00012090842,-1.0771859277620024,732.8125,-0.10458814,-1.077185940288473
3000000,1.3965162,0.00012029224,-1.0869825083451967,646.6666666666666,-0.1165803,-1.0869825022916
3010000,1.3962597,0.00011968441,-1.0186648184298974,674.9375,-0.12683086,-1.0186648091766983
3020000,1.3958989,0.00011909838,-1.0411434971125952,813.1111111111111,-0.091820166,-1.0411434918642044
3030000,1.3957107,0.00011851605,-1.1334823477211304,1046.5555555555557,-0.12350371,-1.1334823393780324
3040000,1.3957336,0.00011791014,-1.1363261928625954,1002.1428571428571,-0.18857439,-1.1363261972687073
3050000,1.3958229,0.000117307325,-0.892007334072225,609.0,-0.0945944,-0.8920073377735475
3060000,1.3959259,0.00011670778,-1.0740010438353889,523.1428571428571,-0.109518975,-1.0740010291337967
3070000,1.3960149,0.00011610166,-1.0468465611159514,892.8461538461538,-0.13664469,-1.0378496951889247
3080000,1.3961018,0.0001155075,-1.0935505366293141,751.0,-0.11736463,-1.089172201947524
3090000,1.3960661,0.000114905364,-0.6916589950061669,641.7142857142857,-0.15033273,-0.7263302117586136
3100000,1.3958876,0.0001142981,-1.122368224651754,918.9090909090909,-0.15622401,-1.1223682172765785
3110000,1.3957247,0.00011370129,-0.8960215772489651,855.1428571428571,-0.16946363,-0.8960215865767428
3120000,1.3956193,0.00011311628,-1.1125860439206008,812.9,-0.13001384,-1.1125860407948494
3130000,1.3955584,0.00011251522,-1.018461422787368,591.8125,-0.16805972,-1.018461423984263
3140000,1.3955793,0.000111908324,-1.0813125632076452,650.8461538461538,-0.16284338,-1.0813125601181617
3150000,1.3956859,0.00011130474,-0.9572408654363244,584.45,-0.11016607,-0.9536627387922061
3160000,1.3958825,0.00011069625,-1.0793191938832427,569.0555555555555,-0.0957675,-1.076472157465392
3170000,1.3959675,0.000110086345,-1.0884146244944228,651.6666666666666,-0.14332712,-1.0884145957728226
3180000,1.3958743,0.00010949735,-1.1180144787867903,813.875,-0.10532568,-1.1180144904647022
3190000,1.3957957,0.00010890336,-0.942904434699033,819.1428571428571,-0.1349552,-0.9429044364286321
3200000,1.3958296,0.00010831103,-1.087531901502128,614.4,-0.162872,-1.0875318959355353
3210000,1.3957961,0.00010771046,-1.1207300083266232,878.3846153846154,-0.13329312,-1.1207300085001266
3220000,1.3956567,0.000107094595,-1.0997347074570523,750.8666666666667,-0.17298406,-1.0997347000365456
3230000,1.3955144,0.000106500374,-1.06015717615168,686.3529411764706,-0.17305337,-1.0601571818046711
3240000,1.3955647,0.00010592142,-0.9589250973582412,490.42857142857144,-0.18602833,-1.0658218355849385
3250000,1.3956472,0.00010531742,-1.062692632172002,543.9375,-0.12807848,-0.9308277999653536
3260000,1.3955351,0.00010470216,-1.0255313844318152,630.0625,-0.20742877,-1.025531388237141
3270000,1.3952892,0.0001040912,-1.0857159368499802,676.0666666666667,-0.19433917,-1.0857159449408451
3280000,1.3950665,0.00010348036,-1.0858330573000086,670.3846153846154,-0.18229954,-1.0858330748115594
3290000,1.3949059,0.00010287894,-1.0791934562821552,643.125,-0.14922263,-1.079193463025149
3300000,1.3949323,0.00010229832,-1.0752169984092081,593.2222222222222,-0.18271686,-1.0752169973630872
3310000,1.3948855,0.000101688616,-0.9121718051893468,557.0,-0.17082803,-0.9121717957572805
3320000,1.3947139,0.0001010747,-0.8646481994292117,804.9166666666666,-0.1600715,-0.8646481945179403
3330000,1.394564,0.00010050281,-0.9613726898884017,574.1764705882352,-0.12773758,-0.9537512002862059
3340000,1.3944036,9.992492e-05,-1.0885480225939925,634.7333333333333,-0.13724296,-1.0820113345980644
3350000,1.3943664,9.9313664e-05,-1.0921319717570441,659.7333333333333,-0.1715058,-1.0977091531967744
3360000,1.3943661,9.870054e-05,-1.0857077643345943,735.0,-0.151387,-1.0857077652721532
3370000,1.3943185,9.810888e-05,-1.0788088390555155,647.7333333333333,-0.13051982,-1.0788088398054243
3380000,1.3942518,9.750787e-05,-1.0761327727045031,564.0,-0.13463111,-1.0761327617136496
3390000,1.3941565,9.6897485e-05,-0.9527486350052641,735.0,-0.18438481,-0.9527486279340727
3400000,1.3940287,9.630679e-05,-1.0896662707656266,746.8235294117648,-0.19082938,-1.089666260735077
3410000,1.3939437,9.571545e-05,-1.0162184051425558,494.8888888888889,-0.2041074,-1.0162183951793446
3420000,1.3939265,9.510997e-05,-0.9417792623018613,708.3333333333334,-0.15685636,-0.9417792582263549
3430000,1.3939832,9.450051e-05,-0.8921782916992302,521.8421052631579,-0.15722013,-0.8921782817985666
3440000,1.3941172,9.3896575e-05,-1.104037367818819,794.1666666666666,-0.1558095,-1.104037351751079
3450000,1.3942292,9.330822e-05,-1.0853452616360943,630.4705882352941,-0.15759183,-1.086118597886525
3460000,1.3943125,9.269075e-05,-1.026939756295178,542.0,-0.20842074,-1.0292413605377078
3470000,1.3943433,9.208956e-05,-1.0833330919613218,571.5625,-0.15102306,-1.0839785718669495
3480000,1.3943566,9.149591e-05,-0.9490939881862788,491.1111111111111,-0.20541151,-0.9556496127165461
3490000,1.3943688,9.0905574e-05,-0.9622827787646272,772.8461538461538,-0.20853163,-0.9622827974649576
3500000,1.3944448,9.0327936e-05,-1.0849480436071255,704.2857142857143,-0.19838314,-1.0849480404119407
3510000,1.3943844,8.971991e-05,-0.8316679502895568,600.6111111111111,-0.15628073,-0.831667934026983
3520000,1.394308,8.9099856e-05,-0.9984551915350983,460.0769230769231,-0.17258896,-0.99348158814013
3530000,1.3943671,8.851287e-05,-1.076893304312502,654.6428571428571,-0.1412557,-1.0799534257501364
3540000,1.394436,8.79142e-05,-1.0216816910754212,682.2727272727273,-0.21959114,-1.0216816807673736
3550000,1.3945029,8.729887e-05,-0.7116023741658025,775.6153846153846,-0.22128339,-0.7116023783500378
3560000,1.3945713,8.6694185e-05,-1.0675468057676112,811.0,-0.2232036,-1.0675468194083526
3570000,1.3945472,8.609879e-05,-1.0934948949725367,722.3076923076923,-0.15575232,-1.093494865183647
3580000,1.3944882,8.550082e-05,-1.09097651607226,743.75,-0.17697059,-1.0963726052167742
3590000,1.3944466,8.4890125e-05,-1.1320206066108465,1007.25,-0.21525663,-1.1242974566725583
3600000,1.3944241,8.4284125e-05,-1.075169754351149,679.2307692307693,-0.15738879,-1.0751697623099272
3610000,1.394407,8.369226e-05,-1.1196279335330472,940.7,-0.12973717,-1.1196279136464
3620000,1.394408,8.309755e-05,-0.9271333029813832,761.0,-0.12577963,-0.9271333154290915
3630000,1.3944789,8.2490544e-05,-0.973051114280037,686.0588235294117,-0.17450511,-0.9730511125834549
3640000,1.3945389,8.189243e-05,-1.0119146272179653,629.2307692307693,-0.13688445,-1.011914630778707
3650000,1.3945593,8.1292295e-05,-1.1017952544711684,749.3333333333334,-0.15487312,-1.1017952583730222
3660000,1.3946038,8.06963e-05,-0.8401469672680832,539.1666666666666,-0.17135179,-0.8401469726943307
3670000,1.3946224,8.01063e-05,-1.0714508593674898,673.1428571428571,-0.19303714,-1.0714508569134134
3680000,1.394611,7.951302e-05,-0.9507384202561298,682.25,-0.18548985,-0.9507384161115624
3690000,1.3946346,7.891005e-05,-0.9385523760845119,591.7857142857143,-0.15718773,-0.9385523902518409
3700000,1.3946936,7.828425e-05,-0.9472448445058035,545.1875,-0.14381365,-0.9472448496380821
3710000,1.3947423,7.768036e-05,-1.070752332916634,706.0588235294117,-0.18443991,-1.07075232776868
3720000,1.3947248,7.710159e-05,-1.0146576194172006,847.4545454545455,-0.16586125,-1.0046848356723785
3730000,1.3946565,7.649114e-05,-1.0937517479718994,626.2857142857143,-0.1451779,-1.095127344628175
3740000,1.3946844,7.587734e-05,-0.9632137953868711,678.9411764705883,-0.20705916,-0.963213778593961
3750000,1.3947458,7.529859e-05,-1.0236433768344189,823.5833333333334,-0.13841571,-1.0236433846876025
3760000,1.39484,7.469634e-05,-1.095575890193868,792.1,-0.14815256,-1.0955758858472109
3770000,1.3949168,7.409638e-05,-0.8468847389674259,850.0909090909091,-0.10915079,-0.825937844067812
3780000,1.394885,7.350475e-05,-1.0329960297385696,806.5714285714286,-0.15279089,-1.0345532028004527
3790000,1.3948082,7.2900715e-05,-1.1239157414092915,882.25,-0.13197857,-1.1239157300442457
3800000,1.3947717,7.229955e-05,-1.1124055342410097,906.8181818181819,-0.12690134,-1.1124055360189893
3810000,1.3946891,7.17125e-05,-0.8228055826039053,792.5454545454545,-0.11749239,-0.8228055699305101
3820000,1.3945901,7.110315e-05,-1.096802701606066,785.6428571428571,-0.15498482,-1.096802712617708
3830000,1.3945352,7.048272e-05,-1.112586890263871,806.2,-0.16587007,-1.1125868890434503
3840000,1.3944969,6.9896036e-05,-0.8923816553506185,603.8333333333334,-0.1291455,-0.8923816552075247
3850000,1.3945246,6.930987e-05,-0.9874748603747734,878.2727272727273,-0.16084352,-0.9874748525802385
3860000,1.3945615,6.869994e-05,-0.9356941334287209,714.6666666666666,-0.17391215,-0.9356941321554283
3870000,1.394545,6.8094116e-05,-0.9329054017816816,857.5625,-0.16390397,-0.9329054073896259
3880000,1.3945268,6.7499095e-05,-1.013608588120685,742.9230769230769,-0.18138844,-1.0136086012308414
3890000,1.3945038,6.690797e-05,-1.0146614635072182,765.3,-0.15730788,-1.0146614924073218
3900000,1.3944926,6.630159e-05,-0.9621844432297318,762.6666666666666,-0.1361769,-0.9621844327698151
3910000,1.3944504,6.568561e-05,-0.729044161963975,904.1,-0.101911426,-0.7290441697463393
3920000,1.394369,6.508887e-05,-1.0894387526010785,777.0,-0.13373667,-1.0894387254181008
3930000,1.3942724,6.450273e-05,-0.8741178378147126,850.4615384615385,-0.15190597,-0.874117838505369
3940000,1.3941991,6.3895925e-05,-0.7258096383759819,820.7142857142857,-0.15348908,-1.1089981540571898
3950000,1.3941466,6.328798e-05,-0.6542981143982616,600.1333333333333,-0.13575205,-0.3922252416720285
3960000,1.3940797,6.270334e-05,-1.0218736797063943,654.5714285714286,-0.12237936,-1.021873681939074
3970000,1.3940389,6.2112704e-05,-0.7523620395630133,709.6666666666666,-0.16099876,-0.7523620401819547
3980000,1.3940526,6.151123e-05,-0.8886171412770636,597.4666666666667,-0.13994476,-0.8770489234344235
3990000,1.3940812,6.0913135e-05,-1.0462857153414427,872.0,-0.13790323,-1.0465919123962522
4000000,1.3941242,6.0310635e-05,-0.9034377348580165,627.8571428571429,-0.16004789,-0.8924601381071485
4010000,1.3941492,5.9707858e-05,-1.111690172731939,829.2307692307693,-0.12885009,-1.1070084920419114
4020000,1.3941258,5.910687e-05,-0.8600956126635234,687.5,-0.1479691,-0.8600955990453562
4030000,1.3941177,5.849939e-05,-0.9244124606981737,929.3333333333334,-0.1815317,-0.9244124656543136
4040000,1.3941339,5.7901092e-05,-1.120140853904013,857.2,-0.12603109,-1.120140865445137
4050000,1.3941408,5.7293917e-05,-0.978121583815664,941.0,-0.11292194,-0.978121569114072
4060000,1.3941168,5.6696907e-05,-1.1256975976648391,876.125,-0.093857795,-1.1256975999567658
4070000,1.3940775,5.6105033e-05,-1.0723611183472843,794.7857142857143,-0.1124279,-1.07236112082111
4080000,1.3940873,5.5502598e-05,-0.7579475866850072,788.0769230769231,-0.108780734,-0.7579475893424108
4090000,1.3940773,5.490898e-05,-1.0705149310354802,691.6666666666666,-0.12100284,-1.0705149149677406
4100000,1.39405,5.4319862e-05,-1.094637738961804,838.8666666666667,-0.14861672,-1.0946377447495859
4110000,1.3940797,5.3712112e-05,-1.0826165854923602,685.125,-0.162298,-1.08261659857817
4120000,1.3940717,5.3109212e-05,-0.8999094977013252,618.8333333333334,-0.12567106,-0.8999094841225693
4130000,1.3940138,5.2502746e-05,-1.0976763703012173,722.4285714285714,-0.17134628,-1.0976763549926025
4140000,1.3939381,5.1896335e-05,-1.1168238577520242,911.875,-0.10988239,-1.1168238625396043
4150000,1.3938835,5.1300176e-05,-1.0505915371836636,917.5625,-0.1528912,-1.0508646707981826
4160000,1.3938698,5.0701845e-05,-1.0112922084566283,567.25,-0.13688117,-1.0140000931345499
4170000,1.3938597,5.0100978e-05,-1.092856355201961,906.0909090909091,-0.10942099,-1.097862201044336
4180000,1.3938463,4.9508875e-05,-1.1259267612096244,879.0769230769231,-0.15174891,-1.1271905834571674
4190000,1.3937913,4.891224e-05,-1.0921469961813273,754.75,-0.13131772,-1.0848382367855973
4200000,1.3937443,4.8308346e-05,-1.184367776670519,1347.888888888889,-0.14432408,-1.1843677817119493
4210000,1.393753,4.769784e-05,-0.9396007459707714,745.0666666666667,-0.17951515,-0.9396007313082616
4220000,1.3937579,4.7099224e-05,-0.811921792497742,687.9,-0.098623045,-0.8119218088686466
4230000,1.3937584,4.650958e-05,-0.9582606974268296,895.6923076923077,-0.1482156,-0.9582606927276804
4240000,1.3937517,4.5898723e-05,-1.128266091243131,905.9,-0.15707423,-1.1282661048695446
4250000,1.3937407,4.5282824e-05,-0.8806957290184477,1259.111111111111,-0.1212755,-0.8453188382554799
4260000,1.3937111,4.4687124e-05,-0.9811140630303675,630.1111111111111,-0.20071286,-1.030487148091197
4270000,1.3936689,4.40837e-05,-0.8535478485349673,544.2307692307693,-0.15684763,-0.8122226553303855
4280000,1.3936572,4.349181e-05,-1.1053188180355522,874.9285714285714,-0.14824437,-1.1093454895397792
4290000,1.3936405,4.2909913e-05,-1.1113071712607052,725.0,-0.17048997,-1.1068198940215201
4300000,1.3935794,4.2298205e-05,-0.9123260893518038,900.7857142857143,-0.16334267,-0.9123260960248964
4310000,1.3935219,4.1685835e-05,-0.919371151071573,669.25,-0.1884766,-0.9118520956486463
4320000,1.3935113,4.1090123e-05,-1.0335068920057413,485.63157894736844,-0.16795768,-1.0334393974859268
4330000,1.3935149,4.0480907e-05,-0.9250494491123111,667.6923076923077,-0.13227123,-0.9250494341294353
4340000,1.3935028,3.9896197e-05,-0.892966602301749,852.7,-0.14080647,-0.8929666088428349
4350000,1.3935028,3.9308834e-05,-1.055744542832794,662.3571428571429,-0.18857032,-1.0557445364871196
4360000,1.3935175,3.871688e-05,-1.0716897136851913,833.7,-0.1814192,-1.0716897265054286
4370000,1.3935031,3.8125632e-05,-1.1421382847620407,1107.5,-0.19840828,-1.1421382727567106
4380000,1.3934973,3.750843e-05,-1.1414797283135927,1091.076923076923,-0.17659362,-1.1414797104035432
4390000,1.3935069,3.6903915e-05,-1.032611289047054,1068.875,-0.17510569,-1.0326112646143883
4400000,1.3934373,3.630723e-05,-1.145773223902714,1118.4285714285713,-0.12530623,-1.145773237305028
4410000,1.3933331,3.5693585e-05,-1.0709793396439635,1366.7,-0.12059426,-1.0709793394431473
4420000,1.3932698,3.508817e-05,-1.0969343290791065,793.8571428571429,-0.1398082,-1.096934320804264
4430000,1.3932455,3.449541e-05,-0.810095653992903,780.125,-0.09935464,-0.8100956743583083
4440000,1.3932358,3.390565e-05,-1.1403323253234703,1229.5,-0.113083914,-1.1403323389434565
4450000,1.3932115,3.3298376e-05,-1.078819076032512,563.7692307692307,-0.17643335,-1.0788190806141267
4460000,1.3931844,3.269766e-05,-0.8046007518590029,730.2857142857143,-0.13115895,-0.8046007653964418
4470000,1.3931433,3.209683e-05,-0.715776491657986,804.5833333333334,-0.14544733,-0.7157765113127729
4480000,1.3931159,3.1490923e-05,-0.9402380832694829,669.4615384615385,-0.13918173,-0.9402380922379402
4490000,1.3931226,3.090145e-05,-1.1208202806696395,1028.4285714285713,-0.1553984,-1.1208202776366047
4500000,1.3931745,3.0298874e-05,-0.7314468488131586,1152.2727272727273,-0.13959971,-0.7314468494362452
4510000,1.3932328,2.9701056e-05,-0.8976698409667454,891.4615384615385,-0.1438775,-0.8976698387414217
4520000,1.3932698,2.9109608e-05,-0.6795117746660253,718.6363636363636,-0.10929226,-0.6795117841525511
4530000,1.3932915,2.8497374e-05,-0.8960808892778005,914.1333333333333,-0.12737115,-0.8960809116562207
4540000,1.3933122,2.7876898e-05,-0.7871326595002301,615.0625,-0.1087793,-0.7643262922763825
4550000,1.3933135,2.7293638e-05,-1.1243814649933483,922.0,-0.10931175,-1.1249199989769194
4560000,1.3932954,2.670547e-05,-1.1288398007641913,980.0714285714286,-0.15974972,-1.1288398017973773
4570000,1.3932908,2.6111631e-05,-0.8906984736167942,739.4,-0.10952789,-0.8906985059380531
4580000,1.3932931,2.5520965e-05,-1.1463268019579118,1209.75,-0.12122754,-1.1463268222287297
4590000,1.3932828,2.4904864e-05,-1.1707353533459932,1209.8181818181818,-0.15004562,-1.170735352249308
4600000,1.3933164,2.430305e-05,-1.1279784559534165,991.0,-0.10308322,-1.127978459186852
4610000,1.3933369,2.3710612e-05,-1.0977067684275839,1004.0,-0.116405606,-1.0914914719760418
4620000,1.3933115,2.3109555e-05,-0.9858323494299839,957.625,-0.08338979,-1.005168743017647
4630000,1.3933034,2.2500742e-05,-1.034348528861301,882.6153846153846,-0.11924719,-1.027011684840545
4640000,1.3932726,2.1901276e-05,-1.1399795001052553,972.5,-0.09162919,-1.1374667618157608
4650000,1.3932284,2.1316398e-05,-1.162395762183587,1244.6,-0.16377462,-1.1623957603238524
4660000,1.3931978,2.0720336e-05,-1.096401191430535,961.7777777777778,-0.07643115,-1.0964011586167746
4670000,1.3931837,2.0098543e-05,-1.1008677489250356,825.25,-0.12014277,-1.1008677384040009
4680000,1.3931915,1.9491621e-05,-1.0440112190616284,1037.0714285714287,-0.14664246,-1.0440112056343682
4690000,1.3932124,1.8896979e-05,-0.6477467686650925,790.6,-0.1145678,-0.8942873407569196
4700000,1.3932233,1.829142e-05,-1.118611115296237,890.9230769230769,-0.13085717,-0.9192312459389751
4710000,1.3932129,1.770577e-05,-1.1163598325492785,1087.375,-0.100643985,-1.0966344585758634
4720000,1.3932087,1.71037e-05,-0.8954753356943415,727.7272727272727,-0.1623976,-0.9190709730610251
4730000,1.3932062,1.649583e-05,-0.7707146420616482,933.375,-0.14984734,-0.7707146562170237
4740000,1.3932011,1.5891574e-05,-1.082354365289575,966.75,-0.1767848,-1.0823543586884625
4750000,1.3931986,1.5290032e-05,-1.124068044568412,983.1,-0.10117755,-1.12406804272905
4760000,1.3932002,1.4696525e-05,-0.7818281373729405,1103.625,-0.08354537,-0.7202514041481274
4770000,1.3932012,1.4114892e-05,-1.0519962039649149,794.3636363636364,-0.16598375,-1.0654019643552601
4780000,1.3931985,1.3500727e-05,-0.9202585567792185,715.6111111111111,-0.13925818,-0.920258549404227
4790000,1.3931968,1.2888835e-05,-1.1048197935290065,788.6666666666666,-0.13235442,-1.1048198133293126
4800000,1.3931947,1.2298252e-05,-1.0826982436030028,832.4615384615385,-0.14377743,-1.0826982541296344
4810000,1.3931917,1.17169275e-05,-1.0880021980956371,709.625,-0.1196242,-1.0880021809134632
4820000,1.3931913,1.1116996e-05,-1.0548317749780836,941.5,-0.1444515,-1.0548317794455215
4830000,1.3931919,1.0492865e-05,-1.0267361028997515,755.5384615384615,-0.16671005,-1.0267361023534949
4840000,1.3931986,9.889148e-06,-1.1366062626641775,954.7142857142857,-0.14980094,-1.1366062579410416
4850000,1.3932123,9.301698e-06,-0.9446599934664037,1373.2222222222222,-0.13455841,-0.9446599884993501
4860000,1.3932317,8.701263e-06,-0.8935493599201436,851.4166666666666,-0.13866115,-0.8935493712003032
4870000,1.3932449,8.099662e-06,-0.7416615332975718,925.8571428571429,-0.09723006,-0.7416615732280272
4880000,1.3932486,7.506049e-06,-1.1008857505730703,1257.1666666666667,-0.108348824,-1.1008857490960509
4890000,1.3932476,6.909939e-06,-1.1516597645473667,1119.8,-0.10571753,-1.1516597360372542
4900000,1.3932481,6.306073e-06,-0.9603800959666842,804.4375,-0.14364475,-0.9520946846033136
4910000,1.3932579,5.7083566e-06,-1.1440532727283426,1021.5,-0.1467527,-1.1386539509350604
4920000,1.3932602,5.113699e-06,-0.9012842439101405,559.0625,-0.124579564,-0.9012842582305893
4930000,1.3932589,4.511097e-06,-1.1183347281359601,1011.3,-0.11174553,-1.1183347312733531
4940000,1.3932629,3.895813e-06,-1.0986104185641226,785.8888888888889,-0.10851485,-1.0986103856315215
4950000,1.3932629,3.2874934e-06,-1.0549642836095616,910.0909090909091,-0.1163484,-1.0549642708660527
4960000,1.3932583,2.7069746e-06,-1.110972245764887,1138.8181818181818,-0.100585304,-1.1109722373499111
4970000,1.393257,2.1087387e-06,-1.1388671816769471,1214.142857142857,-0.10792885,-1.1388671952965004
4980000,1.3932567,1.4919607e-06,-1.13060461074135,1005.6363636363636,-0.14628415,-1.130604619075629
4990000,1.3932571,8.8866983e-07,-1.1493823645414523,1098.0,-0.15400961,-1.1681966254753726
5000000,1.3932576,2.9878746e-07,-1.0516027005272917,922.7333333333333,-0.14226927,-1.0492522332817316
